TSSM_MIN,TSSM_MAX,PTPM,TV,BSHG
0.874,0.856,0.046,0.639,0.551
0.759,0.749,0.109,0.538,0.535
0.372,0.332,0.002,0.174,0.477
0.923,0.758,0.11,0.72,0.47
0.844,0.837,0.013,0.647,0.899
0.859,0.789,0.105,0.713,0.41
0.532,0.579,0.053,0.289,0.562
0.871,0.688,0.356,0.713,0.282
0.675,0.587,0.104,0.368,0.313
0.57,0.672,0.067,0.35,0.607
0.586,0.599,0.061,0.401,0.334
0.672,0.601,0.148,0.387,0.393
0.75,0.781,0.086,0.533,0.474
0.675,0.591,0.13,0.4,0.384
0.901,0.852,0.144,0.606,0.62
0.874,0.842,0.032,0.654,0.526
0.483,0.506,0.089,0.231,0.489
0.574,0.674,0.055,0.35,0.599
0.219,0.275,0.045,0.095,0.413
0.691,0.658,0.127,0.466,0.373
0.182,0.204,0.028,0.065,0.551
0.533,0.471,0.129,0.36,0.36
0.858,0.839,0.045,0.64,0.58
0.808,0.782,0.137,0.563,0.42
0.848,0.811,0.129,0.627,0.598
0.658,0.68,0.143,0.425,0.47
0.486,0.424,0.083,0.291,0.518
0.594,0.65,0.096,0.378,0.556
0.582,0.653,0.083,0.363,0.521
0.843,0.842,0.005,0.662,0.577
0.812,0.788,0.102,0.599,0.509
0.903,0.898,0.061,0.664,0.637
0.586,0.601,0.094,0.399,0.434
0.844,0.758,0.161,0.612,0.455
0.667,0.853,0.034,0.358,0.706
0.848,0.779,0.216,0.625,0.526
0.349,0.324,0.06,0.137,0.378
0.912,0.86,0.02,0.672,0.599
0.568,0.589,0.07,0.341,0.456
0.647,0.711,0.094,0.534,0.395
0.839,0.752,0.16,0.626,0.393
0.802,0.91,0.058,0.556,0.608
0.387,0.319,0.1,0.201,0.398
0.923,0.862,0.087,0.742,0.437
0.343,0.304,0.026,0.138,0.413
0.316,0.31,0.134,0.133,0.279
0.908,0.874,0.051,0.631,0.485
0.586,0.612,0.081,0.439,0.283
0.602,0.608,0.093,0.369,0.402
0.864,0.874,0.085,0.591,0.663
0.874,0.825,0.074,0.589,0.628
0.23,0.353,0.033,0.099,0.55
0.606,0.666,0.131,0.37,0.453
0.465,0.587,0.093,0.241,0.526
0.827,0.806,0.104,0.569,0.642
0.867,0.832,0.059,0.653,0.64
0.93,0.861,0.116,0.718,0.337
0.309,0.291,0.084,0.146,0.461
0.581,0.55,0.035,0.302,0.512
0.407,0.456,0.127,0.23,0.289
0.921,0.862,0.078,0.725,0.62
0.613,0.579,0.115,0.366,0.444
0.866,0.776,0.144,0.689,0.498
0.824,0.777,0.142,0.548,0.604
0.814,0.775,0.113,0.547,0.581
0.864,0.81,0.096,0.644,0.492
0.823,0.785,0.096,0.626,0.557
0.534,0.596,0.057,0.262,0.342
0.628,0.595,0.035,0.386,0.48
0.304,0.507,0.05,0.181,0.441
0.802,0.734,0.167,0.598,0.508
0.565,0.602,0.033,0.282,0.565
0.44,0.425,0.171,0.239,0.292
0.772,0.719,0.176,0.568,0.399
0.847,0.818,0.122,0.496,0.587
0.612,0.611,0.149,0.4,0.334
0.492,0.43,0.117,0.297,0.367
0.615,0.578,0.129,0.339,0.508
0.288,0.298,0.028,0.138,0.645
0.873,0.875,0.085,0.607,0.646
0.876,0.934,0.009,0.511,0.937
0.865,0.809,0.104,0.667,0.526
0.867,0.857,0.045,0.672,0.755
0.681,0.707,0.129,0.442,0.556
0.812,0.741,0.174,0.609,0.417
0.256,0.309,0.072,0.126,0.494
0.305,0.292,0.088,0.138,0.334
0.496,0.472,0.138,0.278,0.429
0.642,0.582,0.102,0.424,0.425
0.23,0.342,0.091,0.137,0.441
0.737,0.791,0.055,0.495,0.435
0.244,0.328,0.041,0.127,0.47
0.156,0.22,0.03,0.055,0.521
0.657,0.72,0.058,0.422,0.492
0.864,0.873,0.089,0.624,0.819
0.903,0.892,0.033,0.676,0.515
0.69,0.713,0.046,0.404,0.572
0.859,0.822,0.0,0.676,0.742
0.829,0.872,0.076,0.637,0.536
0.598,0.574,0.137,0.362,0.452
0.933,0.819,0.036,0.733,0.601
0.369,0.373,0.036,0.141,0.38
0.86,0.811,0.107,0.575,0.459
0.867,0.85,0.062,0.62,0.721
1.0,0.948,0.03,0.693,0.694
0.869,0.82,0.116,0.571,0.416
0.909,0.916,0.019,0.499,0.889
0.496,0.492,0.06,0.29,0.449
0.652,0.751,0.077,0.399,0.497
0.665,0.713,0.083,0.438,0.559
0.918,0.889,0.094,0.713,0.509
0.33,0.373,0.058,0.165,0.265
0.822,0.812,0.062,0.531,0.703
0.856,0.859,0.099,0.595,0.512
0.69,0.693,0.086,0.474,0.646
0.516,0.547,0.085,0.249,0.437
0.489,0.48,0.12,0.269,0.414
0.441,0.453,0.131,0.279,0.333
0.436,0.415,0.13,0.264,0.265
0.48,0.488,0.078,0.283,0.393
0.787,0.739,0.239,0.566,0.554
0.411,0.38,0.073,0.193,0.357
0.298,0.378,0.046,0.105,0.515
0.601,0.594,0.092,0.383,0.437
0.585,0.592,0.088,0.334,0.333
0.914,0.833,0.036,0.704,0.601
0.668,0.685,0.141,0.434,0.479
0.339,0.393,0.225,0.216,0.392
0.851,0.84,0.007,0.523,0.849
0.638,0.701,0.037,0.338,0.431
0.769,0.715,0.304,0.592,0.193
0.851,0.746,0.153,0.643,0.333
0.409,0.403,0.043,0.158,0.423
0.83,0.787,0.017,0.674,0.739
0.822,0.773,0.136,0.523,0.44
0.703,0.673,0.134,0.465,0.608
0.82,0.757,0.116,0.584,0.557
0.159,0.197,0.031,0.083,0.315
0.699,0.722,0.062,0.428,0.553
0.852,0.802,0.207,0.678,0.622
0.695,0.683,0.125,0.496,0.541
0.846,0.824,0.069,0.545,0.655
0.508,0.536,0.069,0.264,0.36
0.317,0.31,0.077,0.16,0.245
0.793,0.752,0.129,0.649,0.447
0.381,0.312,0.081,0.202,0.396
0.069,0.172,0.011,0.018,0.551
0.31,0.529,0.047,0.195,0.453
0.898,0.811,0.099,0.694,0.771
0.816,0.771,0.205,0.57,0.521
0.848,0.774,0.263,0.668,0.426
0.672,0.667,0.079,0.49,0.542
0.533,0.549,0.062,0.278,0.557
0.792,0.774,0.109,0.583,0.495
0.846,0.765,0.126,0.573,0.601
0.593,0.683,0.029,0.352,0.426
0.852,0.792,0.113,0.665,0.589
0.829,0.832,0.119,0.616,0.631
0.522,0.497,0.089,0.318,0.45
0.249,0.264,0.098,0.13,0.383
0.522,0.543,0.055,0.285,0.599
0.811,0.783,0.157,0.617,0.526
0.506,0.471,0.101,0.254,0.455
0.738,0.735,0.172,0.545,0.339
0.823,0.759,0.218,0.642,0.288
0.896,0.89,0.072,0.66,0.703
0.739,0.785,0.08,0.489,0.419
0.831,0.744,0.177,0.653,0.208
0.573,0.485,0.106,0.315,0.369
0.805,0.787,0.132,0.475,0.44
0.633,0.567,0.055,0.402,0.393
0.263,0.444,0.037,0.145,0.533
0.691,0.671,0.115,0.45,0.625
0.85,0.851,0.051,0.531,0.756
0.329,0.32,0.057,0.136,0.27
0.254,0.285,0.06,0.006,0.17
0.878,0.906,0.049,0.547,0.922
0.308,0.483,0.065,0.201,0.608
0.365,0.351,0.145,0.234,0.309
0.594,0.603,0.072,0.355,0.458
0.589,0.649,0.219,0.436,0.548
0.88,0.921,0.041,0.642,0.521
0.591,0.719,0.152,0.41,0.605
0.596,0.478,0.155,0.289,0.372
0.852,0.711,0.363,0.694,0.312
0.414,0.49,0.068,0.196,0.348
0.885,0.808,0.063,0.687,0.654
0.439,0.467,0.058,0.263,0.152
0.838,0.813,0.128,0.535,0.453
0.812,0.764,0.139,0.623,0.488
0.734,0.695,0.094,0.496,0.464
0.767,0.725,0.359,0.566,0.285
0.289,0.275,0.084,0.137,0.208
0.565,0.562,0.066,0.325,0.538
0.69,0.691,0.156,0.506,0.658
0.698,0.601,0.258,0.484,0.482
0.749,0.743,0.161,0.482,0.566
0.249,0.288,0.051,0.113,0.303
0.499,0.498,0.07,0.249,0.435
0.442,0.545,0.064,0.252,0.548
0.255,0.243,0.048,0.051,0.157
0.89,0.832,0.125,0.696,0.681
0.902,0.799,0.09,0.689,0.7
0.561,0.537,0.089,0.372,0.488
0.74,0.754,0.235,0.532,0.476
0.881,0.847,0.098,0.59,0.541
0.369,0.387,0.027,0.176,0.61
0.64,0.641,0.251,0.477,0.491
0.651,0.551,0.287,0.461,0.283
0.673,0.674,0.071,0.434,0.604
0.509,0.528,0.091,0.343,0.438
0.801,0.768,0.13,0.575,0.547
0.7,0.653,0.072,0.373,0.473
0.385,0.543,0.065,0.222,0.575
0.657,0.68,0.045,0.349,0.358
0.304,0.295,0.083,0.143,0.286
0.861,0.779,0.101,0.588,0.595
0.571,0.616,0.051,0.345,0.651
0.754,0.735,0.193,0.543,0.545
0.69,0.679,0.133,0.462,0.593
0.874,0.873,0.058,0.584,0.666
0.842,0.826,0.124,0.577,0.581
0.477,0.49,0.082,0.252,0.505
0.86,0.847,0.061,0.63,0.511
0.822,0.739,0.162,0.608,0.447
0.52,0.537,0.034,0.293,0.584
0.58,0.635,0.03,0.352,0.598
0.965,0.94,0.087,0.525,0.572
0.643,0.761,0.091,0.431,0.541
0.381,0.531,0.096,0.183,0.559
0.58,0.573,0.07,0.39,0.294
0.595,0.609,0.061,0.395,0.521
0.689,0.719,0.055,0.413,0.563
0.166,0.201,0.062,0.092,0.291
0.592,0.657,0.14,0.395,0.575
0.82,0.814,0.186,0.591,0.691
0.464,0.424,0.097,0.218,0.423
0.76,0.715,0.491,0.561,0.134
0.364,0.358,0.048,0.233,0.306
0.78,0.788,0.183,0.543,0.473
0.848,0.82,0.054,0.659,0.518
0.322,0.321,0.044,0.123,0.28
0.611,0.627,0.094,0.437,0.364
0.869,0.795,0.11,0.659,0.593
0.869,0.836,0.052,0.705,0.646
0.833,0.754,0.179,0.641,0.497
0.795,0.753,0.145,0.629,0.426
0.748,0.709,0.234,0.577,0.36
0.841,0.801,0.1,0.578,0.572
0.763,0.707,0.134,0.575,0.547
0.881,0.832,0.11,0.693,0.654
0.199,0.327,0.041,0.06,0.634
0.485,0.553,0.192,0.291,0.401
0.365,0.45,0.172,0.183,0.785
0.653,0.679,0.131,0.423,0.425
0.438,0.399,0.086,0.2,0.321
0.885,0.801,0.116,0.693,0.608
0.779,0.743,0.117,0.558,0.544
0.483,0.447,0.061,0.25,0.44
0.59,0.62,0.057,0.373,0.444
0.467,0.458,0.119,0.285,0.538
0.488,0.462,0.119,0.273,0.386
0.481,0.5,0.188,0.283,0.367
0.594,0.519,0.073,0.332,0.488
0.836,0.821,0.153,0.568,0.7
0.777,0.724,0.213,0.573,0.396
0.589,0.608,0.057,0.409,0.459
0.851,0.769,0.175,0.601,0.578
0.517,0.54,0.094,0.284,0.503
0.933,0.858,0.069,0.61,0.774
0.621,0.623,0.132,0.44,0.37
0.927,0.845,0.04,0.641,0.744
0.842,0.76,0.158,0.626,0.491
0.842,0.821,0.164,0.65,0.389
0.653,0.891,0.04,0.345,0.741
0.691,0.67,0.155,0.478,0.614
0.45,0.469,0.071,0.146,0.553
0.794,0.731,0.221,0.592,0.429
0.908,0.908,0.091,0.522,0.705
0.848,0.737,0.232,0.668,0.229
0.817,0.764,0.164,0.625,0.565
0.48,0.489,0.063,0.256,0.428
0.897,0.875,0.125,0.679,0.583
0.284,0.463,0.065,0.132,0.495
0.895,0.855,0.06,0.695,0.727
0.862,0.74,0.116,0.662,0.511
0.263,0.355,0.09,0.131,0.551
0.744,0.815,0.097,0.553,0.571
0.359,0.422,0.046,0.197,0.342
0.804,0.742,0.177,0.616,0.342
0.753,0.729,0.206,0.538,0.547
0.634,0.705,0.145,0.472,0.559
0.185,0.323,0.071,0.06,0.551
0.666,0.586,0.216,0.454,0.36
0.669,0.631,0.108,0.426,0.407
0.976,0.935,0.006,0.665,0.651
0.418,0.454,0.088,0.227,0.306
0.877,0.897,0.016,0.709,0.831
0.86,0.762,0.205,0.692,0.292
0.879,0.866,0.073,0.638,0.73
0.881,0.895,0.078,0.631,0.717
0.734,0.819,0.099,0.467,0.548
0.0,0.0,0.084,0.0,0.181
0.597,0.682,0.064,0.454,0.533
0.508,0.48,0.159,0.264,0.494
0.357,0.424,0.198,0.235,0.583
0.587,0.695,0.13,0.389,0.553
0.698,0.736,0.083,0.461,0.48
0.816,0.776,0.15,0.568,0.548
0.702,0.703,0.073,0.479,0.479
0.583,0.688,0.084,0.405,0.456
0.619,0.623,0.119,0.441,0.485
0.503,0.562,0.119,0.301,0.444
0.202,0.234,0.06,0.06,0.175
0.899,0.829,0.116,0.7,0.682
0.551,0.525,0.037,0.299,0.471
0.904,0.838,0.131,0.674,0.541
0.88,0.721,0.196,0.679,0.41
0.854,0.804,0.146,0.642,0.61
0.774,0.716,0.129,0.588,0.392
0.854,0.869,0.069,0.57,0.693
0.56,0.564,0.092,0.247,0.637
0.961,0.824,0.052,0.753,0.709
0.477,0.436,0.025,0.312,0.678
0.843,0.752,0.43,0.674,0.337
0.357,0.416,0.186,0.197,0.402
0.19,0.235,0.059,0.086,0.489
0.654,0.666,0.1,0.453,0.39
0.494,0.444,0.073,0.23,0.44
0.704,0.776,0.075,0.437,0.613
0.833,0.887,0.012,0.609,0.92
0.796,0.793,0.289,0.625,0.568
0.328,0.328,0.091,0.139,0.327
0.483,0.594,0.063,0.298,0.571
0.511,0.46,0.059,0.278,0.411
0.826,0.759,0.194,0.543,0.483
0.836,0.805,0.129,0.616,0.63
0.475,0.495,0.142,0.289,0.265
0.296,0.416,0.054,0.163,0.437
0.799,0.764,0.131,0.549,0.465
0.865,0.805,0.106,0.674,0.509
0.523,0.512,0.094,0.249,0.589
0.977,0.884,0.073,0.689,0.783
0.487,0.517,0.063,0.236,0.506
0.884,0.782,0.073,0.659,0.634
0.847,0.871,0.049,0.535,0.497
0.61,0.638,0.035,0.366,0.405
0.85,0.877,0.06,0.566,0.575
0.346,0.399,0.056,0.174,0.562
0.192,0.258,0.064,0.069,0.108
0.595,0.634,0.122,0.403,0.467
0.565,0.495,0.105,0.363,0.372
0.858,0.865,0.055,0.538,0.661
0.498,0.506,0.044,0.267,0.545
0.608,0.568,0.071,0.315,0.492
0.468,0.438,0.134,0.253,0.381
0.411,0.519,0.101,0.221,0.595
0.96,0.885,0.034,0.746,0.649
0.725,0.649,0.088,0.47,0.419
0.955,0.888,0.034,0.707,0.678
0.928,0.763,0.048,0.727,0.679
0.811,0.762,0.084,0.617,0.361
0.81,0.755,0.105,0.578,0.553
0.852,0.867,0.043,0.542,0.563
0.839,0.742,0.302,0.676,0.327
0.699,0.674,0.108,0.475,0.5
0.717,0.753,0.021,0.419,0.566
0.834,0.805,0.145,0.59,0.551
0.839,0.778,0.181,0.663,0.339
0.696,0.687,0.067,0.432,0.355
0.684,0.67,0.091,0.458,0.535
0.141,0.208,0.024,0.056,0.5
0.75,0.727,0.158,0.535,0.456
0.366,0.473,0.058,0.106,0.678
0.762,0.697,0.239,0.537,0.413
0.884,0.826,0.101,0.633,0.622
0.49,0.528,0.032,0.23,0.432
0.592,0.614,0.05,0.387,0.577
0.836,0.782,0.122,0.57,0.482
0.482,0.592,0.045,0.249,0.634
0.212,0.324,0.026,0.069,0.633
0.829,0.814,0.054,0.394,0.495
0.828,0.805,0.084,0.586,0.574
0.602,0.635,0.067,0.36,0.495
0.819,0.729,0.069,0.556,0.681
0.863,0.877,0.054,0.504,0.642
0.472,0.449,0.076,0.188,0.495
0.894,0.833,0.12,0.732,0.613
0.575,0.571,0.077,0.378,0.39
0.779,0.725,0.111,0.626,0.319
0.905,0.889,0.078,0.65,0.67
0.371,0.421,0.332,0.211,0.48
0.929,0.875,0.066,0.635,0.654
0.842,0.733,0.256,0.691,0.212
0.032,0.18,0.02,0.014,0.577
0.629,0.576,0.053,0.326,0.508
0.799,0.726,0.138,0.589,0.398
0.677,0.671,0.096,0.431,0.464
0.678,0.709,0.228,0.481,0.553
0.904,0.864,0.103,0.681,0.485
0.16,0.306,0.022,0.112,0.581
0.246,0.477,0.057,0.136,0.518
0.861,0.843,0.115,0.66,0.545
0.667,0.797,0.072,0.413,0.608
0.287,0.449,0.078,0.176,0.502
0.592,0.552,0.076,0.379,0.497
0.797,0.741,0.181,0.599,0.508
0.805,0.729,0.176,0.468,0.566
0.577,0.533,0.144,0.405,0.494
0.847,0.825,0.07,0.65,0.694
0.628,0.574,0.085,0.399,0.506
0.436,0.48,0.203,0.273,0.58
0.855,0.74,0.199,0.68,0.283
0.835,0.772,0.182,0.667,0.358
0.432,0.524,0.123,0.25,0.404
0.417,0.377,0.125,0.196,0.324
0.851,0.817,0.147,0.644,0.628
0.412,0.383,0.144,0.21,0.267
0.914,0.866,0.109,0.7,0.583
0.701,0.639,0.065,0.351,0.497
0.78,0.762,0.165,0.54,0.435
0.214,0.222,0.049,0.028,0.107
0.284,0.497,0.052,0.177,0.417
0.661,0.63,0.166,0.44,0.437
0.845,0.756,0.222,0.626,0.41
0.606,0.556,0.092,0.326,0.467
0.519,0.535,0.081,0.297,0.542
0.784,0.751,0.12,0.56,0.488
0.466,0.51,0.088,0.27,0.426
0.883,0.807,0.161,0.686,0.527
0.664,0.584,0.189,0.459,0.398
0.457,0.487,0.072,0.27,0.526
0.871,0.808,0.195,0.72,0.554
0.836,0.756,0.188,0.61,0.565
0.398,0.372,0.183,0.233,0.182
0.693,0.869,0.034,0.412,0.688
0.406,0.499,0.082,0.216,0.39
0.282,0.307,0.012,0.156,0.559
0.799,0.748,0.209,0.603,0.396
0.54,0.484,0.133,0.313,0.366
0.848,0.858,0.084,0.557,0.654
0.591,0.656,0.148,0.409,0.474
0.574,0.582,0.089,0.375,0.402
0.694,0.856,0.047,0.422,0.661
0.906,0.917,0.056,0.445,0.768
0.898,0.803,0.076,0.734,0.444
0.855,0.777,0.081,0.629,0.485
0.356,0.374,0.048,0.168,0.392
0.879,0.856,0.033,0.679,0.666
0.905,0.961,0.052,0.508,0.745
0.589,0.718,0.11,0.386,0.572
0.568,0.659,0.023,0.323,0.717
0.835,0.715,0.293,0.659,0.324
0.751,0.859,0.046,0.382,0.456
0.848,0.821,0.051,0.555,0.593
0.709,0.713,0.131,0.447,0.568
0.834,0.749,0.157,0.629,0.56
0.869,0.783,0.184,0.695,0.267
0.826,0.734,0.305,0.654,0.357
0.338,0.345,0.044,0.116,0.447
0.85,0.824,0.063,0.607,0.649
0.874,0.824,0.147,0.536,0.538
0.221,0.201,0.066,0.034,0.133
0.404,0.348,0.07,0.202,0.483
0.871,0.802,0.077,0.468,0.542
0.301,0.346,0.09,0.139,0.486
0.464,0.518,0.167,0.27,0.574
0.882,0.89,0.04,0.688,0.684
0.915,0.798,0.093,0.713,0.601
0.56,0.531,0.018,0.249,0.495
0.513,0.483,0.114,0.249,0.483
0.801,0.733,0.217,0.608,0.295
0.43,0.488,0.1,0.271,0.259
0.421,0.475,0.076,0.209,0.495
0.316,0.31,0.052,0.108,0.339
0.635,0.606,0.131,0.398,0.2
0.349,0.431,0.139,0.19,0.583
0.532,0.472,0.031,0.279,0.605
0.633,0.866,0.032,0.336,0.724
0.227,0.295,0.083,0.133,0.364
0.903,0.836,0.049,0.7,0.622
0.843,0.835,0.257,0.655,0.583
0.363,0.358,0.043,0.155,0.416
0.288,0.317,0.034,0.106,0.535
0.658,0.737,0.049,0.467,0.551
0.894,0.854,0.036,0.644,0.539
0.87,0.816,0.125,0.565,0.533
0.908,0.822,0.01,0.576,0.608
0.731,0.715,0.224,0.543,0.443
0.598,0.623,0.072,0.395,0.488
0.858,0.825,0.089,0.601,0.584
0.785,0.795,0.089,0.557,0.562
0.569,0.567,0.163,0.375,0.355
0.853,0.882,0.022,0.607,0.815
0.764,0.748,0.036,0.434,0.611
0.458,0.393,0.142,0.277,0.325
0.719,0.653,0.027,0.332,0.458
0.482,0.535,0.062,0.285,0.396
0.831,0.727,0.41,0.641,0.295
0.336,0.426,0.023,0.103,0.619
0.802,0.754,0.168,0.609,0.395
0.603,0.636,0.101,0.425,0.361
0.852,0.839,0.089,0.55,0.547
0.801,0.765,0.074,0.607,0.456
0.816,0.764,0.216,0.63,0.459
0.728,0.668,0.217,0.464,0.336
0.899,0.804,0.07,0.701,0.571
0.786,0.737,0.183,0.61,0.429
0.579,0.597,0.042,0.345,0.425
0.478,0.451,0.047,0.145,0.547
0.852,0.797,0.055,0.675,0.67
0.262,0.452,0.039,0.125,0.533
0.795,0.757,0.172,0.604,0.426
0.648,0.665,0.074,0.376,0.423
0.741,0.742,0.044,0.399,0.586
0.872,0.903,0.034,0.749,0.7
0.237,0.274,0.058,0.111,0.28
0.803,0.749,0.119,0.605,0.42
0.563,0.703,0.103,0.374,0.596
0.753,0.77,0.094,0.523,0.685
0.818,0.802,0.052,0.611,0.53
0.863,0.78,0.118,0.705,0.377
0.572,0.492,0.099,0.371,0.407
0.825,0.743,0.183,0.656,0.401
0.68,0.637,0.076,0.44,0.455
0.789,0.736,0.139,0.563,0.456
0.867,0.875,0.065,0.617,0.663
0.497,0.49,0.06,0.273,0.58
0.352,0.35,0.052,0.131,0.324
0.39,0.419,0.073,0.244,0.315
0.371,0.477,0.04,0.229,0.755
0.825,0.763,0.135,0.567,0.587
0.84,0.805,0.203,0.667,0.3
0.469,0.455,0.137,0.282,0.486
0.861,0.823,0.067,0.65,0.634
0.713,0.724,0.068,0.415,0.387
0.81,0.733,0.124,0.54,0.355
0.907,0.855,0.111,0.701,0.602
0.842,0.769,0.167,0.699,0.372
0.901,0.845,0.101,0.704,0.633
0.841,0.784,0.283,0.681,0.426
0.805,0.732,0.206,0.633,0.422
0.558,0.562,0.068,0.345,0.289
0.822,0.834,0.079,0.503,0.566
0.583,0.705,0.017,0.337,0.702
0.814,0.741,0.163,0.607,0.55
0.731,0.665,0.228,0.473,0.312
0.818,0.762,0.158,0.625,0.486
0.799,0.807,0.041,0.437,0.521
0.828,0.797,0.07,0.55,0.639
0.877,0.869,0.027,0.665,0.566
0.655,0.628,0.063,0.333,0.596
0.787,0.748,0.169,0.603,0.435
0.732,0.795,0.098,0.458,0.452
0.904,0.865,0.087,0.557,0.753
0.578,0.486,0.118,0.343,0.404
0.858,0.816,0.122,0.635,0.667
0.329,0.343,0.058,0.136,0.401
0.827,0.823,0.086,0.521,0.523
0.807,0.791,0.158,0.546,0.724
0.747,0.645,0.18,0.514,0.221
0.742,0.775,0.136,0.507,0.53
0.282,0.274,0.089,0.116,0.211
0.387,0.454,0.122,0.199,0.349
0.279,0.257,0.081,0.122,0.236
0.887,0.906,0.032,0.6,0.498
0.657,0.667,0.07,0.376,0.389
0.25,0.445,0.034,0.138,0.381
0.868,0.882,0.06,0.463,0.691
0.272,0.371,0.031,0.099,0.63
0.873,0.715,0.283,0.708,0.363
0.777,0.715,0.28,0.613,0.358
0.783,0.744,0.105,0.613,0.423
0.353,0.367,0.051,0.132,0.438
0.256,0.256,0.063,0.109,0.25
0.754,0.689,0.171,0.481,0.349
0.552,0.466,0.134,0.341,0.288
0.867,0.664,0.212,0.705,0.33
0.832,0.824,0.128,0.576,0.607
0.848,0.725,0.273,0.689,0.172
0.874,0.806,0.154,0.624,0.571
0.841,0.864,0.051,0.736,0.661
0.532,0.561,0.263,0.35,0.497
0.597,0.571,0.13,0.365,0.495
0.844,0.789,0.227,0.614,0.575
0.679,0.687,0.062,0.404,0.498
0.655,0.707,0.089,0.538,0.447
0.599,0.601,0.063,0.347,0.273
0.547,0.476,0.189,0.35,0.392
0.5,0.497,0.084,0.272,0.375
0.883,0.915,0.038,0.502,0.804
0.472,0.459,0.135,0.279,0.31
0.773,0.777,0.146,0.547,0.422
0.568,0.583,0.06,0.347,0.33
0.819,0.868,0.023,0.632,0.741
0.788,0.742,0.176,0.555,0.443
0.84,0.893,0.009,0.681,0.623
0.727,0.711,0.092,0.51,0.526
0.691,0.559,0.192,0.478,0.119
0.603,0.614,0.11,0.43,0.358
0.284,0.456,0.062,0.152,0.483
0.508,0.594,0.036,0.279,0.614
0.68,0.681,0.225,0.479,0.242
0.285,0.281,0.112,0.131,0.235
0.927,0.84,0.019,0.684,0.627
0.813,0.765,0.195,0.607,0.488
0.932,0.882,0.033,0.567,0.768
0.874,0.797,0.117,0.629,0.508
0.874,0.881,0.056,0.661,0.732
0.893,0.86,0.091,0.591,0.694
0.697,0.701,0.072,0.429,0.456
0.822,0.846,0.037,0.521,0.596
0.783,0.843,0.001,0.627,0.752
0.24,0.272,0.145,0.134,0.301
0.42,0.516,0.138,0.268,0.482
0.45,0.409,0.067,0.224,0.416
0.959,0.788,0.036,0.73,0.73
0.5,0.526,0.083,0.267,0.495
0.758,0.676,0.192,0.47,0.364
0.663,0.641,0.117,0.439,0.524
0.329,0.315,0.203,0.21,0.19
0.381,0.455,0.123,0.158,0.471
0.93,0.78,0.113,0.722,0.657
0.91,0.815,0.145,0.587,0.479
0.892,0.838,0.121,0.638,0.646
0.843,0.809,0.127,0.677,0.572
0.714,0.717,0.0,0.457,0.536
0.669,0.679,0.293,0.494,0.44
0.475,0.531,0.106,0.249,0.398
0.803,0.769,0.127,0.591,0.557
0.778,0.718,0.18,0.574,0.381
0.906,0.74,0.114,0.69,0.55
0.935,0.762,0.061,0.682,0.687
0.639,0.664,0.065,0.405,0.444
0.36,0.335,0.043,0.166,0.322
0.579,0.595,0.102,0.39,0.488
0.313,0.502,0.049,0.14,0.408
0.871,0.819,0.067,0.609,0.703
0.876,0.863,0.081,0.698,0.601
0.65,0.621,0.083,0.495,0.236
0.579,0.556,0.113,0.358,0.244
0.543,0.621,0.044,0.33,0.574
0.46,0.432,0.101,0.257,0.33
0.891,0.843,0.09,0.745,0.661
0.47,0.451,0.081,0.225,0.411
0.896,0.834,0.121,0.737,0.758
0.903,0.838,0.15,0.729,0.651
0.892,0.823,0.101,0.693,0.634
0.822,0.821,0.09,0.572,0.559
0.913,0.854,0.095,0.707,0.574
0.627,0.539,0.282,0.432,0.223
0.385,0.442,0.222,0.224,0.586
0.471,0.516,0.112,0.267,0.69
0.356,0.396,0.266,0.203,0.417
0.712,0.752,0.042,0.478,0.593
0.494,0.477,0.178,0.289,0.41
0.856,0.776,0.265,0.678,0.538
0.78,0.769,0.187,0.585,0.509
0.416,0.38,0.124,0.21,0.229
0.893,0.872,0.074,0.54,0.699
0.288,0.251,0.062,0.126,0.247
0.539,0.544,0.095,0.246,0.636
0.979,0.984,0.078,0.76,0.828
0.66,0.708,0.139,0.544,0.417
0.942,0.764,0.113,0.713,0.533
0.33,0.337,0.038,0.104,0.456
0.518,0.496,0.123,0.235,0.458
0.713,0.621,0.207,0.501,0.309
0.854,0.782,0.088,0.66,0.547
0.823,0.844,0.067,0.523,0.678
0.972,0.811,0.033,0.744,0.568
0.559,0.497,0.198,0.329,0.41
0.316,0.481,0.037,0.157,0.663
0.616,0.509,0.282,0.415,0.146
0.575,0.593,0.112,0.396,0.476
0.654,0.674,0.072,0.401,0.37
0.502,0.621,0.005,0.264,0.505
0.823,0.72,0.324,0.643,0.292
0.566,0.421,0.243,0.293,0.16
0.834,0.812,0.027,0.592,0.667
0.801,0.742,0.173,0.657,0.456
0.859,0.841,0.081,0.63,0.562
0.843,0.695,0.429,0.675,0.226
0.51,0.562,0.084,0.261,0.426
0.675,0.704,0.221,0.468,0.565
0.548,0.547,0.07,0.332,0.47
0.655,0.66,0.078,0.373,0.381
0.837,0.786,0.185,0.537,0.437
0.025,0.027,0.054,0.011,0.259
0.845,0.749,0.118,0.617,0.386
0.869,0.858,0.076,0.595,0.62
0.902,0.837,0.076,0.684,0.58
0.835,0.708,0.434,0.666,0.288
0.234,0.51,0.014,0.119,0.81
0.876,0.84,0.131,0.709,0.599
0.812,0.784,0.192,0.578,0.452
0.858,0.812,0.07,0.638,0.586
0.524,0.5,0.087,0.259,0.557
0.87,0.905,0.059,0.552,0.842
0.899,0.893,0.051,0.653,0.63
0.645,0.529,0.286,0.427,0.133
0.655,0.568,0.13,0.448,0.617
0.333,0.311,0.1,0.142,0.419
0.829,0.792,0.106,0.589,0.583
0.872,0.799,0.056,0.625,0.512
0.431,0.445,0.068,0.277,0.449
0.412,0.382,0.062,0.185,0.333
0.482,0.562,0.149,0.269,0.474
0.815,0.785,0.173,0.622,0.372
0.877,0.796,0.159,0.646,0.524
0.495,0.469,0.075,0.292,0.485
0.909,0.857,0.07,0.657,0.639
0.794,0.697,0.163,0.572,0.473
0.823,0.746,0.149,0.578,0.503
0.842,0.847,0.07,0.553,0.604
0.666,0.68,0.274,0.495,0.494
0.657,0.538,0.106,0.386,0.337
0.773,0.738,0.175,0.518,0.508
0.813,0.725,0.18,0.499,0.589
0.793,0.745,0.115,0.599,0.462
0.224,0.304,0.047,0.1,0.375
0.556,0.523,0.057,0.318,0.503
0.842,0.775,0.112,0.658,0.411
0.887,0.79,0.073,0.66,0.53
0.785,0.771,0.099,0.511,0.435
0.652,0.631,0.124,0.413,0.551
0.477,0.49,0.112,0.29,0.467
0.605,0.651,0.115,0.375,0.44
0.833,0.8,0.111,0.561,0.497
0.846,0.854,0.017,0.517,0.345
0.799,0.737,0.173,0.528,0.432
0.853,0.816,0.084,0.628,0.486
0.686,0.729,0.028,0.409,0.628
0.487,0.42,0.132,0.285,0.185
0.497,0.452,0.101,0.307,0.39
0.68,0.59,0.276,0.451,0.438
0.8,0.768,0.125,0.627,0.333
0.779,0.736,0.091,0.544,0.577
0.829,0.824,0.078,0.573,0.699
0.888,0.882,0.093,0.666,0.492
0.435,0.498,0.093,0.258,0.417
0.606,0.665,0.127,0.406,0.474
0.616,0.7,0.125,0.371,0.357
0.883,0.767,0.157,0.722,0.479
0.645,0.615,0.092,0.385,0.518
0.208,0.288,0.139,0.134,0.386
0.489,0.508,0.069,0.262,0.381
0.884,0.83,0.121,0.617,0.697
0.926,0.853,0.077,0.687,0.477
0.833,0.761,0.148,0.665,0.39
0.904,0.857,0.064,0.739,0.705
0.698,0.698,0.057,0.48,0.596
0.921,0.753,0.003,0.636,0.691
0.875,0.879,0.038,0.632,0.625
0.804,0.759,0.169,0.594,0.518
0.619,0.649,0.058,0.408,0.498
0.882,0.824,0.001,0.662,0.756
0.496,0.45,0.15,0.248,0.441
0.343,0.338,0.184,0.223,0.217
0.411,0.477,0.079,0.256,0.199
0.62,0.668,0.042,0.406,0.652
0.885,0.692,0.343,0.727,0.298
0.837,0.736,0.432,0.672,0.286
0.578,0.58,0.062,0.342,0.467
0.484,0.536,0.057,0.288,0.464
0.622,0.588,0.085,0.467,0.361
0.75,0.719,0.299,0.521,0.319
0.29,0.468,0.039,0.14,0.503
0.747,0.845,0.047,0.432,0.742
0.843,0.85,0.054,0.465,0.648
0.749,0.72,0.112,0.456,0.587
0.675,0.708,0.103,0.397,0.578
0.858,0.797,0.126,0.689,0.623
0.751,0.804,0.13,0.483,0.514
0.531,0.482,0.065,0.292,0.584
0.866,0.828,0.095,0.686,0.477
0.833,0.75,0.136,0.675,0.218
0.333,0.298,0.122,0.136,0.279
0.859,0.859,0.041,0.585,0.672
0.403,0.374,0.134,0.194,0.316
0.865,0.892,0.012,0.685,0.672
0.885,0.908,0.05,0.485,0.875
0.809,0.74,0.098,0.62,0.422
0.479,0.486,0.156,0.262,0.378
0.843,0.853,0.039,0.608,0.765
0.348,0.372,0.045,0.146,0.366
0.864,0.683,0.314,0.707,0.3
0.7,0.636,0.049,1.0,0.521
0.763,0.666,0.179,0.551,0.267
0.899,0.856,0.031,0.635,0.679
0.76,0.75,0.201,0.585,0.386
0.873,0.714,0.55,0.692,0.327
0.873,0.858,0.102,0.617,0.498
0.309,0.295,0.091,0.132,0.383
0.835,0.807,0.136,0.616,0.584
0.646,0.639,0.304,0.487,0.361
0.868,0.836,0.099,0.682,0.569
0.851,0.822,0.09,0.607,0.566
0.592,0.596,0.097,0.379,0.31
0.555,0.542,0.069,0.34,0.476
0.767,0.737,0.244,0.535,0.283
0.789,0.755,0.176,0.568,0.325
0.637,0.58,0.076,0.33,0.449
0.878,0.839,0.048,0.696,0.694
0.845,0.803,0.105,0.587,0.527
0.534,0.469,0.15,0.327,0.316
0.171,0.194,0.051,0.093,0.367
0.827,0.787,0.148,0.581,0.586
0.515,0.531,0.055,0.299,0.447
0.74,0.744,0.208,0.537,0.646
0.645,0.685,0.112,0.358,0.53
0.244,0.243,0.062,0.049,0.179
0.616,0.644,0.133,0.414,0.426
0.903,0.839,0.04,0.665,0.633
0.839,0.753,0.271,0.644,0.426
0.862,0.809,0.149,0.657,0.699
0.66,0.664,0.17,0.487,0.553
0.903,0.853,0.102,0.704,0.792
0.843,0.742,0.2,0.682,0.304
0.838,0.778,0.172,0.479,0.608
0.818,0.722,0.09,0.573,0.62
0.81,0.779,0.106,0.586,0.535
0.924,0.803,0.12,0.756,0.482
0.927,0.898,0.064,0.605,0.691
0.192,0.204,0.056,0.076,0.389
0.901,0.864,0.036,0.666,0.625
0.68,0.661,0.134,0.533,0.53
0.844,0.766,0.182,0.676,0.554
0.612,0.599,0.076,0.395,0.456
0.682,0.646,0.092,0.523,0.485
0.789,0.749,0.201,0.592,0.417
0.347,0.422,0.186,0.188,0.586
0.831,0.767,0.126,0.552,0.633
0.649,0.708,0.13,0.537,0.446
0.69,0.689,0.149,0.484,0.622
0.873,0.823,0.1,0.628,0.532
0.835,0.754,0.13,0.586,0.619
0.447,0.457,0.146,0.274,0.285
0.858,0.774,0.135,0.5,0.447
0.854,0.805,0.136,0.597,0.633
0.925,0.92,0.063,0.562,0.902
0.85,0.863,0.048,0.517,0.526
0.857,0.779,0.098,0.653,0.527
0.855,0.707,0.223,0.676,0.361
0.564,0.582,0.059,0.289,0.526
0.771,0.716,0.109,0.633,0.592
0.855,0.809,0.151,0.641,0.61
0.907,0.872,0.124,0.657,0.455
0.829,0.745,0.105,0.545,0.614
0.908,0.841,0.129,0.713,0.687
0.795,0.812,0.079,0.532,0.601
0.831,0.739,0.518,0.667,0.31
0.615,0.52,0.186,0.416,0.163
0.896,0.831,0.065,0.648,0.467
0.87,0.756,0.09,0.681,0.503
0.58,0.491,0.077,0.374,0.309
0.903,0.879,0.048,0.634,0.736
0.792,0.766,0.095,0.599,0.425
0.96,0.771,0.027,0.772,0.572
0.457,0.459,0.098,0.292,0.459
0.389,0.409,0.042,0.17,0.27
0.489,0.551,0.063,0.269,0.539
0.194,0.257,0.074,0.098,0.286
0.829,0.851,0.08,0.603,0.59
0.389,0.301,0.102,0.161,0.346
0.845,0.767,0.127,0.688,0.432
0.868,0.85,0.147,0.696,0.553
0.787,0.718,0.108,0.596,0.364
0.396,0.38,0.043,0.167,0.336
0.813,0.764,0.082,0.584,0.438
0.676,0.698,0.077,0.405,0.595
0.587,0.609,0.046,0.328,0.483
0.814,0.803,0.157,0.592,0.511
0.827,0.646,0.557,0.647,0.164
0.799,0.785,0.086,0.577,0.444
0.224,0.293,0.103,0.125,0.367
0.585,0.569,0.151,0.386,0.372
0.985,0.856,0.099,0.841,0.931
0.454,0.465,0.121,0.259,0.42
0.872,0.855,0.101,0.546,0.767
0.82,0.778,0.147,0.623,0.544
0.497,0.519,0.076,0.263,0.242
0.371,0.377,0.017,0.176,0.584
0.898,0.811,0.109,0.666,0.536
0.697,0.748,0.024,0.467,0.648
0.273,0.299,0.074,0.124,0.315
0.405,0.454,0.092,0.206,0.325
0.643,0.609,0.108,0.411,0.444
0.603,0.492,0.128,0.297,0.423
0.603,0.59,0.058,0.384,0.164
0.793,0.731,0.141,0.603,0.566
0.807,0.767,0.16,0.652,0.396
0.797,0.806,0.164,0.555,0.551
0.738,0.674,0.154,0.493,0.36
0.348,0.446,0.04,0.197,0.649
0.811,0.781,0.12,0.599,0.473
0.386,0.492,0.075,0.189,0.437
0.789,0.875,0.0,0.649,0.786
0.597,0.69,0.12,0.417,0.426
0.834,0.771,0.191,0.517,0.471
0.824,0.834,0.028,0.478,0.435
0.615,0.551,0.063,0.304,0.473
0.695,0.855,0.033,0.426,0.675
0.835,0.874,0.031,0.625,0.824
0.324,0.416,0.106,0.195,0.477
0.077,0.153,0.056,0.021,0.488
0.817,0.791,0.169,0.573,0.392
0.901,0.839,0.108,0.678,0.589
0.642,0.634,0.077,0.357,0.551
0.287,0.487,0.07,0.165,0.431
0.277,0.335,0.032,0.131,0.572
0.723,0.701,0.093,0.436,0.559
0.857,0.838,0.017,0.64,0.628
0.557,0.519,0.129,0.331,0.446
0.426,0.485,0.141,0.227,0.497
0.28,0.263,0.151,0.131,0.25
0.306,0.313,0.069,0.126,0.258
0.907,0.863,0.057,0.47,0.488
0.501,0.478,0.104,0.26,0.477
0.379,0.46,0.034,0.204,0.452
0.485,0.496,0.087,0.304,0.36
0.593,0.583,0.039,0.359,0.377
0.871,0.773,0.166,0.654,0.565
0.516,0.468,0.08,0.312,0.408
0.692,0.722,0.043,0.404,0.565
0.905,0.83,0.096,0.648,0.431
0.015,0.226,0.008,0.02,0.627
0.683,0.642,0.099,0.396,0.363
0.671,0.873,0.008,0.391,0.789
0.827,0.85,0.054,0.514,0.648
0.635,0.609,0.095,0.348,0.53
0.799,0.74,0.183,0.605,0.447
0.814,0.747,0.213,0.585,0.492
0.745,0.751,0.132,0.545,0.383
0.857,0.821,0.166,0.676,0.47
0.588,0.476,0.107,0.296,0.264
0.19,0.177,0.055,0.097,0.224
0.723,0.791,0.032,0.478,0.392
0.418,0.421,0.083,0.145,0.557
0.619,0.651,0.132,0.42,0.447
0.193,0.375,0.032,0.064,0.673
0.88,0.874,0.059,0.478,0.706
0.662,0.564,0.175,0.481,0.3
0.464,0.434,0.065,0.213,0.473
0.871,0.717,0.048,0.623,0.39
0.633,0.658,0.11,0.397,0.402
0.874,0.682,0.258,0.711,0.298
0.426,0.406,0.069,0.256,0.318
0.801,0.738,0.267,0.612,0.364
0.339,0.289,0.011,0.123,0.542
0.661,0.674,0.106,0.431,0.45
0.51,0.518,0.048,0.291,0.575
0.716,0.776,0.118,0.448,0.455
0.859,0.774,0.175,0.619,0.527
0.953,0.936,0.045,0.514,0.654
0.546,0.523,0.065,0.341,0.529
0.895,0.805,0.013,0.618,0.667
0.45,0.45,0.085,0.238,0.455
0.455,0.419,0.08,0.233,0.285
0.507,0.527,0.133,0.258,0.498
0.71,0.751,0.03,0.404,0.553
0.619,0.621,0.037,0.362,0.452
0.746,0.706,0.219,0.515,0.502
0.406,0.492,0.038,0.185,0.443
0.841,0.835,0.124,0.547,0.699
0.607,0.611,0.076,0.405,0.286
0.871,0.649,0.377,0.705,0.271
0.872,0.815,0.086,0.611,0.569
0.811,0.737,0.109,0.645,0.437
0.492,0.451,0.074,0.193,0.562
0.227,0.436,0.058,0.126,0.498
0.562,0.555,0.066,0.328,0.432
0.508,0.522,0.038,0.282,0.649
0.883,0.85,0.046,0.686,0.581
0.908,0.812,0.057,0.688,0.551
0.25,0.302,0.05,0.137,0.413
0.863,0.822,0.051,0.541,0.58
0.92,0.75,0.013,0.644,0.748
0.804,0.75,0.112,0.648,0.476
0.429,0.39,0.115,0.207,0.328
0.699,0.554,0.252,0.472,0.227
0.861,0.687,0.287,0.705,0.328
0.863,0.807,0.165,0.665,0.464
0.463,0.478,0.108,0.262,0.309
0.848,0.761,0.145,0.701,0.349
0.836,0.789,0.274,0.627,0.566
0.822,0.767,0.149,0.545,0.61
0.559,0.615,0.051,0.295,0.608
0.635,0.668,0.099,0.413,0.429
0.38,0.507,0.089,0.2,0.557
0.626,0.614,0.094,0.322,0.515
0.727,0.739,0.192,0.511,0.411
0.893,0.846,0.124,0.655,0.639
0.738,0.723,0.189,0.504,0.473
0.843,0.872,0.133,0.539,0.563
0.803,0.739,0.21,0.626,0.414
0.885,0.831,0.005,0.721,0.565
0.506,0.471,0.067,0.311,0.477
0.562,0.527,0.132,0.345,0.31
0.768,0.696,0.224,0.431,0.574
0.321,0.299,0.054,0.145,0.423
0.256,0.303,0.101,0.124,0.357
0.767,0.764,0.256,0.556,0.491
0.808,0.819,0.076,0.539,0.672
0.859,0.817,0.079,0.635,0.596
0.321,0.415,0.092,0.191,0.446
0.667,0.617,0.011,0.354,0.753
0.892,0.736,0.234,0.655,0.45
0.844,0.789,0.112,0.614,0.502
0.876,0.675,0.348,0.705,0.205
0.691,0.871,0.03,0.356,0.657
0.883,0.863,0.069,0.55,0.679
0.907,0.749,0.011,0.642,0.61
0.892,0.829,0.11,0.616,0.547
0.905,0.883,0.068,0.696,0.706
0.75,0.795,0.091,0.553,0.52
0.729,0.809,0.083,0.436,0.485
0.813,0.736,0.133,0.62,0.541
0.567,0.578,0.07,0.246,0.623
0.802,0.747,0.142,0.586,0.514
0.829,0.805,0.109,0.606,0.538
0.783,0.732,0.265,0.588,0.271
0.685,0.637,0.192,0.461,0.497
0.497,0.468,0.112,0.278,0.367
0.775,0.733,0.145,0.581,0.657
0.846,0.813,0.069,0.612,0.419
0.82,0.758,0.128,0.535,0.66
0.862,0.827,0.148,0.58,0.595
0.614,0.636,0.082,0.381,0.44
0.854,0.879,0.09,0.596,0.636
0.86,0.827,0.127,0.633,0.503
0.236,0.342,0.045,0.128,0.495
0.576,0.598,0.07,0.362,0.474
0.819,0.883,0.043,0.548,0.739
0.427,0.468,0.062,0.134,0.611
0.132,0.229,0.022,0.048,0.614
0.461,0.479,0.104,0.282,0.373
0.868,0.811,0.088,0.477,0.645
0.366,0.282,0.062,0.146,0.414
0.258,0.482,0.015,0.136,0.538
0.317,0.42,0.082,0.199,0.399
0.424,0.345,0.108,0.201,0.154
0.415,0.502,0.157,0.224,0.657
0.87,0.682,0.354,0.712,0.319
0.713,0.633,0.309,0.515,0.431
0.86,0.834,0.122,0.636,0.625
0.339,0.374,0.06,0.152,0.303
0.766,0.792,0.014,0.426,0.617
0.823,0.803,0.1,0.67,0.627
0.854,0.765,0.128,0.602,0.631
0.897,0.721,1.0,0.728,0.458
0.905,0.885,0.025,0.698,0.696
0.803,0.792,0.173,0.525,0.628
0.635,0.701,0.047,0.373,0.495
0.731,0.757,0.158,0.522,0.446
0.81,0.759,0.178,0.6,0.419
0.845,0.846,0.063,0.522,0.72
0.336,0.496,0.064,0.173,0.557
0.462,0.455,0.022,0.157,0.524
0.88,0.811,0.126,0.614,0.598
0.787,0.735,0.229,0.594,0.449
0.537,0.504,0.044,0.221,0.489
0.577,0.616,0.05,0.351,0.428
0.767,0.749,0.213,0.555,0.414
0.474,0.518,0.081,0.261,0.357
0.353,0.482,0.101,0.15,0.389
0.728,0.645,0.21,0.512,0.491
0.278,0.459,0.046,0.154,0.536
0.835,0.687,0.624,0.681,0.22
0.942,0.856,0.071,0.618,0.694
0.632,0.607,0.095,0.426,0.521
0.567,0.676,0.017,0.378,0.425
0.762,0.736,0.097,0.472,0.524
0.85,0.74,0.028,0.588,0.575
0.675,0.608,0.125,0.423,0.289
0.873,0.865,0.038,0.673,0.794
0.435,0.391,0.089,0.198,0.322
0.927,0.82,0.077,0.69,0.755
0.327,0.353,0.052,0.156,0.339
0.49,0.425,0.2,0.29,0.318
0.83,0.813,0.109,0.589,0.506
0.378,0.365,0.14,0.24,0.172
0.934,0.762,0.106,0.738,0.545
0.866,0.869,0.028,0.472,0.583
0.786,0.754,0.17,0.621,0.45
0.923,0.829,0.097,0.695,0.45
0.694,0.669,0.069,0.499,0.589
0.4,0.532,0.031,0.186,0.488
0.85,0.874,0.065,0.678,0.649
0.758,0.716,0.238,0.552,0.238
0.493,0.525,0.06,0.24,0.447
0.642,0.618,0.122,0.465,0.473
0.881,0.819,0.032,0.654,0.711
0.938,0.858,0.051,0.731,0.758
0.732,0.742,0.142,0.532,0.37
0.642,0.588,0.213,0.42,0.517
0.706,0.642,0.063,0.333,0.515
0.816,0.768,0.087,0.605,0.464
0.596,0.712,0.124,0.389,0.553
0.779,0.781,0.198,0.558,0.532
0.463,0.526,0.128,0.269,0.377
0.861,0.771,0.037,0.602,0.657
0.456,0.421,0.129,0.28,0.422
0.553,0.491,0.136,0.326,0.381
0.866,0.899,0.014,0.549,0.962
0.455,0.529,0.056,0.212,0.404
0.811,0.747,0.146,0.553,0.563
0.815,0.753,0.146,0.571,0.538
0.788,0.73,0.126,0.598,0.426
0.885,0.775,0.159,0.67,0.547
0.578,0.584,0.105,0.367,0.402
0.629,0.524,0.306,0.423,0.247
0.478,0.455,0.139,0.255,0.271
0.91,0.856,0.142,0.644,0.625
0.87,0.864,0.038,0.611,0.797
0.843,0.83,0.196,0.681,0.502
0.873,0.838,0.278,0.653,0.358
0.587,0.701,0.083,0.403,0.554
0.837,0.769,0.209,0.673,0.357
0.746,0.662,0.174,0.481,0.276
0.375,0.414,0.039,0.18,0.535
0.841,0.811,0.097,0.582,0.599
0.744,0.689,0.094,0.507,0.354
0.539,0.562,0.144,0.308,0.45
0.367,0.43,0.136,0.213,0.62
0.891,0.777,0.102,0.686,0.584
0.871,0.864,0.191,0.671,0.583
0.815,0.829,0.102,0.668,0.706
0.215,0.432,0.051,0.103,0.587
0.808,0.756,0.111,0.572,0.554
0.274,0.512,0.041,0.26,0.502
0.621,0.516,0.318,0.377,0.431
0.603,0.752,0.135,0.403,0.614
0.904,0.831,0.0,0.676,0.636
0.798,0.77,0.184,0.584,0.393
0.343,0.429,0.164,0.19,0.613
0.663,0.609,0.047,0.438,0.405
0.755,0.747,0.115,0.401,0.565
0.562,0.635,0.031,0.358,0.488
0.637,0.63,0.087,0.44,0.446
0.843,0.804,0.067,0.688,0.619
0.825,0.758,0.219,0.667,0.428
0.977,0.957,0.059,0.523,0.798
0.345,0.353,0.028,0.147,0.559
0.274,0.479,0.063,0.146,0.473
0.527,0.522,0.059,0.325,0.521
0.762,0.706,0.159,0.571,0.395
0.606,0.633,0.075,0.365,0.423
0.781,0.739,0.105,0.555,0.565
0.537,0.527,0.038,0.285,0.605
0.694,0.619,0.212,0.494,0.3
0.821,0.803,0.097,0.529,0.627
0.709,0.69,0.175,0.42,0.535
0.323,0.333,0.054,0.132,0.345
0.681,0.659,0.124,0.44,0.486
0.819,0.734,0.235,0.639,0.297
0.401,0.49,0.091,0.203,0.399
0.928,0.78,0.142,0.799,0.505
0.655,0.705,0.089,0.415,0.538
0.219,0.298,0.019,0.066,0.377
0.728,0.782,0.105,0.493,0.437
0.681,0.649,0.048,0.431,0.562
0.893,0.788,0.139,0.655,0.541
0.535,0.534,0.019,0.228,0.462
0.831,0.774,0.074,0.601,0.488
0.868,0.802,0.147,0.631,0.625
0.948,0.869,0.049,0.566,0.745
0.665,0.635,0.05,0.513,0.482
0.637,0.533,0.116,0.344,0.364
0.898,0.82,0.082,0.696,0.584
0.842,0.752,0.145,0.613,0.345
0.601,0.604,0.058,0.382,0.331
0.82,0.748,0.117,0.53,0.598
0.655,0.725,0.069,0.407,0.489
0.884,0.87,0.079,0.702,0.581
0.524,0.491,0.116,0.308,0.45
0.425,0.507,0.136,0.246,0.625
0.915,0.822,0.073,0.699,0.536
0.544,0.511,0.167,0.335,0.292
0.656,0.825,0.068,0.359,0.643
0.473,0.495,0.112,0.295,0.467
0.829,0.74,0.348,0.649,0.261
0.859,0.736,0.22,0.688,0.25
0.495,0.512,0.077,0.262,0.425
0.914,0.947,0.021,0.557,0.767
0.825,0.722,0.348,0.673,0.166
0.519,0.494,0.087,0.256,0.465
0.828,0.821,0.127,0.56,0.39
0.723,0.751,0.207,0.514,0.399
0.844,0.794,0.108,0.647,0.565
0.882,0.818,0.143,0.612,0.608
0.852,0.843,0.075,0.563,0.473
0.54,0.543,0.037,0.324,0.489
0.661,0.579,0.162,0.407,0.401
0.128,0.276,0.017,0.047,0.736
0.777,0.72,0.116,0.636,0.482
0.889,0.787,0.141,0.721,0.586
0.53,0.491,0.152,0.309,0.328
0.6,0.525,0.128,0.363,0.398
0.765,0.676,0.22,0.494,0.339
0.809,0.757,0.19,0.605,0.473
0.409,0.47,0.173,0.236,0.324
0.362,0.38,0.036,0.154,0.315
0.895,0.821,0.007,0.704,0.818
0.287,0.327,0.076,0.137,0.539
0.236,0.276,0.105,0.118,0.42
0.969,0.876,0.044,0.643,0.807
0.691,0.66,0.172,0.465,0.601
0.694,0.725,0.058,0.484,0.578
0.598,0.753,0.126,0.412,0.655
0.688,0.662,0.112,0.481,0.486
0.223,0.356,0.027,0.057,0.687
0.778,0.816,0.047,0.519,0.449
0.704,0.661,0.125,0.455,0.386
0.878,0.834,0.114,0.635,0.486
0.832,0.785,0.156,0.54,0.589
0.783,0.806,0.111,0.471,0.479
0.411,0.483,0.033,0.186,0.429
0.943,0.968,0.055,0.642,0.756
0.793,0.818,0.082,0.607,0.526
0.728,0.709,0.23,0.572,0.468
0.403,0.565,0.077,0.185,0.619
0.318,0.516,0.049,0.15,0.511
0.893,0.883,0.033,0.605,0.685
0.681,0.694,0.127,0.418,0.544
0.677,0.634,0.043,0.361,0.447
0.688,0.58,0.265,0.496,0.258
0.838,0.724,0.149,0.659,0.285
0.895,0.789,0.075,0.724,0.416
0.162,0.193,0.029,0.064,0.486
0.878,0.827,0.075,0.646,0.508
0.568,0.568,0.067,0.343,0.294
0.511,0.488,0.064,0.297,0.47
0.611,0.653,0.128,0.382,0.544
0.303,0.364,0.037,0.119,0.593
0.836,0.884,0.001,0.576,0.822
0.341,0.321,0.058,0.148,0.405
0.902,0.85,0.035,0.653,0.687
0.674,0.683,0.081,0.444,0.646
0.327,0.398,0.046,0.178,0.339
0.843,0.835,0.114,0.574,0.614
0.833,0.766,0.259,0.659,0.467
0.924,0.829,0.029,0.703,0.75
0.421,0.527,0.095,0.241,0.595
0.85,0.691,0.563,0.665,0.169
0.379,0.334,0.062,0.157,0.447
0.574,0.621,0.059,0.333,0.455
0.854,0.794,0.053,0.617,0.748
0.576,0.621,0.06,0.345,0.432
0.747,0.747,0.194,0.519,0.461
0.926,0.869,0.054,0.734,0.438
0.833,0.734,0.257,0.643,0.369
0.791,0.74,0.149,0.552,0.401
0.89,0.753,0.14,0.718,0.369
0.479,0.438,0.14,0.266,0.316
0.442,0.429,0.075,0.194,0.242
0.838,0.707,0.338,0.663,0.322
0.842,0.714,0.16,0.651,0.187
0.818,0.778,0.051,0.528,0.364
0.41,0.519,0.132,0.271,0.581
0.899,0.905,0.092,0.615,0.55
0.068,0.052,0.071,0.026,0.262
0.897,0.88,0.058,0.699,0.64
0.867,0.764,0.269,0.712,0.349
0.301,0.538,0.035,0.195,0.66
0.869,0.811,0.167,0.689,0.637
0.525,0.511,0.068,0.321,0.509
0.731,0.779,0.085,0.495,0.538
0.671,0.708,0.117,0.434,0.569
0.847,0.808,0.091,0.633,0.547
0.871,0.827,0.122,0.692,0.636
0.792,0.689,0.081,0.549,0.557
0.289,0.379,0.044,0.107,0.559
0.374,0.412,0.019,0.148,0.292
0.703,0.897,0.038,0.354,0.724
0.492,0.534,0.041,0.25,0.485
0.826,0.79,0.059,0.603,0.503
0.852,0.692,0.308,0.707,0.279
0.186,0.306,0.062,0.068,0.447
0.774,0.769,0.032,0.518,0.545
0.627,0.66,0.048,0.402,0.471
0.827,0.864,0.03,0.512,0.77
0.713,0.688,0.098,0.501,0.565
0.722,0.744,0.128,0.501,0.435
0.945,0.829,0.077,0.775,0.55
0.233,0.327,0.073,0.101,0.33
0.55,0.523,0.099,0.33,0.386
0.723,0.657,0.134,0.436,0.425
0.594,0.606,0.067,0.396,0.351
0.861,0.732,0.254,0.688,0.41
0.659,0.707,0.063,0.537,0.492
0.744,0.797,0.118,0.546,0.551
0.48,0.531,0.084,0.249,0.432
0.552,0.487,0.21,0.323,0.334
0.148,0.205,0.048,0.059,0.505
0.918,0.871,0.05,0.645,0.67
0.363,0.433,0.155,0.191,0.568
0.657,0.707,0.027,0.539,0.477
0.321,0.377,0.095,0.178,0.541
0.57,0.579,0.02,0.323,0.589
0.866,0.696,0.314,0.696,0.25
0.525,0.511,0.097,0.268,0.416
0.867,0.885,0.271,0.648,0.687
0.812,0.791,0.098,0.561,0.575
0.197,0.265,0.094,0.096,0.28
0.858,0.842,0.115,0.792,0.541
0.523,0.558,0.046,0.279,0.572
0.69,0.626,0.173,0.458,0.361
0.625,0.606,0.124,0.355,0.563
0.725,0.667,0.046,0.355,0.384
0.868,0.809,0.066,0.623,0.526
0.797,0.769,0.184,0.579,0.505
0.665,0.642,0.105,0.445,0.474
0.787,0.767,0.193,0.583,0.462
0.86,0.7,0.042,0.603,0.319
0.817,0.697,0.164,0.614,0.167
0.569,0.542,0.071,0.296,0.411
0.87,0.737,0.114,0.705,0.34
0.422,0.479,0.043,0.19,0.413
0.583,0.603,0.097,0.429,0.425
0.908,0.9,0.045,0.537,0.613
0.568,0.494,0.118,0.342,0.462
0.8,0.751,0.157,0.597,0.553
0.886,0.858,0.032,0.475,0.563
0.802,0.752,0.173,0.616,0.506
0.821,0.778,0.054,0.615,0.449
0.899,0.77,0.163,0.698,0.426
0.715,0.692,0.111,0.476,0.607
0.606,0.489,0.1,0.303,0.322
0.478,0.503,0.113,0.29,0.387
0.298,0.349,0.057,0.123,0.462
0.755,0.778,0.205,0.571,0.5
0.658,0.668,0.241,0.482,0.462
0.827,0.777,0.139,0.663,0.467
0.501,0.488,0.071,0.243,0.387
0.299,0.531,0.063,0.15,0.532
0.689,0.69,0.078,0.476,0.477
0.822,0.775,0.179,0.628,0.464
0.58,0.492,0.082,0.323,0.346
0.582,0.62,0.191,0.435,0.295
0.855,0.819,0.153,0.675,0.452
0.893,0.816,0.151,0.662,0.676
0.635,0.57,0.064,0.358,0.464
0.541,0.644,0.06,0.344,0.548
0.858,0.785,0.088,0.68,0.373
0.518,0.485,0.184,0.315,0.396
0.445,0.429,0.085,0.224,0.452
0.903,0.882,0.129,0.701,0.361
0.748,0.748,0.118,0.534,0.42
0.841,0.731,0.316,0.665,0.218
0.623,0.638,0.084,0.366,0.657
0.522,0.481,0.154,0.318,0.315
0.546,0.561,0.039,0.298,0.495
0.814,0.736,0.193,0.577,0.542
0.819,0.765,0.11,0.59,0.584
0.829,0.743,0.462,0.66,0.313
0.319,0.47,0.101,0.161,0.431
0.848,0.815,0.086,0.551,0.694
0.844,0.807,0.07,0.586,0.623
0.789,0.757,0.192,0.601,0.381
0.37,0.408,0.179,0.223,0.456
0.651,0.555,0.313,0.443,0.307
0.621,0.584,0.124,0.33,0.533
0.629,0.536,0.155,0.415,0.236
0.811,0.743,0.112,0.605,0.465
0.416,0.541,0.046,0.226,0.587
0.802,0.743,0.139,0.595,0.512
0.676,0.698,0.085,0.413,0.521
0.864,0.861,0.062,0.615,0.556
0.777,0.745,0.244,0.57,0.491
0.735,0.805,0.109,0.554,0.56
0.681,0.64,0.07,0.42,0.607
0.478,0.464,0.128,0.253,0.383
0.791,0.75,0.131,0.605,0.544
0.857,0.786,0.134,0.5,0.639
0.893,0.814,0.042,0.688,0.667
0.823,0.792,0.092,0.596,0.551
0.84,0.726,0.318,0.653,0.203
0.419,0.442,0.08,0.257,0.128
0.853,0.832,0.104,0.56,0.661
0.396,0.458,0.064,0.138,0.535
0.642,0.663,0.064,0.397,0.339
0.268,0.463,0.036,0.137,0.544
0.78,0.697,0.151,0.595,0.366
0.599,0.733,0.183,0.396,0.581
0.581,0.581,0.059,0.363,0.309
0.849,0.784,0.091,0.597,0.592
0.435,0.499,0.15,0.279,0.589
0.812,0.754,0.243,0.657,0.361
0.724,0.661,0.06,0.373,0.511
0.433,0.385,0.162,0.222,0.393
0.774,0.719,0.228,0.59,0.312
0.568,0.569,0.08,0.344,0.452
0.423,0.42,0.107,0.21,0.261
0.603,0.735,0.172,0.399,0.53
0.876,0.835,0.022,0.701,0.655
0.23,0.385,0.04,0.122,0.512
0.167,0.291,0.074,0.081,0.465
0.892,0.821,0.154,0.701,0.506
0.577,0.605,0.075,0.361,0.366
0.756,0.718,0.121,0.438,0.479
0.454,0.482,0.133,0.273,0.589
0.898,0.863,0.072,0.708,0.461
0.311,0.484,0.069,0.151,0.473
0.218,0.269,0.057,0.065,0.244
0.588,0.567,0.058,0.353,0.364
0.494,0.515,0.145,0.28,0.536
0.567,0.568,0.045,0.353,0.298
0.664,0.689,0.089,0.424,0.509
0.876,0.828,0.091,0.697,0.605
0.988,0.964,0.029,0.529,0.792
0.834,0.731,0.207,0.662,0.357
0.422,0.369,0.11,0.24,0.13
0.624,0.604,0.069,0.367,0.259
0.838,0.849,0.095,0.63,0.669
0.401,0.398,0.099,0.252,0.264
0.687,0.671,0.142,0.533,0.551
0.656,0.697,0.092,0.397,0.602
0.51,0.451,0.063,0.296,0.5
0.789,0.807,0.013,0.581,0.855
0.919,0.805,0.085,0.66,0.541
0.83,0.815,0.072,0.561,0.517
0.829,0.779,0.131,0.564,0.503
0.815,0.745,0.231,0.599,0.295
0.853,0.858,0.049,0.541,0.636
0.811,0.747,0.231,0.619,0.345
0.894,0.819,0.093,0.642,0.502
0.418,0.368,0.082,0.195,0.248
0.895,0.9,0.052,0.5,0.779
0.904,0.82,0.077,0.647,0.774
0.746,0.841,0.077,0.551,0.651
0.905,0.808,0.114,0.717,0.532
0.322,0.322,0.071,0.142,0.401
0.444,0.494,0.155,0.277,0.518
0.85,0.837,0.103,0.564,0.455
0.854,0.898,0.05,0.568,0.702
0.235,0.314,0.09,0.116,0.483
0.916,0.966,0.075,0.528,0.708
0.814,0.744,0.167,0.536,0.548
0.792,0.71,0.179,0.516,0.348
0.426,0.405,0.057,0.251,0.328
0.155,0.211,0.084,0.083,0.352
0.48,0.546,0.053,0.248,0.551
0.964,0.794,0.425,0.691,0.396
0.789,0.66,0.148,0.528,0.462
0.872,0.804,0.211,0.667,0.541
0.275,0.479,0.055,0.129,0.464
0.888,0.898,0.065,0.711,0.514
0.877,0.802,0.094,0.711,0.593
0.518,0.537,0.055,0.325,0.651
0.214,0.328,0.047,0.115,0.334
0.345,0.296,0.106,0.191,0.373
0.297,0.457,0.047,0.132,0.36
0.863,0.814,0.083,0.617,0.566
0.869,0.879,0.055,0.564,0.584
0.887,0.84,0.028,0.672,0.804
0.846,0.748,0.123,0.665,0.279
0.923,0.903,0.053,0.684,0.723
0.846,0.854,0.064,0.511,0.506
0.816,0.839,0.104,0.509,0.557
0.821,0.778,0.122,0.543,0.663
0.869,0.699,0.08,0.64,0.348
0.611,0.61,0.053,0.375,0.533
0.33,0.368,0.039,0.161,0.553
0.851,0.718,0.213,0.656,0.464
0.872,0.871,0.027,0.625,0.776
0.578,0.455,0.177,0.295,0.273
0.666,0.646,0.145,0.467,0.572
0.676,0.66,0.128,0.466,0.53
0.881,0.742,0.313,0.71,0.309
0.432,0.416,0.096,0.203,0.414
0.515,0.564,0.104,0.264,0.447
0.791,0.759,0.188,0.598,0.401
0.473,0.437,0.164,0.267,0.322
0.482,0.522,0.086,0.256,0.428
0.877,0.748,0.26,0.69,0.358
0.249,0.33,0.078,0.143,0.464
0.363,0.384,0.043,0.15,0.34
0.86,0.842,0.118,0.638,0.532
0.887,0.822,0.061,0.595,0.643
0.305,0.323,0.057,0.191,0.304
0.703,0.716,0.052,0.429,0.509
0.624,0.654,0.049,0.399,0.643
0.734,0.776,0.109,0.51,0.569
0.893,0.835,0.106,0.645,0.652
0.72,0.647,0.198,0.46,0.348
0.58,0.641,0.07,0.342,0.322
0.926,0.914,0.075,0.576,0.718
0.8,0.859,0.0,0.472,1.0
0.444,0.408,0.152,0.219,0.489
0.702,0.617,0.23,0.511,0.36
0.948,0.963,0.014,0.652,0.748
0.515,0.568,0.091,0.244,0.505
0.667,0.635,0.134,0.436,0.367
0.596,0.705,0.152,0.396,0.559
0.833,0.782,0.131,0.588,0.557
0.539,0.511,0.031,0.288,0.562
0.57,0.638,0.063,0.462,0.506
0.568,0.558,0.072,0.35,0.25
0.832,0.776,0.265,0.583,0.497
0.897,0.735,0.181,0.698,0.45
0.594,0.651,0.074,0.368,0.502
0.892,0.817,0.141,0.679,0.541
0.902,0.785,0.11,0.719,0.417
0.666,0.679,0.099,0.482,0.58
0.924,0.881,0.082,0.722,0.634
0.861,0.813,0.164,0.635,0.571
0.674,0.674,0.053,0.406,0.452
0.673,0.614,0.094,0.368,0.495
0.81,0.769,0.506,0.674,0.434
0.854,0.701,0.619,0.665,0.217
0.81,0.76,0.185,0.624,0.364
0.89,0.823,0.042,0.681,0.699
0.893,0.879,0.022,0.628,0.648
0.898,0.903,0.005,0.638,0.721
0.747,0.864,0.063,0.538,0.605
0.588,0.483,0.136,0.314,0.348
0.865,0.845,0.033,0.629,0.589
0.751,0.758,0.172,0.542,0.627
0.891,0.819,0.049,0.662,0.443
0.408,0.499,0.078,0.206,0.483
0.87,0.804,0.125,0.639,0.601
0.86,0.833,0.118,0.792,0.642
0.8,0.727,0.373,0.643,0.331
0.867,0.838,0.091,0.631,0.667
0.175,0.185,0.045,0.064,0.456
0.86,0.824,0.111,0.589,0.535
0.914,0.909,0.018,0.847,0.732
0.85,0.851,0.057,0.623,0.795
0.656,0.606,0.121,0.425,0.633
0.416,0.409,0.08,0.262,0.274
0.648,0.72,0.07,0.506,0.404
0.698,0.707,0.091,0.5,0.514
0.776,0.746,0.135,0.58,0.503
0.862,0.836,0.088,0.609,0.623
0.79,0.743,0.159,0.586,0.411
0.861,0.766,0.208,0.694,0.337
0.869,0.769,0.208,0.628,0.595
0.252,0.299,0.055,0.138,0.447
0.614,0.645,0.117,0.441,0.429
0.503,0.555,0.063,0.366,0.407
0.963,0.862,0.051,0.674,0.607
0.61,0.62,0.059,0.395,0.473
0.546,0.477,0.106,0.356,0.321
0.35,0.411,0.035,0.185,0.599
0.691,0.708,0.069,0.424,0.529
0.508,0.555,0.092,0.26,0.473
0.878,0.846,0.109,0.696,0.648
0.792,0.744,0.181,0.604,0.456
0.264,0.307,0.078,0.108,0.44
0.413,0.463,0.093,0.232,0.524
0.886,0.907,0.088,0.521,0.72
0.541,0.427,0.129,0.292,0.245
0.637,0.654,0.086,0.457,0.536
0.403,0.453,0.06,0.248,0.196
0.444,0.491,0.209,0.268,0.5
0.777,0.797,0.123,0.551,0.583
0.585,0.719,0.156,0.384,0.536
0.901,0.965,0.036,0.517,0.786
0.317,0.337,0.095,0.203,0.232
0.412,0.392,0.09,0.259,0.22
0.125,0.234,0.019,0.049,0.584
0.839,0.81,0.093,0.523,0.625
0.83,0.738,0.146,0.607,0.587
0.911,0.864,0.056,0.699,0.66
0.819,0.805,0.01,0.584,0.464
0.561,0.582,0.056,0.34,0.383
0.551,0.541,0.055,0.31,0.512
0.416,0.477,0.101,0.232,0.455
0.599,0.547,0.046,0.331,0.498
0.857,0.802,0.154,0.639,0.535
0.96,0.788,0.059,0.716,0.714
0.873,0.716,0.4,0.699,0.25
0.791,0.753,0.131,0.594,0.367
0.583,0.589,0.124,0.392,0.483
0.854,0.771,0.198,0.736,0.352
0.897,0.775,0.084,0.676,0.486
0.973,0.8,0.007,0.726,0.723
0.563,0.52,0.122,0.372,0.447
0.863,0.74,0.182,0.685,0.25
0.686,0.606,0.119,0.402,0.38
0.485,0.5,0.188,0.276,0.34
0.685,0.619,0.093,0.327,0.401
0.577,0.585,0.072,0.355,0.334
0.876,0.826,0.163,0.66,0.631
0.855,0.826,0.082,0.621,0.637
0.532,0.504,0.125,0.324,0.464
0.938,0.919,0.067,0.724,0.633
0.821,0.715,0.428,0.665,0.312
0.861,0.817,0.111,0.643,0.572
0.472,0.513,0.122,0.286,0.468
0.558,0.543,0.06,0.311,0.542
0.922,0.954,0.044,0.555,0.798
0.646,0.637,0.322,0.454,0.449
0.88,0.788,0.048,0.704,0.37
0.719,0.763,0.111,0.473,0.535
0.387,0.451,0.067,0.213,0.563
0.483,0.489,0.08,0.255,0.473
0.843,0.818,0.14,0.559,0.495
0.628,0.644,0.057,0.382,0.373
0.595,0.612,0.052,0.362,0.455
0.8,0.729,0.182,0.625,0.331
0.975,0.958,0.051,0.761,0.515
0.682,0.575,0.195,0.469,0.357
0.216,0.441,0.057,0.105,0.584
0.338,0.406,0.033,0.15,0.407
0.849,0.795,0.0,0.695,0.151
0.409,0.491,0.08,0.204,0.386
0.569,0.606,0.141,0.363,0.465
0.344,0.389,0.026,0.19,0.551
0.577,0.616,0.04,0.282,0.59
0.449,0.483,0.23,0.276,0.486
0.533,0.566,0.03,0.342,0.613
0.911,0.906,0.099,0.534,0.575
0.855,0.702,0.471,0.685,0.286
0.857,0.805,0.151,0.635,0.554
0.866,0.837,0.123,0.682,0.634
0.692,0.613,0.066,0.381,0.381
0.87,0.825,0.115,0.57,0.622
0.839,0.815,0.096,0.608,0.577
0.527,0.509,0.083,0.273,0.462
0.588,0.585,0.09,0.362,0.316
0.861,0.896,0.027,0.508,0.649
0.736,0.713,0.307,0.541,0.268
0.571,0.617,0.058,0.356,0.614
0.489,0.528,0.183,0.291,0.377
0.405,0.523,0.065,0.203,0.539
0.969,0.91,0.031,0.57,0.773
0.563,0.484,0.134,0.34,0.298
0.676,0.585,0.027,0.436,0.58
0.574,0.596,0.049,0.337,0.506
0.321,0.323,0.045,0.132,0.389
0.757,0.739,0.044,0.523,0.48
0.924,0.935,0.028,0.72,0.398
0.876,0.882,0.049,0.624,0.819
0.744,0.654,0.206,0.497,0.199
0.749,0.72,0.164,0.524,0.48
0.623,0.534,0.056,0.319,0.526
0.626,0.617,0.113,0.379,0.61
0.906,0.797,0.126,0.69,0.446
0.657,0.688,0.088,0.416,0.512
0.593,0.597,0.056,0.363,0.324
0.566,0.491,0.16,0.316,0.375
0.487,0.506,0.166,0.317,0.291
0.842,0.779,0.145,0.52,0.664
0.038,0.013,0.08,0.011,0.205
0.844,0.836,0.056,0.475,0.532
0.874,0.955,0.008,0.531,0.914
0.905,0.832,0.091,0.678,0.69
0.87,0.773,0.148,0.643,0.536
0.351,0.459,0.014,0.141,0.604
0.758,0.922,0.0,0.721,0.605
0.793,0.748,0.191,0.559,0.377
0.456,0.483,0.082,0.278,0.203
0.722,0.715,0.084,0.439,0.511
0.656,0.666,0.048,0.479,0.527
0.888,0.844,0.054,0.632,0.724
0.608,0.677,0.06,0.384,0.477
0.825,0.79,0.101,0.602,0.59
0.66,0.567,0.171,0.467,0.327
0.358,0.392,0.04,0.182,0.241
0.893,0.871,0.098,0.61,0.652
0.811,0.809,0.198,0.574,0.535
0.935,0.792,0.03,0.704,0.661
0.841,0.742,0.299,0.67,0.169
0.746,0.715,0.21,0.537,0.489
0.513,0.568,0.06,0.238,0.554
0.588,0.591,0.085,0.357,0.386
0.861,0.87,0.055,0.537,0.639
0.587,0.628,0.05,0.351,0.517
0.82,0.769,0.166,0.598,0.574
0.362,0.424,0.173,0.23,0.492
0.365,0.348,0.198,0.238,0.215
0.814,0.828,0.108,0.572,0.438
0.903,0.851,0.053,0.674,0.702
0.577,0.584,0.056,0.352,0.589
0.816,0.746,0.163,0.638,0.27
0.515,0.49,0.187,0.308,0.396
0.86,0.892,0.09,0.615,0.779
0.828,0.807,0.086,0.564,0.642
0.83,0.841,0.109,0.523,0.655
0.571,0.607,0.021,0.361,0.476
0.81,0.789,0.148,0.565,0.455
0.563,0.49,0.19,0.37,0.358
0.329,0.317,0.072,0.139,0.318
0.757,0.789,0.083,0.499,0.649
0.839,0.82,0.088,0.535,0.62
0.566,0.554,0.118,0.365,0.384
0.894,0.819,0.069,0.647,0.476
0.838,0.775,0.072,0.527,0.613
0.848,0.89,0.034,0.688,0.715
0.834,0.757,0.165,0.538,0.627
0.536,0.559,0.11,0.303,0.599
0.747,0.733,0.226,0.528,0.3
0.758,0.711,0.21,0.529,0.533
0.634,0.561,0.181,0.429,0.553
0.809,0.795,0.018,0.552,0.697
0.922,0.916,0.036,0.598,0.758
0.716,0.56,0.142,0.503,0.038
0.767,0.736,0.056,0.393,0.584
0.311,0.495,0.066,0.161,0.52
0.685,0.589,0.168,0.48,0.304
0.242,0.223,0.046,0.016,0.148
0.823,0.781,0.005,0.586,0.566
0.705,0.659,0.209,0.426,0.577
0.743,0.666,0.167,0.471,0.297
0.866,0.86,0.053,0.553,0.652
0.856,0.813,0.127,0.629,0.605
0.443,0.458,0.059,0.146,0.545
0.868,0.811,0.067,0.633,0.688
0.867,0.889,0.009,0.634,0.756
0.544,0.588,0.034,0.326,0.452
0.679,0.671,0.151,0.411,0.422
0.566,0.58,0.035,0.319,0.595
0.469,0.442,0.044,0.26,0.535
0.586,0.623,0.041,0.347,0.583
0.894,0.857,0.056,0.727,0.768
0.825,0.787,0.13,0.591,0.658
0.847,0.817,0.07,0.502,0.44
0.904,0.907,0.025,0.451,0.655
0.83,0.769,0.138,0.567,0.565
0.596,0.584,0.042,0.366,0.574
0.744,0.722,0.208,0.567,0.265
0.427,0.374,0.072,0.199,0.339
0.781,0.831,0.104,0.523,0.523
0.734,0.708,0.081,0.473,0.479
0.745,0.82,0.118,0.553,0.553
0.889,0.869,0.024,0.5,0.399
0.397,0.351,0.016,0.169,0.53
0.278,0.479,0.03,0.129,0.62
0.53,0.537,0.151,0.329,0.39
0.887,0.811,0.116,0.691,0.455
0.827,0.713,0.472,0.641,0.289
0.786,0.754,0.229,0.539,0.452
0.636,0.625,0.233,0.48,0.37
0.816,0.772,0.151,0.621,0.491
0.617,0.66,0.1,0.38,0.554
0.798,0.704,0.3,0.609,0.33
0.877,0.914,0.034,0.587,0.798
0.8,0.713,0.095,0.541,0.649
0.713,0.676,0.067,0.514,0.488
0.398,0.455,0.149,0.24,0.295
0.921,0.911,0.008,0.678,0.0
0.869,0.836,0.084,0.596,0.69
0.854,0.842,0.039,0.522,0.556
0.233,0.275,0.089,0.111,0.307
0.842,0.812,0.164,0.678,0.511
0.813,0.771,0.123,0.643,0.318
0.662,0.689,0.082,0.363,0.533
0.648,0.614,0.076,0.359,0.529
0.888,0.788,0.104,0.659,0.435
0.81,0.778,0.135,0.569,0.58
0.503,0.506,0.072,0.335,0.523
0.923,0.899,0.063,0.63,0.687
0.574,0.478,0.174,0.365,0.369
0.911,0.912,0.099,0.642,0.575
0.73,0.804,0.096,0.449,0.465
0.558,0.54,0.133,0.318,0.458
0.238,0.358,0.051,0.076,0.619
0.417,0.429,0.098,0.222,0.261
0.576,0.716,0.118,0.403,0.61
0.857,0.852,0.075,0.553,0.633
0.498,0.558,0.095,0.251,0.55
0.356,0.328,0.246,0.229,0.212
0.645,0.71,0.102,0.508,0.416
0.823,0.795,0.124,0.635,0.432
0.818,0.773,0.143,0.532,0.604
0.932,0.787,0.018,0.757,0.354
0.837,0.78,0.148,0.568,0.474
0.804,0.778,0.072,0.596,0.477
0.566,0.518,0.146,0.331,0.38
0.801,0.758,0.148,0.569,0.48
0.859,0.764,0.113,0.693,0.345
0.603,0.66,0.225,0.416,0.52
0.571,0.631,0.051,0.331,0.619
0.734,0.648,0.152,0.481,0.307
0.546,0.466,0.056,0.312,0.357
0.311,0.39,0.023,0.1,0.599
0.34,0.375,0.052,0.184,0.515
0.817,0.76,0.278,0.623,0.458
0.418,0.377,0.165,0.219,0.361
0.857,0.866,0.02,0.63,0.666
0.397,0.383,0.078,0.178,0.267
0.534,0.549,0.101,0.198,0.767
0.795,0.769,0.178,0.602,0.456
0.878,0.953,0.039,0.62,0.786
0.363,0.305,0.107,0.174,0.42
0.529,0.52,0.042,0.287,0.625
0.91,0.766,0.107,0.732,0.574
0.776,0.681,0.326,0.561,0.247
0.902,0.882,0.028,0.635,0.533
0.725,0.681,0.139,0.515,0.483
0.633,0.629,0.324,0.446,0.413
0.801,0.859,0.05,0.651,0.768
0.623,0.593,0.123,0.408,0.381
0.847,0.754,0.093,0.624,0.224
0.813,0.803,0.128,0.583,0.601
0.827,0.743,0.433,0.688,0.381
0.57,0.492,0.12,0.365,0.318
0.59,0.476,0.371,0.375,0.315
0.95,0.91,0.001,0.702,0.348
0.884,0.688,0.262,0.726,0.28
0.691,0.726,0.049,0.407,0.533
0.624,0.654,0.052,0.395,0.655
0.461,0.488,0.064,0.152,0.623
0.88,0.786,0.176,0.686,0.39
0.573,0.505,0.1,0.343,0.351
0.82,0.836,0.143,0.593,0.563
0.901,0.901,0.123,0.728,0.619
0.8,0.792,0.062,0.463,0.553
0.527,0.527,0.134,0.264,0.569
0.843,0.76,0.194,0.63,0.511
0.595,0.66,0.047,0.414,0.578
0.816,0.816,0.085,0.55,0.667
0.734,0.836,0.089,0.571,0.657
0.851,0.79,0.141,0.652,0.485
0.778,0.75,0.378,0.651,0.0
0.91,0.835,0.044,0.703,0.523
0.195,0.267,0.074,0.094,0.244
0.833,0.785,0.072,0.51,0.571
0.831,0.812,0.069,0.598,0.666
0.364,0.306,0.107,0.183,0.405
0.836,0.872,0.057,0.651,0.667
0.879,0.851,0.059,0.705,0.657
0.646,0.665,0.053,0.439,0.444
0.892,0.917,0.011,0.677,0.642
0.86,0.875,0.061,0.533,0.646
0.743,0.74,0.112,0.51,0.524
0.905,0.875,0.064,0.704,0.548
0.664,0.592,0.131,0.419,0.645
0.911,0.825,0.062,0.759,0.616
0.961,0.978,0.017,0.615,0.514
0.395,0.577,0.072,0.191,0.696
0.694,0.637,0.082,0.356,0.44
0.816,0.757,0.177,0.639,0.41
0.234,0.321,0.04,0.146,0.443
0.684,0.664,0.164,0.482,0.586
0.334,0.312,0.226,0.214,0.196
0.224,0.255,0.055,0.101,0.223
0.858,0.864,0.092,0.718,0.593
0.803,0.76,0.038,0.519,0.724
0.82,0.736,0.159,0.614,0.404
0.843,0.777,0.081,0.669,0.461
0.591,0.648,0.018,0.405,0.654
0.858,0.819,0.105,0.532,0.52
0.58,0.578,0.104,0.381,0.357
0.864,0.773,0.144,0.697,0.432
0.422,0.497,0.075,0.212,0.541
0.893,0.882,0.002,0.546,0.855
0.877,0.923,0.0,0.927,0.815
0.849,0.805,0.115,0.686,0.482
0.842,0.769,0.119,0.572,0.649
0.436,0.472,0.068,0.244,0.617
0.512,0.523,0.076,0.29,0.458
0.301,0.508,0.068,0.141,0.527
0.298,0.394,0.106,0.163,0.458
0.873,0.846,0.07,0.607,0.661
0.815,0.757,0.325,0.668,0.408
0.882,0.813,0.143,0.596,0.623
0.552,0.581,0.159,0.42,0.45
0.908,0.831,0.095,0.671,0.648
0.58,0.651,0.059,0.388,0.535
0.762,0.744,0.062,0.462,0.545
0.494,0.531,0.076,0.285,0.411
0.566,0.592,0.091,0.377,0.443
0.716,0.695,0.096,0.489,0.491
0.557,0.569,0.033,0.309,0.578
0.8,0.793,0.099,0.502,0.489
0.822,0.781,0.133,0.631,0.447
0.895,0.907,0.096,0.511,0.753
0.695,0.759,0.127,0.457,0.325
0.837,0.784,0.092,0.644,0.532
0.719,0.717,0.094,0.42,0.536
0.798,0.725,0.178,0.437,0.539
0.469,0.508,0.165,0.322,0.41
0.813,0.74,0.098,0.505,0.599
0.809,0.739,0.138,0.575,0.502
0.519,0.499,0.125,0.321,0.434
0.847,0.734,0.565,0.681,0.378
0.426,0.476,0.163,0.268,0.479
0.556,0.542,0.024,0.324,0.492
0.493,0.481,0.106,0.251,0.575
0.877,0.806,0.112,0.629,0.461
0.879,0.849,0.288,0.679,0.789
0.632,0.578,0.099,0.327,0.449
0.552,0.486,0.15,0.307,0.369
0.493,0.574,0.063,0.286,0.524
0.84,0.698,0.286,0.697,0.367
0.46,0.454,0.074,0.236,0.461
0.842,0.847,0.08,0.674,0.631
0.885,0.794,0.12,0.686,0.664
0.689,0.876,0.042,0.354,0.72
0.206,0.368,0.027,0.122,0.538
0.79,0.754,0.189,0.559,0.373
0.781,0.823,0.113,0.598,0.562
0.409,0.359,0.112,0.257,0.324
0.636,0.554,0.25,0.389,0.428
0.413,0.405,0.103,0.222,0.377
0.832,0.792,0.075,0.526,0.559
0.864,0.773,0.151,0.723,0.518
0.815,0.756,0.143,0.616,0.494
0.902,0.946,0.086,0.552,0.652
0.866,0.791,0.131,0.613,0.607
0.595,0.494,0.369,0.373,0.437
0.849,0.831,0.243,0.684,0.574
0.893,0.833,0.068,0.683,0.642
0.84,0.824,0.057,0.558,0.697
0.489,0.43,0.11,0.288,0.455
0.855,0.784,0.168,0.713,0.363
0.745,0.707,0.073,0.482,0.41
0.485,0.532,0.167,0.296,0.428
0.602,0.632,0.154,0.405,0.464
0.837,0.77,0.056,0.596,0.491
0.811,0.77,0.13,0.618,0.498
0.847,0.742,0.244,0.678,0.355
0.913,0.86,0.068,0.679,0.553
0.786,0.76,0.214,0.572,0.59
0.862,0.785,0.196,0.637,0.592
0.665,0.683,0.232,0.477,0.581
0.684,0.677,0.065,0.403,0.529
0.469,0.592,0.097,0.261,0.568
0.784,0.771,0.1,0.489,0.643
0.818,0.851,0.057,0.53,0.73
0.897,0.914,0.051,0.734,0.709
0.719,0.812,0.065,0.443,0.596
0.781,0.714,0.144,0.588,0.345
0.714,0.668,0.103,0.429,0.542
0.858,0.778,0.164,0.682,0.432
0.766,0.686,0.275,0.544,0.306
0.607,0.503,0.127,0.347,0.336
0.757,0.824,0.106,0.552,0.571
0.848,0.873,0.026,0.612,0.756
0.609,0.684,0.096,0.392,0.444
0.471,0.441,0.073,0.231,0.435
0.832,0.82,0.102,0.594,0.553
0.782,0.767,0.124,0.569,0.492
0.538,0.508,0.134,0.33,0.309
0.871,0.729,0.248,0.704,0.262
0.792,0.756,0.164,0.562,0.505
0.884,0.804,0.049,0.503,0.652
0.882,0.799,0.054,0.645,0.306
0.507,0.537,0.082,0.272,0.474
0.277,0.26,0.09,0.129,0.182
0.823,0.841,0.132,0.657,0.669
0.734,0.764,0.118,0.512,0.407
0.463,0.47,0.152,0.265,0.313
0.853,0.81,0.238,0.669,0.511
0.356,0.406,0.045,0.166,0.533
0.45,0.446,0.026,0.268,0.477
0.618,0.556,0.063,0.308,0.432
0.87,0.83,0.019,0.658,0.676
0.857,0.846,0.091,0.667,0.724
0.795,0.749,0.159,0.583,0.602
0.822,0.81,0.062,0.524,0.37
0.849,0.857,0.03,0.535,0.542
0.428,0.413,0.168,0.237,0.327
0.798,0.735,0.126,0.602,0.423
0.587,0.583,0.062,0.36,0.524
0.58,0.613,0.081,0.353,0.438
0.819,0.807,0.098,0.562,0.643
0.723,0.725,0.041,0.381,0.559
0.927,0.919,0.038,0.65,0.842
0.829,0.763,0.149,0.588,0.584
0.852,0.765,0.144,0.606,0.533
0.865,0.78,0.2,0.629,0.608
0.594,0.627,0.108,0.381,0.435
0.893,0.905,0.113,0.671,0.768
0.829,0.759,0.135,0.66,0.497
0.682,0.728,0.064,0.441,0.494
0.799,0.73,0.262,0.542,0.488
0.351,0.407,0.205,0.217,0.485
0.5,0.47,0.081,0.306,0.464
0.9,0.812,0.04,0.669,0.693
0.722,0.724,0.0,0.509,0.968
0.673,0.633,0.196,0.445,0.369
0.694,0.643,0.066,0.338,0.449
0.889,0.836,0.06,0.662,0.764
0.752,0.729,0.083,0.469,0.541
0.877,0.834,0.089,0.494,0.648
0.65,0.71,0.125,0.514,0.39
0.816,0.819,0.101,0.524,0.437
0.865,0.87,0.074,0.707,0.639
0.744,0.725,0.036,0.506,0.492
0.864,0.807,0.128,0.598,0.658
0.842,0.826,0.163,0.578,0.614
0.157,0.232,0.057,0.069,0.458
0.481,0.477,0.141,0.275,0.387
0.322,0.473,0.05,0.203,0.435
0.862,0.787,0.055,0.643,0.462
0.752,0.859,0.066,0.562,0.538
0.881,0.803,0.1,0.677,0.732
0.878,0.853,0.039,0.483,0.617
0.961,0.769,0.013,0.765,0.495
0.489,0.52,0.154,0.282,0.339
0.473,0.578,0.105,0.262,0.52
0.919,0.789,0.071,0.713,0.069
0.578,0.541,0.09,0.344,0.5
0.686,0.686,0.06,0.412,0.443
0.889,0.825,0.049,0.657,0.718
0.641,0.624,0.09,0.378,0.517
0.653,0.612,0.254,0.435,0.413
0.792,0.749,0.228,0.568,0.449
0.34,0.458,0.037,0.157,0.613
0.675,0.661,0.087,0.447,0.622
0.633,0.569,0.081,0.326,0.363
0.288,0.34,0.042,0.12,0.518
0.821,0.771,0.106,0.587,0.572
0.768,0.768,0.164,0.513,0.456
0.836,0.741,0.244,0.668,0.242
0.336,0.368,0.056,0.181,0.553
0.436,0.457,0.083,0.262,0.181
0.358,0.411,0.041,0.208,0.413
0.848,0.811,0.118,0.591,0.601
0.353,0.439,0.028,0.202,0.419
0.885,0.919,0.01,0.664,0.839
0.665,0.708,0.071,0.548,0.449
0.829,0.725,0.254,0.654,0.301
0.562,0.603,0.056,0.281,0.545
0.426,0.379,0.045,0.19,0.375
0.918,0.91,0.074,0.585,0.658
0.683,0.665,0.099,0.437,0.657
0.793,0.725,0.21,0.575,0.41
0.594,0.593,0.07,0.394,0.264
0.733,0.653,0.214,0.483,0.398
0.398,0.373,0.1,0.242,0.178
0.624,0.658,0.119,0.4,0.458
0.371,0.364,0.099,0.24,0.167
0.873,0.847,0.041,0.589,0.723
0.804,0.798,0.082,0.544,0.616
0.531,0.507,0.122,0.321,0.47
0.352,0.414,0.05,0.127,0.574
0.813,0.819,0.016,0.497,0.575
0.586,0.593,0.164,0.367,0.431
0.889,0.801,0.132,0.668,0.658
0.878,0.713,0.508,0.696,0.255
0.646,0.635,0.218,0.477,0.422
0.79,0.721,0.14,0.434,0.634
0.652,0.736,0.05,0.506,0.486
0.585,0.71,0.189,0.393,0.547
0.282,0.302,0.075,0.149,0.459
0.824,0.776,0.125,0.674,0.413
0.584,0.571,0.063,0.326,0.52
0.59,0.629,0.085,0.405,0.515
0.793,0.807,0.025,0.582,0.447
0.824,0.766,0.286,0.643,0.333
0.8,0.732,0.202,0.607,0.364
0.516,0.513,0.147,0.32,0.381
0.304,0.312,0.085,0.131,0.292
0.847,0.723,0.276,0.679,0.244
0.856,0.808,0.143,0.679,0.58
0.948,0.809,0.236,0.731,0.358
0.866,0.798,0.139,0.611,0.613
0.57,0.553,0.067,0.366,0.363
0.63,0.535,0.127,0.426,0.274
0.043,0.023,0.073,0.015,0.154
0.865,0.861,0.028,0.602,0.64
0.616,0.531,0.278,0.419,0.2
0.873,0.835,0.076,0.769,0.622
0.592,0.667,0.026,0.328,0.619
0.593,0.643,0.161,0.422,0.404
0.776,0.684,0.133,0.608,0.334
0.676,0.595,0.116,0.359,0.426
0.66,0.567,0.216,0.439,0.369
0.817,0.793,0.1,0.543,0.649
0.629,0.707,0.095,0.4,0.492
0.714,0.92,0.043,0.335,0.747
0.518,0.584,0.054,0.278,0.648
0.878,0.857,0.055,0.564,0.574
0.51,0.551,0.1,0.232,0.5
0.584,0.574,0.104,0.359,0.349
0.594,0.608,0.062,0.357,0.363
0.422,0.432,0.09,0.223,0.264
0.878,0.823,0.131,0.529,0.596
0.902,0.879,0.113,0.609,0.69
0.784,0.742,0.156,0.568,0.509
0.532,0.541,0.137,0.27,0.554
0.691,0.706,0.059,0.424,0.536
0.835,0.755,0.173,0.549,0.498
0.756,0.718,0.191,0.597,0.479
0.633,0.605,0.079,0.313,0.505
0.276,0.308,0.078,0.12,0.42
0.793,0.819,0.13,0.484,0.431
0.505,0.507,0.14,0.313,0.342
0.604,0.629,0.044,0.435,0.639
0.731,0.774,0.132,0.512,0.461
0.825,0.827,0.142,0.628,0.42
0.885,0.75,0.0,0.679,0.584
0.885,0.845,0.087,0.699,0.548
0.359,0.308,0.078,0.178,0.395
0.91,0.955,0.03,0.515,0.812
0.506,0.456,0.119,0.298,0.464
0.84,0.81,0.173,0.672,0.663
0.693,0.695,0.103,0.517,0.625
0.725,0.713,0.137,0.416,0.577
0.705,0.738,0.033,0.4,0.589
0.823,0.786,0.011,0.607,0.637
0.571,0.558,0.089,0.359,0.367
0.41,0.449,0.06,0.21,0.432
0.623,0.617,0.126,0.43,0.438
0.828,0.737,0.064,0.642,0.306
0.808,0.741,0.104,0.391,0.569
0.629,0.578,0.1,0.408,0.42
0.951,0.927,0.033,0.723,0.636
0.556,0.583,0.062,0.321,0.515
0.505,0.528,0.083,0.309,0.211
0.87,0.797,0.051,0.666,0.539
0.681,0.718,0.055,0.455,0.608
0.853,0.811,0.031,0.656,0.491
0.611,0.594,0.037,0.42,0.393
0.68,0.602,0.155,0.464,0.505
0.205,0.263,0.049,0.066,0.102
0.593,0.729,0.129,0.407,0.602
0.862,0.783,0.133,0.613,0.524
0.794,0.753,0.208,0.57,0.419
0.909,0.857,0.087,0.747,0.646
0.736,0.773,0.018,0.329,0.721
0.789,0.76,0.112,0.549,0.529
0.874,0.85,0.051,0.618,0.649
0.592,0.605,0.133,0.408,0.429
0.689,0.57,0.198,0.471,0.289
0.824,0.766,0.214,0.652,0.434
0.807,0.808,0.123,0.556,0.554
0.412,0.502,0.104,0.241,0.601
0.909,0.9,0.037,0.663,0.708
0.924,0.837,0.035,0.68,0.578
0.709,0.697,0.071,0.383,0.548
0.806,0.755,0.104,0.517,0.383
0.7,0.714,0.153,0.508,0.404
0.835,0.789,0.234,0.664,0.489
0.735,0.748,0.105,0.523,0.592
0.498,0.54,0.062,0.249,0.449
0.586,0.582,0.055,0.392,0.33
0.798,0.862,0.077,0.738,0.655
0.861,0.786,0.227,0.678,0.482
0.43,0.396,0.055,0.236,0.218
0.854,0.802,0.091,0.718,0.577
0.458,0.593,0.027,0.243,0.532
0.646,0.593,0.132,0.441,0.577
0.645,0.71,0.086,0.398,0.485
0.856,0.817,0.121,0.637,0.605
0.764,0.779,0.091,0.494,0.483
0.535,0.536,0.093,0.242,0.652
0.73,0.772,0.106,0.54,0.482
0.576,0.631,0.047,0.295,0.605
0.837,0.769,0.148,0.686,0.381
0.931,0.892,0.061,0.696,0.646
0.607,0.692,0.178,0.418,0.479
0.698,0.679,0.12,0.446,0.664
0.729,0.818,0.106,0.466,0.575
0.852,0.788,0.135,0.694,0.5
0.607,0.684,0.182,0.474,0.613
0.808,0.765,0.086,0.515,0.322
0.839,0.798,0.103,0.613,0.548
0.687,0.604,0.263,0.481,0.428
0.666,0.647,0.139,0.438,0.551
0.658,0.638,0.1,0.457,0.408
0.949,0.956,0.058,0.597,0.732
0.557,0.545,0.096,0.338,0.386
0.871,0.858,0.149,0.687,0.524
0.89,0.922,0.005,0.673,0.744
0.585,0.652,0.088,0.392,0.44
0.911,0.909,0.004,0.631,0.738
0.26,0.428,0.038,0.155,0.384
0.566,0.616,0.05,0.346,0.532
0.795,0.866,0.045,0.559,0.515
0.863,0.725,0.251,0.678,0.221
0.479,0.438,0.138,0.256,0.363
0.492,0.451,0.101,0.258,0.378
0.59,0.562,0.064,0.342,0.446
0.913,0.74,0.001,0.639,0.744
0.757,0.686,0.086,0.451,0.479
0.354,0.354,0.061,0.132,0.393
0.867,0.781,0.064,0.691,0.434
0.863,0.851,0.12,0.744,0.661
0.588,0.627,0.125,0.378,0.386
0.736,0.733,0.303,0.505,0.28
0.79,0.764,0.135,0.582,0.452
0.767,0.73,0.148,0.576,0.52
0.893,0.739,0.34,0.738,0.232
0.747,0.691,0.155,0.476,0.398
0.925,0.958,0.031,0.546,0.854
0.838,0.79,0.192,0.672,0.506
0.853,0.843,0.103,0.538,0.681
0.429,0.401,0.086,0.179,0.303
0.958,0.889,0.062,0.716,0.649
0.968,0.814,0.07,0.768,0.696
0.547,0.54,0.058,0.31,0.556
0.605,0.507,0.456,0.391,0.352
0.591,0.732,0.107,0.412,0.646
0.578,0.525,0.129,0.332,0.503
0.369,0.536,0.062,0.213,0.646
0.843,0.844,0.069,0.59,0.541
0.736,0.79,0.076,0.493,0.44
0.719,0.671,0.079,0.419,0.541
0.841,0.759,0.259,0.658,0.304
0.653,0.729,0.031,0.392,0.532
0.794,0.718,0.188,0.593,0.36
0.58,0.667,0.047,0.36,0.578
0.884,0.81,0.14,0.725,0.655
0.442,0.431,0.089,0.242,0.393
0.864,0.779,0.169,0.699,0.346
0.765,0.699,0.18,0.548,0.413
0.769,0.735,0.182,0.534,0.568
0.329,0.375,0.047,0.183,0.547
0.862,0.76,0.207,0.675,0.313
0.683,0.685,0.149,0.501,0.712
0.653,0.708,0.077,0.53,0.438
0.824,0.769,0.166,0.558,0.63
0.89,0.767,0.298,0.701,0.367
0.674,0.636,0.116,0.421,0.381
0.871,0.832,0.064,0.623,0.517
0.737,0.714,0.155,0.527,0.514
0.165,0.24,0.072,0.078,0.393
0.397,0.37,0.08,0.24,0.158
0.296,0.362,0.054,0.104,0.559
0.688,0.659,0.113,0.457,0.608
0.751,0.71,0.037,0.409,0.339
0.842,0.814,0.299,0.681,0.596
0.727,0.662,0.222,0.454,0.426
0.512,0.484,0.053,0.296,0.532
0.792,0.749,0.239,0.598,0.389
0.888,0.777,0.004,0.708,0.505
0.526,0.46,0.054,0.305,0.396
0.745,0.755,0.246,0.552,0.413
0.501,0.46,0.104,0.291,0.474
0.608,0.531,0.067,0.316,0.489
0.334,0.403,0.053,0.178,0.556
0.827,0.812,0.038,0.534,0.575
0.814,0.742,0.165,0.551,0.547
0.748,0.727,0.037,0.558,0.61
0.409,0.464,0.087,0.254,0.27
0.792,0.821,0.088,0.594,0.449
0.825,0.772,0.124,0.511,0.553
0.807,0.76,0.177,0.605,0.586
0.409,0.519,0.099,0.262,0.56
0.891,0.781,0.14,0.683,0.497
0.604,0.64,0.18,0.418,0.349
0.13,0.209,0.041,0.103,0.509
0.594,0.583,0.085,0.343,0.422
0.392,0.503,0.066,0.208,0.512
0.863,0.807,0.154,0.634,0.663
0.552,0.557,0.031,0.33,0.497
0.454,0.517,0.136,0.266,0.614
0.803,0.76,0.131,0.609,0.56
0.94,0.963,0.042,0.475,0.846
0.299,0.337,0.082,0.135,0.276
0.921,0.871,0.059,0.592,0.697
0.396,0.434,0.185,0.222,0.258
0.868,0.854,0.102,0.716,0.723
0.463,0.416,0.101,0.206,0.322
0.51,0.487,0.136,0.305,0.282
0.732,0.754,0.113,0.52,0.458
0.856,0.81,0.09,0.494,0.657
0.902,0.794,0.094,0.739,0.342
0.815,0.734,0.24,0.522,0.411
0.708,0.641,0.05,0.394,0.437
0.243,0.233,0.062,0.051,0.172
0.892,0.901,0.037,0.551,0.661
0.793,0.75,0.184,0.572,0.41
0.848,0.791,0.187,0.635,0.673
0.584,0.687,0.12,0.4,0.559
0.847,0.806,0.12,0.687,0.592
0.682,0.718,0.059,0.479,0.541
0.63,0.523,0.189,0.421,0.166
0.312,0.459,0.076,0.185,0.569
0.784,0.734,0.18,0.591,0.497
0.81,0.751,0.216,0.645,0.443
0.659,0.609,0.063,0.34,0.498
0.85,0.855,0.061,0.558,0.712
0.65,0.653,0.235,0.506,0.446
0.569,0.458,0.449,0.359,0.215
0.855,0.822,0.119,0.542,0.574
0.627,0.576,0.079,0.386,0.503
0.618,0.668,0.068,0.389,0.498
0.876,0.825,0.116,0.764,0.559
0.806,0.751,0.172,0.599,0.471
0.906,0.849,0.104,0.666,0.672
0.864,0.86,0.045,0.536,0.669
0.895,0.805,0.132,0.682,0.639
0.617,0.493,0.132,0.313,0.318
0.868,0.766,0.079,0.664,0.467
0.851,0.801,0.268,0.694,0.52
0.938,0.873,0.007,0.445,0.541
0.924,0.774,0.004,0.721,0.533
0.87,0.77,0.114,0.729,0.373
0.839,0.764,0.145,0.647,0.446
0.871,0.77,0.33,0.705,0.241
0.389,0.541,0.102,0.201,0.572
0.683,0.665,0.107,0.489,0.506
0.851,0.754,0.193,0.649,0.452
0.846,0.835,0.067,0.497,0.654
0.483,0.524,0.06,0.266,0.47
0.876,0.83,0.123,0.691,0.587
0.443,0.512,0.061,0.127,0.611
0.585,0.664,0.206,0.385,0.532
0.941,0.925,0.038,0.527,0.803
0.833,0.802,0.096,0.541,0.685
0.803,0.746,0.156,0.61,0.441
0.306,0.319,0.123,0.133,0.267
0.597,0.664,0.147,0.4,0.393
0.724,0.63,0.144,0.499,0.37
0.625,0.592,0.062,0.403,0.402
0.597,0.476,0.454,0.385,0.176
0.564,0.614,0.112,0.36,0.483
0.692,0.602,0.323,0.496,0.432
0.794,0.738,0.164,0.613,0.395
0.809,0.779,0.167,0.592,0.428
0.844,0.762,0.137,0.66,0.529
0.538,0.487,0.166,0.328,0.315
0.848,0.762,0.089,0.573,0.67
0.816,0.714,0.108,0.557,0.623
0.882,0.846,0.08,0.62,0.709
0.662,0.521,0.203,0.47,0.131
0.497,0.467,0.115,0.285,0.372
0.863,0.847,0.079,0.664,0.705
0.688,0.742,0.092,0.456,0.608
0.853,0.82,0.149,0.689,0.67
0.834,0.784,0.081,0.548,0.664
0.792,0.734,0.213,0.593,0.416
0.731,0.726,0.087,0.512,0.458
0.664,0.629,0.088,0.43,0.464
0.797,0.717,0.092,0.604,0.273
0.463,0.461,0.088,0.275,0.56
0.817,0.687,0.152,0.598,0.366
0.6,0.627,0.112,0.371,0.441
0.8,0.733,0.047,0.45,0.634
0.873,0.797,0.168,0.649,0.684
0.822,0.709,0.349,0.65,0.277
0.917,0.921,0.0,0.783,0.62
0.489,0.502,0.127,0.296,0.324
0.865,0.8,0.115,0.632,0.682
0.893,0.894,0.063,0.612,0.491
0.74,0.712,0.139,0.433,0.529
0.488,0.489,0.147,0.286,0.337
0.517,0.484,0.054,0.27,0.572
0.91,0.775,0.149,0.761,0.476
0.823,0.758,0.181,0.684,0.45
0.337,0.411,0.046,0.163,0.404
0.731,0.694,0.13,0.425,0.577
0.657,0.571,0.15,0.384,0.456
0.588,0.589,0.058,0.376,0.313
0.661,0.674,0.09,0.408,0.508
0.492,0.513,0.204,0.291,0.392
0.603,0.507,0.102,0.314,0.408
0.577,0.578,0.119,0.357,0.239
0.264,0.302,0.086,0.136,0.461
0.834,0.824,0.036,0.562,0.613
0.889,0.797,0.069,0.712,0.378
0.894,0.746,0.385,0.733,0.339
0.89,0.798,0.146,0.688,0.452
0.454,0.504,0.103,0.28,0.511
0.361,0.399,0.026,0.192,0.318
0.139,0.2,0.06,0.054,0.497
0.888,0.902,0.074,0.538,0.774
0.902,0.893,0.067,0.68,0.678
0.701,0.59,0.128,0.498,0.261
0.764,0.713,0.189,0.518,0.422
0.919,0.823,0.067,0.703,0.542
0.832,0.844,0.074,0.572,0.664
0.022,0.0,0.113,0.012,0.163
0.543,0.54,0.067,0.344,0.416
0.775,0.757,0.05,0.462,0.568
0.831,0.87,0.085,0.66,0.682
0.441,0.423,0.09,0.22,0.407
0.847,0.846,0.071,0.587,0.596
0.634,0.637,0.067,0.413,0.283
0.412,0.407,0.086,0.223,0.309
0.414,0.412,0.087,0.204,0.215
0.644,0.688,0.053,0.363,0.434
0.787,0.718,0.207,0.54,0.498
0.58,0.575,0.118,0.383,0.367
0.634,0.615,0.086,0.378,0.458
0.51,0.565,0.057,0.249,0.518
0.808,0.744,0.183,0.623,0.413
0.874,0.861,0.008,0.538,0.506
0.847,0.796,0.164,0.641,0.623
0.662,0.627,0.125,0.468,0.163
0.887,0.872,0.044,0.667,0.63
0.48,0.489,0.093,0.267,0.399
0.654,0.715,0.087,0.436,0.601
0.682,0.729,0.075,0.407,0.512
0.661,0.678,0.131,0.441,0.488
0.828,0.732,0.174,0.671,0.295
0.582,0.579,0.087,0.375,0.324
0.857,0.805,0.199,0.679,0.512
0.626,0.535,0.109,0.317,0.441
0.713,0.903,0.043,0.351,0.767
0.678,0.586,0.317,0.453,0.465
0.27,0.36,0.07,0.149,0.453
0.806,0.749,0.33,0.664,0.361
0.807,0.741,0.188,0.601,0.37
0.785,0.777,0.166,0.565,0.536
0.608,0.581,0.118,0.348,0.506
0.384,0.462,0.12,0.207,0.319
0.772,0.753,0.046,0.461,0.625
0.833,0.786,0.117,0.634,0.494
0.713,0.672,0.047,0.486,0.539
0.86,0.803,0.126,0.653,0.611
0.399,0.556,0.069,0.206,0.59
0.783,0.835,0.017,0.461,0.506
0.872,0.792,0.079,0.609,0.464
0.797,0.771,0.087,0.615,0.488
0.346,0.384,0.035,0.178,0.613
0.805,0.752,0.181,0.61,0.378
0.898,0.765,0.126,0.723,0.556
0.883,0.816,0.161,0.717,0.642
0.721,0.743,0.167,0.506,0.321
0.867,0.918,0.0,0.589,0.854
0.908,0.829,0.094,0.601,0.73
0.607,0.588,0.144,0.389,0.389
0.939,0.883,0.033,0.702,0.529
0.758,0.726,0.361,0.595,0.205
0.825,0.723,0.081,0.634,0.175
0.64,0.666,0.039,0.415,0.569
0.348,0.38,0.061,0.106,0.55
0.457,0.448,0.093,0.261,0.401
0.369,0.425,0.114,0.205,0.458
0.87,0.832,0.082,0.597,0.693
0.353,0.465,0.041,0.199,0.648
0.836,0.808,0.106,0.617,0.547
0.863,0.8,0.06,0.478,0.657
0.844,0.843,0.058,0.56,0.654
0.719,0.766,0.149,0.479,0.45
0.453,0.525,0.116,0.297,0.639
0.301,0.341,0.037,0.202,0.304
0.862,0.681,0.292,0.715,0.304
0.88,0.87,0.07,0.53,0.732
0.525,0.567,0.065,0.283,0.517
0.788,0.744,0.173,0.571,0.447
0.781,0.768,0.053,0.536,0.41
0.44,0.457,0.079,0.242,0.547
0.299,0.289,0.138,0.136,0.339
0.865,0.773,0.094,0.689,0.453
0.55,0.528,0.045,0.349,0.548
0.89,0.824,0.088,0.678,0.687
0.671,0.699,0.078,0.442,0.551
0.893,0.899,0.014,0.719,0.678
0.819,0.755,0.189,0.577,0.562
0.823,0.778,0.201,0.627,0.426
0.826,0.803,0.125,0.609,0.514
0.859,0.835,0.053,0.589,0.783
0.281,0.388,0.028,0.126,0.628
0.746,0.767,0.126,0.54,0.586
0.748,0.672,0.196,0.499,0.242
0.705,0.71,0.135,0.414,0.559
0.677,0.728,0.035,0.549,0.545
0.277,0.271,0.074,0.125,0.206
0.78,0.72,0.246,0.556,0.45
0.785,0.791,0.126,0.571,0.449
0.861,0.831,0.089,0.554,0.649
0.808,0.895,0.141,0.551,0.505
0.699,0.624,0.304,0.532,0.524
0.547,0.497,0.17,0.324,0.402
0.593,0.574,0.099,0.402,0.366
0.84,0.707,0.309,0.655,0.267
0.719,0.786,0.116,0.465,0.45
0.839,0.73,0.169,0.658,0.209
0.796,0.729,0.18,0.617,0.345
0.869,0.818,0.061,0.703,0.598
0.34,0.415,0.24,0.221,0.541
0.846,0.821,0.109,0.618,0.575
0.834,0.846,0.087,0.663,0.58
0.65,0.674,0.244,0.453,0.548
0.82,0.796,0.095,0.559,0.669
0.545,0.473,0.136,0.364,0.405
0.504,0.474,0.123,0.284,0.327
0.915,0.916,0.04,0.542,0.58
0.339,0.38,0.038,0.162,0.301
0.683,0.718,0.052,0.485,0.553
0.899,0.847,0.059,0.726,0.643
0.656,0.604,0.143,0.416,0.658
0.676,0.699,0.084,0.404,0.494
0.523,0.498,0.17,0.316,0.372
0.906,0.892,0.033,0.662,0.565
0.932,0.89,0.043,0.704,0.664
0.798,0.731,0.073,0.495,0.619
0.78,0.676,0.098,0.523,0.601
0.942,0.912,0.098,0.638,0.654
0.703,0.668,0.188,0.478,0.505
0.44,0.4,0.075,0.183,0.396
0.855,0.853,0.11,0.541,0.706
0.287,0.437,0.057,0.16,0.574
0.915,0.819,0.08,0.723,0.563
0.852,0.69,0.182,0.611,0.289
0.891,0.852,0.115,0.672,0.69
0.914,0.914,0.018,0.707,0.666
0.654,0.645,0.098,0.367,0.545
0.658,0.651,0.102,0.423,0.378
0.878,0.819,0.165,0.704,0.712
0.485,0.431,0.238,0.298,0.336
0.927,0.878,0.119,0.691,0.422
0.84,0.886,0.045,0.66,0.63
0.851,0.809,0.139,0.602,0.602
0.825,0.816,0.112,0.602,0.515
0.864,0.736,0.147,0.696,0.389
0.563,0.576,0.062,0.334,0.366
0.601,0.641,0.056,0.406,0.673
0.654,0.729,0.083,0.505,0.423
0.08,0.128,0.077,0.013,0.41
0.809,0.775,0.117,0.592,0.556
0.216,0.259,0.056,0.104,0.267
0.784,0.742,0.117,0.566,0.495
0.606,0.63,0.056,0.381,0.636
0.936,0.952,0.082,0.518,0.745
0.511,0.453,0.189,0.311,0.298
0.786,0.774,0.171,0.592,0.495
0.614,0.641,0.104,0.379,0.459
0.568,0.507,0.078,0.354,0.512
0.831,0.817,0.09,0.529,0.738
0.904,0.857,0.071,0.648,0.774
0.833,0.756,0.239,0.567,0.44
0.426,0.389,0.143,0.225,0.39
0.69,0.72,0.081,0.441,0.55
0.902,0.842,0.198,0.713,0.551
0.776,0.796,0.063,0.486,0.47
0.829,0.771,0.153,0.638,0.566
0.325,0.346,0.064,0.113,0.443
0.688,0.717,0.063,0.404,0.544
0.886,0.782,0.154,0.745,0.324
0.87,0.731,0.409,0.685,0.209
0.651,0.62,0.235,0.455,0.386
0.8,0.9,0.0,0.696,0.745
0.62,0.568,0.135,0.438,0.541
0.523,0.561,0.043,0.263,0.422
0.666,0.654,0.102,0.425,0.569
0.683,0.748,0.047,0.408,0.62
0.475,0.53,0.085,0.28,0.407
0.485,0.444,0.057,0.167,0.518
0.553,0.535,0.042,0.232,0.559
0.584,0.584,0.061,0.381,0.265
0.795,0.746,0.178,0.566,0.405
0.949,0.85,0.083,0.72,0.447
0.444,0.441,0.089,0.247,0.408
0.875,0.82,0.111,0.654,0.702
0.458,0.52,0.125,0.267,0.589
0.566,0.499,0.072,0.365,0.399
0.773,0.892,0.072,0.52,0.611
0.852,0.838,0.019,0.614,0.592
0.273,0.384,0.069,0.132,0.742
0.837,0.716,0.425,0.663,0.33
0.318,0.399,0.047,0.193,0.628
0.832,0.891,0.001,0.583,0.88
0.575,0.56,0.153,0.385,0.377
0.406,0.533,0.05,0.188,0.572
0.825,0.79,0.122,0.653,0.333
0.884,0.885,0.045,0.652,0.803
0.6,0.566,0.134,0.347,0.411
0.319,0.415,0.045,0.118,0.62
0.486,0.539,0.196,0.285,0.396
0.24,0.337,0.048,0.145,0.429
0.878,0.779,0.177,0.667,0.584
0.86,0.783,0.204,0.636,0.584
0.905,0.925,0.03,0.557,0.873
0.599,0.627,0.228,0.435,0.467
0.643,0.682,0.075,0.414,0.474
0.508,0.452,0.145,0.308,0.217
0.439,0.421,0.079,0.227,0.384
0.408,0.462,0.073,0.255,0.288
0.425,0.466,0.089,0.139,0.553
0.262,0.308,0.055,0.127,0.274
0.6,0.652,0.142,0.425,0.384
0.846,0.779,0.153,0.647,0.498
0.834,0.751,0.16,0.546,0.452
0.875,0.816,0.188,0.665,0.482
0.533,0.65,0.058,0.34,0.455
0.798,0.736,0.171,0.603,0.477
0.555,0.609,0.014,0.339,0.505
0.687,0.632,0.071,0.32,0.39
0.856,0.794,0.115,0.647,0.514
0.586,0.636,0.258,0.448,0.551
0.527,0.509,0.103,0.313,0.462
0.8,0.83,0.069,0.431,0.462
0.813,0.759,0.076,0.507,0.657
0.684,0.708,0.069,0.445,0.527
0.308,0.385,0.054,0.16,0.28
0.822,0.724,0.243,0.662,0.279
0.824,0.817,0.032,0.719,0.902
0.882,0.869,0.033,0.611,0.538
0.929,0.877,0.069,0.598,0.697
0.776,0.748,0.202,0.687,0.274
0.281,0.454,0.057,0.184,0.423
0.43,0.508,0.187,0.268,0.69
0.26,0.346,0.055,0.137,0.55
0.303,0.513,0.031,0.145,0.446
0.814,0.762,0.206,0.558,0.506
0.619,0.509,0.056,0.304,0.336
0.489,0.495,0.191,0.317,0.405
0.413,0.392,0.033,0.159,0.431
0.809,0.784,0.128,0.549,0.434
0.892,0.841,0.087,0.469,0.581
0.514,0.525,0.09,0.277,0.367
0.786,0.722,0.135,0.559,0.36
0.878,0.801,0.153,0.693,0.319
0.875,0.797,0.117,0.669,0.636
0.787,0.849,0.219,0.53,0.83
0.624,0.737,0.093,0.457,0.506
0.879,0.889,0.05,0.645,0.801
0.563,0.506,0.108,0.326,0.432
0.865,0.774,0.072,0.637,0.38
0.693,0.65,0.142,0.478,0.542
0.807,0.677,0.166,0.62,0.44
0.814,0.76,0.197,0.643,0.378
0.917,0.863,0.078,0.635,0.587
0.536,0.488,0.148,0.325,0.471
0.902,0.813,0.097,0.709,0.495
0.906,0.806,0.136,0.67,0.437
0.838,0.782,0.204,0.682,0.367
0.23,0.202,0.062,0.048,0.081
0.856,0.84,0.079,0.617,0.518
0.8,0.803,0.128,0.569,0.485
0.522,0.591,0.163,0.239,0.367
0.841,0.911,0.015,0.579,0.84
0.837,0.805,0.086,0.581,0.628
0.551,0.523,0.143,0.325,0.345
0.451,0.409,0.117,0.278,0.456
0.872,0.849,0.068,0.637,0.718
0.641,0.617,0.128,0.47,0.526
0.333,0.321,0.034,0.107,0.361
0.831,0.752,0.129,0.531,0.492
0.585,0.593,0.048,0.328,0.413
0.892,0.833,0.002,0.554,0.651
0.852,0.721,0.16,0.65,0.256
0.796,0.877,0.014,0.455,0.88
0.875,0.788,0.102,0.683,0.622
0.567,0.567,0.04,0.341,0.565
0.656,0.684,0.095,0.461,0.319
0.66,0.671,0.095,0.424,0.477
0.722,0.642,0.214,0.451,0.358
0.743,0.776,0.127,0.549,0.495
0.636,0.657,0.286,0.485,0.554
0.741,0.681,0.147,0.455,0.387
0.587,0.477,0.53,0.344,0.38
0.64,0.638,0.099,0.454,0.37
0.799,0.763,0.087,0.558,0.628
0.801,0.747,0.141,0.607,0.438
0.852,0.877,0.072,0.496,0.705
0.866,0.871,0.076,0.586,0.881
0.296,0.327,0.032,0.126,0.526
0.781,0.745,0.313,0.551,0.322
0.617,0.613,0.145,0.396,0.38
0.884,0.799,0.157,0.668,0.511
0.805,0.785,0.13,0.57,0.562
0.618,0.545,0.183,0.408,0.381
0.763,0.792,0.147,0.536,0.435
0.811,0.762,0.224,0.623,0.398
0.7,0.684,0.045,0.526,0.267
0.587,0.636,0.051,0.375,0.39
0.653,0.594,0.142,0.418,0.587
0.792,0.813,0.103,0.57,0.524
0.039,0.017,0.085,0.02,0.146
0.545,0.513,0.103,0.324,0.489
0.776,0.724,0.218,0.619,0.322
0.864,0.801,0.051,0.458,0.684
0.544,0.485,0.127,0.319,0.389
0.773,0.823,0.021,0.518,0.542
0.807,0.727,0.068,0.599,0.58
0.935,0.886,0.0,0.759,0.518
0.576,0.559,0.083,0.323,0.399
0.595,0.545,0.15,0.333,0.517
0.721,0.663,0.224,0.446,0.574
0.219,0.225,0.052,0.022,0.161
0.895,0.818,0.1,0.679,0.486
0.504,0.503,0.132,0.256,0.646
0.644,0.549,0.259,0.441,0.242
0.569,0.606,0.124,0.387,0.434
0.553,0.676,0.064,0.361,0.595
0.583,0.541,0.041,0.331,0.492
0.834,0.733,0.121,0.648,0.262
0.875,0.71,0.092,0.649,0.383
0.774,0.774,0.122,0.567,0.517
0.894,0.929,0.049,0.573,0.806
0.868,0.793,0.149,0.611,0.583
0.767,0.71,0.056,0.384,0.523
0.598,0.581,0.052,0.344,0.301
0.203,0.255,0.061,0.064,0.045
0.673,0.644,0.14,0.51,0.58
0.802,0.736,0.181,0.598,0.279
0.583,0.467,0.489,0.373,0.226
0.772,0.754,0.055,0.444,0.541
0.431,0.436,0.069,0.264,0.464
0.572,0.58,0.11,0.366,0.378
0.835,0.751,0.2,0.568,0.461
0.38,0.296,0.11,0.157,0.3
0.765,0.704,0.237,0.444,0.511
0.863,0.771,0.182,0.65,0.527
0.365,0.428,0.135,0.197,0.532
0.83,0.739,0.525,0.651,0.324
0.856,0.822,0.109,0.637,0.613
0.873,0.798,0.151,0.696,0.532
0.514,0.463,0.087,0.314,0.405
0.857,0.853,0.053,0.624,0.684
0.331,0.458,0.062,0.162,0.571
0.686,0.655,0.102,0.527,0.598
0.574,0.642,0.061,0.361,0.523
0.874,0.791,0.096,0.642,0.459
0.409,0.522,0.043,0.179,0.498
0.83,0.736,0.124,0.655,0.328
0.872,0.786,0.154,0.739,0.348
0.847,0.745,0.132,0.6,0.512
0.797,0.826,0.084,0.52,0.532
0.606,0.564,0.053,0.283,0.431
0.584,0.623,0.182,0.416,0.474
0.455,0.483,0.068,0.207,0.541
0.657,0.551,0.18,0.476,0.321
0.711,0.588,0.134,0.488,0.349
0.794,0.725,0.182,0.593,0.435
0.843,0.834,0.056,0.619,0.505
0.879,0.835,0.141,0.697,0.449
0.387,0.487,0.049,0.216,0.47
0.885,0.897,0.052,0.533,0.53
0.228,0.38,0.037,0.124,0.666
0.825,0.799,0.151,0.611,0.545
0.174,0.19,0.066,0.071,0.435
0.674,0.574,0.387,0.457,0.38
0.551,0.559,0.054,0.296,0.512
0.88,0.734,0.223,0.695,0.512
0.771,0.761,0.244,0.526,0.324
0.827,0.814,0.095,0.575,0.53
0.692,0.686,0.103,0.5,0.446
0.44,0.645,0.062,0.188,0.694
0.062,0.182,0.018,0.028,0.498
0.642,0.661,0.067,0.425,0.361
0.537,0.531,0.057,0.326,0.563
0.859,0.793,0.194,0.676,0.541
0.444,0.404,0.084,0.195,0.482
0.893,0.78,0.07,0.67,0.459
0.534,0.514,0.074,0.293,0.495
0.654,0.725,0.071,0.387,0.63
0.802,0.714,0.162,0.593,0.435
0.49,0.484,0.059,0.283,0.617
0.929,0.846,0.068,0.645,0.669
0.94,0.91,0.08,0.655,0.694
0.61,0.648,0.11,0.386,0.545
0.586,0.632,0.048,0.362,0.383
0.42,0.482,0.139,0.26,0.494
0.798,0.75,0.234,0.61,0.306
0.833,0.736,0.588,0.653,0.321
0.876,0.859,0.097,0.619,0.703
0.832,0.835,0.094,0.511,0.619
0.475,0.503,0.092,0.297,0.572
0.851,0.832,0.079,0.574,0.559
0.912,0.776,0.161,0.731,0.431
0.853,0.829,0.082,0.624,0.622
0.778,0.779,0.083,0.612,0.565
0.878,0.917,0.025,0.621,0.864
0.61,0.569,0.065,0.296,0.491
0.758,0.715,0.121,0.552,0.443
0.613,0.741,0.115,0.408,0.592
0.268,0.5,0.048,0.168,0.497
0.61,0.62,0.143,0.397,0.42
0.656,0.707,0.095,0.537,0.411
0.672,0.701,0.043,0.422,0.614
0.798,0.759,0.161,0.602,0.491
0.508,0.482,0.052,0.288,0.545
0.338,0.475,0.089,0.168,0.61
0.496,0.456,0.132,0.301,0.432
0.71,0.738,0.176,0.475,0.437
0.689,0.639,0.088,0.463,0.42
0.22,0.33,0.044,0.133,0.446
0.847,0.776,0.11,0.543,0.69
0.814,0.766,0.247,0.594,0.429
0.613,0.727,0.062,0.407,0.649
0.806,0.793,0.102,0.539,0.437
0.335,0.501,0.046,0.164,0.375
0.85,0.849,0.123,0.677,0.657
0.527,0.552,0.038,0.285,0.527
0.818,0.741,0.228,0.629,0.36
0.52,0.525,0.084,0.281,0.383
0.613,0.563,0.061,0.291,0.538
0.89,0.78,0.07,0.642,0.58
0.39,0.369,0.11,0.192,0.328
0.83,0.761,0.145,0.591,0.602
0.841,0.82,0.087,0.583,0.643
0.602,0.621,0.125,0.441,0.377
0.853,0.733,0.213,0.68,0.245
0.603,0.682,0.153,0.391,0.605
0.845,0.848,0.112,0.576,0.515
0.823,0.74,0.29,0.655,0.33
0.584,0.675,0.122,0.427,0.505
0.219,0.223,0.082,0.031,0.271
0.742,0.736,0.142,0.528,0.599
0.847,0.805,0.135,0.486,0.613
0.597,0.697,0.09,0.393,0.514
0.92,0.879,0.117,0.688,0.61
0.598,0.472,0.118,0.3,0.444
0.929,0.835,0.105,0.736,0.518
0.896,0.827,0.037,0.579,0.642
0.891,0.82,0.176,0.639,0.509
0.9,0.86,0.079,0.644,0.702
0.082,0.235,0.039,0.033,0.673
0.596,0.658,0.235,0.416,0.587
0.035,0.023,0.07,0.002,0.232
0.328,0.387,0.042,0.115,0.556
0.927,0.905,0.023,0.743,0.666
0.374,0.315,0.31,0.233,0.161
0.864,0.852,0.017,0.655,0.497
0.8,0.705,0.149,0.567,0.563
0.879,0.814,0.07,0.756,0.425
0.55,0.547,0.039,0.328,0.505
0.493,0.533,0.07,0.284,0.547
0.4,0.444,0.111,0.146,0.544
0.587,0.525,0.117,0.393,0.396
0.886,0.875,0.124,0.718,0.467
0.51,0.519,0.111,0.278,0.449
0.522,0.507,0.126,0.264,0.544
0.881,0.829,0.03,0.652,0.755
0.846,0.792,0.221,0.674,0.63
0.85,0.8,0.104,0.643,0.572
0.765,0.787,0.065,0.523,0.431
0.71,0.626,0.155,0.426,0.468
0.637,0.582,0.06,0.326,0.514
0.914,0.931,0.101,0.531,0.669
0.428,0.498,0.166,0.251,0.59
0.492,0.505,0.074,0.256,0.464
0.823,0.806,0.085,0.597,0.554
0.339,0.345,0.039,0.102,0.479
0.788,0.753,0.181,0.589,0.465
0.799,0.751,0.135,0.604,0.464
0.582,0.604,0.071,0.361,0.304
0.51,0.459,0.138,0.305,0.327
0.477,0.453,0.193,0.295,0.352
0.675,0.702,0.047,0.358,0.691
0.85,0.826,0.065,0.563,0.575
0.886,0.786,0.152,0.666,0.619
0.912,0.925,0.036,0.608,0.539
0.808,0.884,0.002,0.546,0.92
0.58,0.574,0.096,0.354,0.498
0.838,0.732,0.242,0.669,0.304
0.601,0.553,0.097,0.312,0.509
0.785,0.715,0.133,0.59,0.408
0.865,0.738,0.255,0.675,0.288
0.828,0.713,0.078,0.649,0.465
0.828,0.81,0.127,0.596,0.479
0.881,0.855,0.038,0.532,0.664
0.679,0.729,0.048,0.4,0.584
0.836,0.812,0.079,0.547,0.651
0.633,0.586,0.069,0.313,0.458
0.497,0.526,0.148,0.289,0.389
0.631,0.686,0.13,0.454,0.523
0.81,0.772,0.188,0.625,0.444
0.512,0.478,0.095,0.273,0.471
0.587,0.606,0.149,0.432,0.44
0.723,0.796,0.105,0.428,0.479
0.861,0.74,0.143,0.675,0.536
0.867,0.857,0.082,0.594,0.572
0.884,0.828,0.071,0.698,0.541
0.297,0.479,0.036,0.138,0.544
0.877,0.801,0.106,0.686,0.45
0.716,0.706,0.056,0.484,0.538
0.5,0.53,0.063,0.265,0.464
0.873,0.857,0.047,0.467,0.515
0.896,0.906,0.042,0.715,0.652
0.827,0.763,0.116,0.648,0.486
0.92,0.962,0.032,0.653,0.776
0.654,0.63,0.151,0.47,0.565
0.257,0.322,0.051,0.117,0.518
0.536,0.474,0.108,0.316,0.476
0.804,0.855,0.027,0.641,0.783
0.65,0.828,0.053,0.359,0.627
0.512,0.536,0.159,0.251,0.422
0.877,0.727,0.298,0.792,0.236
0.843,0.804,0.489,0.667,0.83
0.42,0.412,0.04,0.172,0.413
0.869,0.874,0.038,0.648,0.801
0.682,0.706,0.04,0.404,0.786
0.315,0.453,0.047,0.19,0.411
0.558,0.503,0.1,0.369,0.447
0.335,0.324,0.109,0.141,0.431
0.784,0.769,0.148,0.579,0.428
0.516,0.554,0.047,0.273,0.586
0.849,0.749,0.269,0.683,0.294
0.737,0.822,0.092,0.568,0.63
0.642,0.605,0.031,0.345,0.497
0.452,0.513,0.067,0.166,0.608
0.878,0.829,0.029,0.656,0.685
0.624,0.645,0.047,0.411,0.592
0.862,0.826,0.065,0.668,0.628
0.862,0.804,0.193,0.679,0.44
0.763,0.736,0.309,0.599,0.355
0.728,0.781,0.079,0.485,0.693
0.972,0.862,0.002,0.634,0.593
0.871,0.873,0.011,0.59,0.806
0.597,0.67,0.185,0.416,0.601
0.647,0.652,0.102,0.405,0.384
0.394,0.453,0.118,0.212,0.337
0.865,0.748,0.344,0.644,0.355
0.818,0.81,0.06,0.568,0.474
0.606,0.671,0.093,0.385,0.575
0.845,0.835,0.16,0.588,0.533
0.646,0.709,0.113,0.524,0.389
0.843,0.794,0.084,0.623,0.599
0.736,0.792,0.134,0.567,0.633
0.888,0.892,0.04,0.635,0.709
0.878,0.827,0.099,0.622,0.726
0.366,0.355,0.048,0.108,0.435
0.257,0.306,0.095,0.157,0.432
0.853,0.817,0.061,0.488,0.729
0.657,0.713,0.038,0.341,0.363
0.874,0.818,0.183,0.679,0.509
0.861,0.775,0.106,0.631,0.498
0.881,0.746,0.235,0.71,0.232
0.859,0.718,0.131,0.622,0.483
0.891,0.894,0.03,0.65,0.744
0.85,0.87,0.038,0.516,0.59
0.479,0.539,0.037,0.238,0.523
0.7,0.663,0.098,0.487,0.61
0.818,0.716,0.524,0.642,0.258
0.609,0.631,0.041,0.388,0.593
0.481,0.496,0.083,0.293,0.59
0.695,0.705,0.06,0.412,0.476
0.651,0.63,0.1,0.396,0.565
0.69,0.714,0.061,0.419,0.56
0.401,0.514,0.067,0.121,0.669
0.499,0.486,0.131,0.26,0.226
0.929,0.773,0.065,0.774,0.675
0.564,0.637,0.053,0.396,0.461
0.864,0.85,0.096,0.669,0.526
0.611,0.565,0.11,0.382,0.473
0.789,0.88,0.002,0.637,0.886
0.896,0.875,0.11,0.647,0.678
0.896,0.854,0.03,0.675,0.663
0.679,0.712,0.07,0.468,0.536
0.706,0.686,0.099,0.414,0.471
0.848,0.82,0.148,0.588,0.529
0.615,0.669,0.062,0.382,0.443
0.809,0.751,0.197,0.603,0.402
0.931,0.767,0.05,0.746,0.583
0.928,0.908,0.052,0.609,0.729
0.603,0.613,0.26,0.445,0.264
0.585,0.599,0.045,0.34,0.399
0.664,0.554,0.261,0.462,0.227
0.805,0.793,0.033,0.4,0.584
0.351,0.415,0.181,0.199,0.361
0.873,0.804,0.214,0.649,0.505
0.526,0.475,0.202,0.349,0.295
0.568,0.6,0.024,0.346,0.581
0.895,0.794,0.091,0.66,0.355
0.752,0.728,0.051,0.401,0.577
0.85,0.822,0.107,0.642,0.602
0.464,0.501,0.107,0.256,0.512
0.244,0.306,0.047,0.105,0.502
0.623,0.634,0.122,0.368,0.648
0.855,0.811,0.162,0.604,0.56
0.929,0.842,0.072,0.706,0.569
0.477,0.481,0.193,0.282,0.307
0.85,0.679,0.272,0.654,0.184
0.482,0.556,0.032,0.092,0.708
0.704,0.677,0.061,0.431,0.414
0.66,0.637,0.046,0.428,0.446
0.549,0.519,0.159,0.333,0.256
0.447,0.494,0.17,0.272,0.473
0.642,0.587,0.073,0.414,0.404
0.803,0.754,0.167,0.558,0.452
0.532,0.466,0.131,0.309,0.336
0.907,0.886,0.051,0.741,0.595
0.577,0.601,0.04,0.356,0.459
0.874,0.785,0.163,0.715,0.346
0.544,0.571,0.397,0.393,0.446
0.796,0.754,0.127,0.605,0.565
0.893,0.91,0.026,0.425,0.602
0.832,0.775,0.096,0.64,0.5
0.356,0.383,0.033,0.18,0.575
0.86,0.837,0.042,0.637,0.474
0.207,0.265,0.137,0.131,0.345
0.294,0.33,0.055,0.113,0.482
0.652,0.643,0.148,0.403,0.42
0.89,0.896,0.042,0.62,0.765
0.85,0.815,0.136,0.543,0.55
0.291,0.348,0.081,0.148,0.328
0.791,0.745,0.1,0.545,0.465
0.689,0.672,0.077,0.496,0.547
0.792,0.664,0.193,0.578,0.399
0.811,0.764,0.131,0.612,0.611
0.327,0.348,0.069,0.102,0.483
0.325,0.336,0.087,0.146,0.352
0.864,0.814,0.15,0.646,0.714
0.875,0.823,0.185,0.673,0.721
0.843,0.753,0.277,0.669,0.31
0.896,0.822,0.125,0.695,0.572
0.66,0.679,0.085,0.37,0.34
0.778,0.78,0.133,0.564,0.512
0.234,0.472,0.02,0.119,0.63
0.895,0.791,0.135,0.657,0.545
0.85,0.816,0.129,0.559,0.583
0.932,0.968,0.066,0.549,0.764
0.815,0.768,0.167,0.622,0.56
0.812,0.802,0.12,0.57,0.617
0.569,0.572,0.128,0.377,0.429
0.806,0.757,0.173,0.584,0.538
0.871,0.851,0.115,0.673,0.584
0.234,0.273,0.043,0.101,0.321
0.918,0.835,0.063,0.658,0.717
0.877,0.812,0.187,0.642,0.565
0.291,0.269,0.114,0.129,0.288
0.761,0.725,0.417,0.531,0.202
0.801,0.77,0.125,0.565,0.467
0.643,0.681,0.083,0.475,0.486
0.285,0.445,0.076,0.17,0.488
0.9,0.874,0.046,0.649,0.73
0.832,0.809,0.052,0.626,0.539
0.853,0.878,0.041,0.539,0.601
0.767,0.768,0.132,0.492,0.574
0.671,0.64,0.127,0.452,0.486
0.889,0.836,0.1,0.554,0.637
0.84,0.802,0.08,0.527,0.633
0.654,0.623,0.057,0.404,0.489
0.554,0.539,0.103,0.365,0.411
0.621,0.653,0.105,0.442,0.477
0.605,0.562,0.101,0.326,0.529
0.232,0.418,0.04,0.163,0.492
0.846,0.769,0.137,0.538,0.431
0.361,0.358,0.096,0.245,0.134
0.602,0.639,0.051,0.369,0.58
0.333,0.33,0.063,0.115,0.441
0.858,0.731,0.217,0.68,0.235
0.837,0.79,0.143,0.535,0.429
0.415,0.428,0.084,0.239,0.25
0.827,0.883,0.049,0.735,0.628
0.801,0.769,0.157,0.629,0.367
0.612,0.571,0.077,0.311,0.471
0.613,0.607,0.13,0.441,0.373
0.765,0.681,0.152,0.522,0.375
0.84,0.84,0.108,0.63,0.509
0.923,0.865,0.05,0.589,0.785
0.874,0.901,0.067,0.653,0.758
0.877,0.868,0.044,0.637,0.583
0.401,0.48,0.126,0.23,0.363
0.669,0.648,0.136,0.43,0.491
0.863,0.856,0.085,0.58,0.652
0.766,0.8,0.057,0.542,0.663
0.467,0.414,0.157,0.257,0.288
0.208,0.283,0.075,0.099,0.196
0.804,0.709,0.1,0.54,0.627
0.87,0.8,0.191,0.641,0.447
0.81,0.757,0.191,0.571,0.438
0.65,0.563,0.233,0.455,0.279
0.653,0.636,0.1,0.422,0.482
0.875,0.853,0.103,0.679,0.568
0.74,0.717,0.059,0.477,0.541
0.404,0.535,0.053,0.193,0.572
0.65,0.725,0.087,0.508,0.45
0.666,0.69,0.114,0.416,0.369
0.429,0.524,0.09,0.284,0.467
0.539,0.492,0.257,0.314,0.244
0.874,0.706,0.671,0.69,0.172
0.347,0.411,0.243,0.201,0.447
0.649,0.709,0.079,0.509,0.351
0.695,0.607,0.136,0.45,0.623
0.774,0.774,0.096,0.492,0.416
0.839,0.782,0.207,0.667,0.393
0.83,0.904,0.015,0.681,0.596
0.835,0.781,0.116,0.622,0.48
0.096,0.183,0.065,0.051,0.574
0.475,0.472,0.1,0.245,0.553
0.894,0.817,0.075,0.501,0.687
0.34,0.445,0.059,0.187,0.425
0.476,0.495,0.098,0.274,0.464
0.802,0.766,0.127,0.603,0.461
0.838,0.687,0.256,0.629,0.343
0.505,0.521,0.101,0.275,0.328
0.857,0.861,0.029,0.592,0.758
0.817,0.75,0.044,0.501,0.652
0.802,0.872,0.017,0.691,0.672
0.454,0.513,0.094,0.245,0.483
0.865,0.815,0.138,0.631,0.402
0.807,0.717,0.369,0.658,0.283
0.338,0.459,0.046,0.168,0.551
0.641,0.659,0.056,0.415,0.45
0.829,0.783,0.168,0.516,0.485
0.791,0.743,0.474,0.64,0.398
0.399,0.492,0.127,0.25,0.399
0.632,0.626,0.134,0.388,0.419
0.504,0.479,0.045,0.245,0.455
0.864,0.844,0.065,0.63,0.667
0.438,0.489,0.101,0.269,0.503
0.695,0.844,0.039,0.428,0.655
0.438,0.448,0.112,0.258,0.393
0.871,0.867,0.074,0.581,0.679
0.545,0.53,0.106,0.295,0.297
0.624,0.524,0.217,0.423,0.23
0.745,0.839,0.045,0.49,0.72
0.348,0.52,0.059,0.187,0.587
0.566,0.561,0.075,0.343,0.364
0.755,0.729,0.067,0.504,0.511
0.7,0.723,0.05,0.395,0.607
0.726,0.714,0.225,0.506,0.479
0.892,0.838,0.104,0.616,0.669
0.701,0.742,0.141,0.474,0.402
0.573,0.548,0.054,0.298,0.498
0.884,0.782,0.111,0.725,0.47
0.832,0.771,0.151,0.652,0.425
0.408,0.436,0.096,0.214,0.235
0.62,0.55,0.064,0.346,0.459
0.787,0.751,0.131,0.547,0.529
0.729,0.721,0.155,0.526,0.471
0.877,0.816,0.101,0.435,0.655
0.798,0.732,0.194,0.64,0.357
0.819,0.745,0.475,0.63,0.389
0.584,0.716,0.133,0.379,0.562
0.638,0.619,0.098,0.337,0.569
0.751,0.729,0.2,0.616,0.509
0.259,0.366,0.03,0.126,0.494
0.82,0.776,0.137,0.641,0.511
0.648,0.709,0.126,0.51,0.283
0.882,0.78,0.166,0.644,0.578
0.401,0.458,0.076,0.231,0.328
0.299,0.391,0.024,0.102,0.63
0.864,0.837,0.07,0.644,0.663
0.569,0.571,0.087,0.37,0.295
0.445,0.366,0.159,0.253,0.36
0.591,0.602,0.075,0.385,0.321
0.209,0.228,0.039,0.059,0.206
0.339,0.341,0.064,0.132,0.363
0.818,0.791,0.188,0.532,0.548
0.618,0.605,0.164,0.401,0.327
0.906,0.94,0.085,0.511,0.779
0.128,0.249,0.035,0.065,0.542
0.601,0.509,0.098,0.316,0.339
0.818,0.791,0.107,0.609,0.477
0.909,0.828,0.118,0.703,0.565
0.86,0.788,0.227,0.671,0.583
0.416,0.518,0.091,0.233,0.399
0.468,0.518,0.146,0.273,0.565
0.83,0.792,0.108,0.448,0.547
0.842,0.807,0.138,0.567,0.66
0.901,0.892,0.047,0.576,0.78
0.411,0.484,0.105,0.245,0.331
0.904,0.765,0.189,0.745,0.571
0.83,0.766,0.155,0.653,0.431
0.794,0.748,0.234,0.611,0.459
0.833,0.834,0.062,0.689,0.655
0.933,0.89,0.097,0.787,0.642
0.665,0.854,0.048,0.356,0.69
0.654,0.55,0.214,0.452,0.214
0.139,0.188,0.037,0.051,0.485
0.753,0.8,0.123,0.561,0.559
0.875,0.808,0.105,0.682,0.669
0.38,0.346,0.052,0.182,0.432
0.543,0.512,0.168,0.315,0.355
0.73,0.66,0.276,0.449,0.462
0.677,0.678,0.084,0.408,0.435
0.368,0.309,0.082,0.169,0.41
0.486,0.467,0.068,0.284,0.53
0.611,0.602,0.056,0.362,0.404
0.213,0.287,0.06,0.113,0.286
0.903,0.82,0.073,0.744,0.741
0.345,0.412,0.053,0.196,0.414
0.875,0.795,0.144,0.663,0.517
0.411,0.442,0.104,0.265,0.182
0.03,0.143,0.065,0.042,0.476
0.519,0.461,0.058,0.318,0.447
0.62,0.61,0.115,0.391,0.578
0.852,0.795,0.073,0.622,0.724
0.898,0.797,0.163,0.714,0.593
0.732,0.646,0.122,0.475,0.455
0.601,0.576,0.071,0.344,0.337
0.827,0.724,0.044,0.623,0.182
0.912,0.796,0.089,0.717,0.321
0.741,0.782,0.045,0.546,0.75
0.324,0.478,0.066,0.154,0.396
0.338,0.373,0.031,0.107,0.61
0.839,0.726,0.105,0.651,0.274
0.869,0.825,0.135,0.478,0.533
0.794,0.751,0.168,0.575,0.389
0.875,0.818,0.072,0.663,0.711
0.747,0.772,0.067,0.478,0.604
0.726,0.669,0.114,0.492,0.316
0.674,0.681,0.139,0.467,0.551
0.822,0.727,0.442,0.645,0.312
0.915,0.788,0.129,0.731,0.268
0.71,0.753,0.05,0.389,0.575
0.582,0.591,0.05,0.322,0.482
0.804,0.75,0.128,0.566,0.482
0.417,0.473,0.101,0.203,0.361
0.799,0.748,0.257,0.614,0.417
0.604,0.547,0.046,0.298,0.441
0.663,0.636,0.098,0.396,0.515
0.48,0.499,0.083,0.263,0.188
0.286,0.443,0.083,0.141,0.492
0.785,0.769,0.168,0.564,0.63
0.451,0.417,0.088,0.213,0.261
0.563,0.667,0.038,0.354,0.515
0.855,0.688,0.267,0.701,0.295
0.857,0.825,0.049,0.639,0.527
0.645,0.674,0.121,0.379,0.488
0.865,0.724,0.272,0.697,0.343
0.808,0.755,0.17,0.541,0.464
0.583,0.666,0.053,0.356,0.536
0.33,0.308,0.07,0.139,0.307
0.476,0.519,0.077,0.268,0.476
0.725,0.666,0.169,0.447,0.486
0.877,0.782,0.148,0.665,0.596
0.774,0.738,0.072,0.514,0.405
0.517,0.496,0.052,0.287,0.53
0.781,0.937,0.025,0.438,0.742
0.853,0.801,0.19,0.663,0.7
0.838,0.769,0.137,0.551,0.652
0.923,0.884,0.05,0.601,0.795
0.475,0.475,0.045,0.278,0.587
0.544,0.668,0.009,0.388,0.593
0.448,0.464,0.014,0.305,0.539
0.644,0.667,0.254,0.499,0.529
0.807,0.752,0.18,0.618,0.452
0.32,0.322,0.03,0.16,0.562
0.846,0.851,0.095,0.598,0.596
0.411,0.384,0.012,0.168,0.506
0.849,0.777,0.227,0.68,0.319
0.89,0.908,0.088,0.801,0.617
0.64,0.568,0.182,0.419,0.489
0.712,0.701,0.124,0.411,0.578
0.351,0.536,0.074,0.159,0.505
0.836,0.8,0.12,0.642,0.495
0.364,0.412,0.03,0.151,0.389
0.34,0.378,0.025,0.171,0.598
0.307,0.297,0.072,0.144,0.373
0.876,0.821,0.115,0.644,0.587
0.665,0.687,0.047,0.365,0.449
0.872,0.825,0.101,0.645,0.572
0.5,0.465,0.086,0.236,0.462
0.348,0.397,0.052,0.22,0.351
0.442,0.415,0.166,0.264,0.277
0.642,0.566,0.218,0.466,0.502
0.6,0.669,0.105,0.394,0.372
0.76,0.741,0.048,0.449,0.581
0.308,0.32,0.079,0.132,0.38
0.599,0.52,0.072,0.301,0.444
0.874,0.777,0.15,0.68,0.315
0.793,0.784,0.128,0.526,0.459
0.884,0.837,0.08,0.479,0.673
0.873,0.82,0.112,0.702,0.702
0.813,0.746,0.171,0.65,0.413
0.821,0.752,0.181,0.65,0.393
0.798,0.709,0.297,0.645,0.179
0.702,0.667,0.144,0.428,0.396
0.871,0.813,0.071,0.458,0.598
0.858,0.785,0.245,0.678,0.56
0.831,0.812,0.122,0.622,0.563
0.553,0.664,0.072,0.337,0.583
0.529,0.532,0.148,0.309,0.462
0.674,0.667,0.094,0.42,0.404
0.823,0.858,0.025,0.644,0.694
0.489,0.543,0.125,0.291,0.41
0.468,0.471,0.077,0.25,0.464
0.685,0.62,0.156,0.454,0.431
0.81,0.8,0.104,0.499,0.649
0.694,0.709,0.051,0.419,0.532
0.709,0.682,0.155,0.461,0.364
0.856,0.846,0.042,0.638,0.474
0.413,0.345,0.21,0.238,0.258
0.622,0.642,0.089,0.433,0.432
0.859,0.752,0.17,0.681,0.453
0.757,0.684,0.287,0.545,0.384
0.741,0.719,0.145,0.484,0.628
0.73,0.773,0.157,0.519,0.396
0.53,0.549,0.113,0.282,0.47
0.157,0.239,0.039,0.051,0.569
0.682,0.621,0.111,0.374,0.434
0.424,0.495,0.044,0.204,0.363
0.892,0.756,0.189,0.715,0.282
0.844,0.759,0.097,0.662,0.437
0.858,0.826,0.072,0.651,0.684
0.913,0.878,0.069,0.714,0.604
0.841,0.779,0.149,0.587,0.574
0.852,0.797,0.144,0.626,0.511
0.751,0.668,0.205,0.497,0.268
0.922,0.89,0.02,0.449,0.489
0.601,0.5,0.156,0.317,0.315
0.948,0.771,0.025,0.69,0.654
0.592,0.583,0.019,0.324,0.45
0.812,0.744,0.156,0.584,0.542
0.179,0.198,0.061,0.051,0.446
0.725,0.703,0.044,0.503,0.554
0.844,0.77,0.142,0.64,0.45
0.327,0.33,0.046,0.117,0.462
0.904,0.975,0.013,0.573,0.837
0.874,0.908,0.024,0.765,0.535
0.426,0.445,0.077,0.24,0.277
0.804,0.754,0.053,0.484,0.654
0.857,0.717,0.317,0.691,0.203
0.935,0.789,0.333,0.702,0.242
0.788,0.733,0.039,0.472,0.69
0.892,0.867,0.095,0.619,0.732
0.703,0.676,0.095,0.418,0.375
0.881,0.823,0.075,0.465,0.687
0.632,0.618,0.072,0.304,0.541
0.756,0.706,0.213,0.544,0.471
0.856,0.8,0.096,0.462,0.392
0.88,0.893,0.027,0.667,0.703
0.833,0.762,0.165,0.611,0.538
0.579,0.587,0.069,0.345,0.408
0.193,0.23,0.082,0.042,0.123
0.871,0.78,0.111,0.681,0.502
0.36,0.435,0.188,0.203,0.577
0.778,0.729,0.218,0.539,0.491
0.584,0.563,0.06,0.318,0.426
0.829,0.789,0.069,0.55,0.672
0.531,0.543,0.083,0.259,0.697
0.911,0.812,0.063,0.704,0.602
0.881,0.728,0.061,0.607,0.464
0.82,0.835,0.031,0.501,0.462
0.839,0.758,0.095,0.538,0.556
0.474,0.521,0.045,0.268,0.209
0.18,0.262,0.03,0.068,0.616
0.424,0.401,0.092,0.22,0.378
0.421,0.478,0.175,0.227,0.402
0.689,0.601,0.229,0.433,0.343
0.794,0.759,0.11,0.544,0.416
0.797,0.839,0.031,0.739,0.693
0.662,0.631,0.172,0.427,0.488
0.413,0.5,0.119,0.237,0.354
0.813,0.781,0.121,0.614,0.426
0.783,0.801,0.106,0.471,0.5
0.842,0.752,0.337,0.673,0.268
0.321,0.333,0.057,0.129,0.304
0.595,0.707,0.109,0.387,0.584
0.304,0.476,0.039,0.138,0.416
0.854,0.859,0.084,0.604,0.652
0.485,0.542,0.061,0.26,0.5
0.846,0.784,0.162,0.583,0.568
0.843,0.865,0.083,0.625,0.657
0.512,0.601,0.111,0.307,0.506
0.816,0.763,0.201,0.617,0.259
0.603,0.654,0.056,0.375,0.536
0.481,0.528,0.111,0.283,0.515
0.902,0.855,0.135,0.725,0.607
0.632,0.583,0.072,0.37,0.526
0.594,0.648,0.045,0.353,0.568
0.688,0.602,0.297,0.489,0.404
