TSSM_MAX,TSSM_MIN,TV,PTPM,BSHG
0.391,0.299,0.102,0.024,0.63
0.409,0.431,0.208,0.089,0.273
0.753,0.717,0.419,0.021,0.566
0.836,0.855,0.58,0.141,0.627
0.758,0.844,0.612,0.161,0.455
0.593,0.458,0.243,0.027,0.532
0.536,0.512,0.251,0.159,0.422
0.531,0.475,0.249,0.106,0.398
0.777,0.888,0.708,0.004,0.505
0.723,0.738,0.504,0.189,0.473
0.628,0.655,0.333,0.063,0.596
0.648,0.594,0.353,0.045,0.568
0.772,0.825,0.511,0.124,0.553
0.545,0.386,0.198,0.062,0.584
0.717,0.714,0.457,0.0,0.536
0.65,0.594,0.378,0.096,0.556
0.748,0.683,0.408,0.047,0.62
0.582,0.586,0.34,0.031,0.586
0.649,0.681,0.431,0.048,0.562
0.892,0.773,0.52,0.072,0.611
0.751,0.8,0.597,0.157,0.553
0.839,0.852,0.55,0.089,0.547
0.537,0.617,0.337,0.093,0.441
0.338,0.343,0.223,0.184,0.217
0.38,0.339,0.162,0.038,0.301
0.776,0.855,0.601,0.153,0.593
0.715,0.722,0.439,0.084,0.511
0.859,0.854,0.604,0.084,0.652
0.799,0.884,0.668,0.157,0.511
0.737,0.763,0.539,0.146,0.366
0.736,0.82,0.614,0.159,0.404
0.874,0.9,0.649,0.046,0.73
0.54,0.543,0.344,0.067,0.416
0.893,0.899,0.653,0.051,0.63
0.79,0.736,0.493,0.076,0.44
0.841,0.892,0.469,0.087,0.581
0.677,0.807,0.62,0.166,0.44
0.798,0.915,0.713,0.093,0.601
0.752,0.807,0.618,0.18,0.452
0.821,0.892,0.701,0.154,0.506
0.594,0.653,0.418,0.142,0.587
0.83,0.843,0.681,0.196,0.502
0.648,0.61,0.386,0.11,0.545
0.8,0.923,0.736,0.073,0.343
0.528,0.481,0.283,0.111,0.515
0.781,0.779,0.558,0.198,0.532
0.478,0.421,0.227,0.175,0.402
0.663,0.642,0.397,0.064,0.339
0.75,0.92,0.644,0.013,0.748
0.581,0.608,0.348,0.118,0.506
0.757,0.82,0.584,0.116,0.557
0.801,0.889,0.668,0.132,0.658
0.875,0.886,0.666,0.045,0.75
0.368,0.418,0.195,0.082,0.248
0.505,0.388,0.198,0.063,0.547
0.704,0.765,0.444,0.237,0.511
0.918,0.898,0.779,0.017,0.437
0.703,0.601,0.402,0.098,0.5
0.795,0.785,0.557,0.089,0.562
0.591,0.522,0.239,0.163,0.367
0.631,0.662,0.427,0.172,0.488
0.581,0.529,0.389,0.387,0.52
0.498,0.523,0.316,0.17,0.372
0.487,0.51,0.305,0.136,0.282
0.709,0.728,0.572,0.23,0.468
0.201,0.221,0.034,0.066,0.133
0.475,0.338,0.168,0.089,0.61
0.788,0.852,0.694,0.135,0.5
0.603,0.562,0.281,0.056,0.545
0.545,0.557,0.338,0.096,0.386
0.809,0.948,0.731,0.236,0.358
0.67,0.597,0.416,0.185,0.601
0.629,0.604,0.435,0.044,0.639
0.907,0.904,0.451,0.025,0.655
0.317,0.269,0.117,0.03,0.611
0.762,0.814,0.558,0.206,0.506
0.846,0.893,0.655,0.124,0.639
0.547,0.548,0.332,0.07,0.47
0.769,0.961,0.765,0.013,0.495
0.906,0.878,0.547,0.049,0.922
0.38,0.228,0.124,0.037,0.666
0.763,0.816,0.617,0.201,0.259
0.38,0.348,0.106,0.061,0.55
0.671,0.691,0.45,0.115,0.625
0.898,0.927,0.605,0.064,0.691
0.78,0.837,0.568,0.148,0.474
0.761,0.848,0.701,0.145,0.349
0.865,0.923,0.589,0.05,0.785
0.519,0.497,0.263,0.076,0.242
0.75,0.793,0.572,0.184,0.41
0.574,0.628,0.399,0.085,0.506
0.738,0.794,0.613,0.164,0.395
0.819,0.793,0.484,0.13,0.431
0.863,0.898,0.708,0.072,0.461
0.741,0.836,0.668,0.244,0.242
0.842,0.929,0.706,0.072,0.569
0.681,0.674,0.467,0.139,0.551
0.714,0.827,0.676,0.253,0.224
0.765,0.915,0.798,0.112,0.526
0.179,0.158,0.073,0.116,0.348
0.782,0.833,0.588,0.131,0.557
0.788,0.893,0.655,0.139,0.541
0.879,0.92,0.688,0.117,0.61
0.72,0.744,0.522,0.154,0.395
0.651,0.619,0.42,0.132,0.447
0.182,0.062,0.028,0.018,0.498
0.843,0.861,0.66,0.115,0.545
0.806,0.783,0.471,0.111,0.479
0.702,0.675,0.358,0.047,0.691
0.766,0.91,0.732,0.107,0.574
0.863,0.854,0.603,0.092,0.666
0.567,0.66,0.467,0.171,0.327
0.292,0.287,0.136,0.08,0.23
0.868,0.831,0.6,0.101,0.661
0.757,0.731,0.522,0.158,0.446
0.82,0.841,0.583,0.087,0.643
0.872,0.802,0.691,0.017,0.672
0.739,0.762,0.471,0.152,0.604
0.884,0.808,0.546,0.002,0.92
0.528,0.55,0.349,0.045,0.548
0.879,0.854,0.596,0.09,0.636
0.724,0.827,0.623,0.044,0.182
0.874,0.864,0.591,0.085,0.663
0.833,0.893,0.683,0.068,0.642
0.505,0.573,0.343,0.1,0.351
0.257,0.194,0.098,0.074,0.286
0.794,0.885,0.686,0.12,0.664
0.786,0.837,0.537,0.185,0.437
0.94,0.965,0.525,0.087,0.572
0.552,0.393,0.2,0.075,0.596
0.232,0.157,0.069,0.057,0.458
0.396,0.356,0.203,0.266,0.417
0.807,0.799,0.437,0.041,0.521
0.506,0.393,0.198,0.086,0.518
0.78,0.871,0.681,0.111,0.502
0.507,0.304,0.181,0.05,0.441
0.766,0.868,0.664,0.079,0.467
0.805,0.735,0.554,0.109,0.56
0.373,0.338,0.107,0.031,0.61
0.665,0.683,0.489,0.107,0.506
0.476,0.547,0.35,0.189,0.392
0.811,0.869,0.689,0.167,0.637
0.667,0.657,0.376,0.07,0.389
0.559,0.583,0.374,0.087,0.447
0.373,0.398,0.242,0.1,0.178
0.707,0.655,0.538,0.089,0.447
0.811,0.85,0.632,0.153,0.678
0.273,0.234,0.101,0.043,0.321
0.59,0.701,0.498,0.128,0.261
0.74,0.829,0.649,0.348,0.261
0.445,0.25,0.138,0.034,0.381
0.754,0.796,0.605,0.127,0.565
0.774,0.831,0.601,0.074,0.488
0.9,0.8,0.696,0.0,0.745
0.784,0.837,0.644,0.092,0.532
0.569,0.585,0.386,0.151,0.372
0.532,0.529,0.309,0.148,0.462
0.784,0.793,0.526,0.128,0.459
0.596,0.555,0.218,0.059,0.526
0.708,0.835,0.666,0.434,0.288
0.879,0.902,0.609,0.113,0.69
0.335,0.277,0.131,0.032,0.572
0.732,0.786,0.608,0.167,0.294
0.499,0.48,0.263,0.083,0.188
0.832,0.853,0.56,0.104,0.661
0.85,0.827,0.514,0.054,0.648
0.827,0.825,0.628,0.142,0.42
0.672,0.748,0.499,0.196,0.242
0.666,0.869,0.704,0.352,0.285
0.916,0.915,0.542,0.04,0.58
0.805,0.919,0.66,0.085,0.541
0.5,0.268,0.168,0.048,0.497
0.756,0.818,0.622,0.166,0.419
0.411,0.347,0.201,0.243,0.447
0.453,0.441,0.279,0.131,0.333
0.353,0.327,0.156,0.052,0.339
0.506,0.503,0.335,0.072,0.523
0.651,0.58,0.388,0.059,0.535
0.466,0.546,0.312,0.056,0.357
0.542,0.569,0.296,0.071,0.411
0.565,0.403,0.185,0.077,0.619
0.654,0.67,0.482,0.135,0.381
0.598,0.613,0.35,0.142,0.502
0.483,0.411,0.186,0.033,0.429
0.578,0.577,0.357,0.119,0.239
0.781,0.83,0.63,0.132,0.425
0.809,0.888,0.666,0.129,0.693
0.686,0.766,0.544,0.275,0.306
0.896,0.89,0.62,0.042,0.765
0.804,0.854,0.642,0.146,0.61
0.62,0.61,0.397,0.143,0.42
0.857,0.878,0.564,0.055,0.574
0.551,0.657,0.476,0.18,0.321
0.645,0.654,0.367,0.098,0.545
0.839,0.901,0.678,0.108,0.589
0.857,0.849,0.535,0.03,0.542
0.305,0.363,0.174,0.107,0.42
0.807,0.864,0.598,0.128,0.658
0.818,0.882,0.612,0.143,0.608
0.342,0.33,0.146,0.052,0.327
0.576,0.621,0.303,0.057,0.47
0.818,0.895,0.679,0.1,0.486
0.853,0.844,0.665,0.082,0.771
0.445,0.431,0.277,0.068,0.449
0.824,0.84,0.558,0.057,0.697
0.458,0.443,0.146,0.059,0.545
0.856,0.899,0.635,0.031,0.679
0.33,0.288,0.113,0.039,0.523
0.844,0.878,0.594,0.049,0.417
0.847,0.891,0.72,0.1,0.425
0.877,0.929,0.598,0.069,0.697
0.478,0.512,0.273,0.095,0.471
0.486,0.552,0.307,0.15,0.369
0.729,0.753,0.538,0.206,0.547
0.807,0.828,0.564,0.086,0.642
0.411,0.358,0.208,0.041,0.413
0.892,0.865,0.685,0.012,0.672
0.775,0.742,0.507,0.136,0.53
0.668,0.663,0.421,0.16,0.416
0.26,0.277,0.129,0.09,0.182
0.779,0.764,0.494,0.091,0.483
0.188,0.139,0.051,0.037,0.485
0.527,0.507,0.258,0.133,0.498
0.845,0.885,0.693,0.198,0.384
0.736,0.8,0.628,0.17,0.45
0.36,0.27,0.149,0.07,0.453
0.351,0.397,0.169,0.016,0.53
0.829,0.908,0.601,0.094,0.73
0.778,0.726,0.481,0.139,0.443
0.559,0.691,0.478,0.192,0.119
0.482,0.353,0.15,0.101,0.389
0.842,0.902,0.713,0.198,0.551
0.781,0.813,0.614,0.121,0.426
0.392,0.412,0.259,0.09,0.22
0.736,0.892,0.655,0.234,0.45
0.812,0.831,0.622,0.122,0.563
0.684,0.656,0.461,0.095,0.319
0.692,0.852,0.707,0.308,0.279
0.336,0.325,0.146,0.087,0.352
0.804,0.862,0.679,0.193,0.44
0.633,0.673,0.445,0.196,0.369
0.789,0.919,0.713,0.071,0.069
0.606,0.587,0.432,0.149,0.44
0.428,0.47,0.253,0.135,0.267
0.752,0.831,0.531,0.129,0.492
0.387,0.369,0.176,0.027,0.61
0.53,0.545,0.295,0.106,0.297
0.818,0.843,0.559,0.14,0.495
0.856,0.863,0.58,0.085,0.652
0.734,0.826,0.654,0.305,0.357
0.852,0.864,0.655,0.017,0.497
0.692,0.607,0.418,0.178,0.479
0.779,0.809,0.592,0.167,0.428
0.722,0.724,0.524,0.212,0.563
0.614,0.648,0.359,0.076,0.529
0.837,0.884,0.479,0.08,0.673
0.571,0.612,0.311,0.077,0.471
0.919,0.885,0.664,0.01,0.839
0.808,0.836,0.617,0.106,0.547
0.623,0.586,0.347,0.041,0.583
0.652,0.655,0.463,0.325,0.458
0.758,0.839,0.538,0.095,0.556
0.46,0.511,0.278,0.059,0.411
0.745,0.819,0.63,0.475,0.389
0.839,0.816,0.509,0.104,0.557
0.953,0.878,0.62,0.039,0.786
0.707,0.698,0.5,0.091,0.514
0.884,0.836,0.576,0.001,0.822
0.764,0.812,0.623,0.139,0.488
0.351,0.365,0.234,0.145,0.309
0.211,0.155,0.083,0.084,0.352
0.785,0.858,0.68,0.088,0.373
0.596,0.534,0.262,0.057,0.342
0.274,0.289,0.132,0.067,0.218
0.782,0.741,0.546,0.045,0.75
0.445,0.285,0.17,0.076,0.488
0.835,0.893,0.645,0.106,0.652
0.371,0.272,0.099,0.031,0.63
0.509,0.527,0.313,0.103,0.462
0.323,0.185,0.06,0.071,0.551
0.361,0.434,0.221,0.114,0.334
0.797,0.667,0.413,0.072,0.608
0.459,0.457,0.292,0.098,0.459
0.745,0.847,0.6,0.132,0.512
0.743,0.791,0.64,0.474,0.398
0.699,0.676,0.404,0.084,0.494
0.828,0.876,0.697,0.091,0.605
0.87,0.861,0.537,0.055,0.639
0.782,0.802,0.559,0.197,0.45
0.456,0.284,0.152,0.062,0.483
0.811,0.848,0.591,0.118,0.601
0.896,0.861,0.508,0.027,0.649
0.842,0.843,0.662,0.005,0.577
0.85,0.864,0.669,0.096,0.526
0.749,0.767,0.555,0.213,0.414
0.66,0.789,0.528,0.148,0.462
0.742,0.881,0.71,0.313,0.309
0.506,0.487,0.317,0.166,0.291
0.713,0.771,0.421,0.254,0.637
0.328,0.244,0.127,0.041,0.47
0.559,0.576,0.323,0.083,0.399
0.246,0.158,0.094,0.001,0.333
0.767,0.807,0.652,0.16,0.396
0.681,0.643,0.475,0.083,0.486
0.893,0.84,0.681,0.009,0.623
0.746,0.835,0.673,0.443,0.383
0.753,0.823,0.635,0.094,0.261
0.535,0.553,0.232,0.042,0.559
0.337,0.24,0.145,0.048,0.429
0.839,0.797,0.739,0.031,0.693
0.601,0.689,0.433,0.229,0.343
0.813,0.902,0.709,0.097,0.495
0.442,0.419,0.257,0.08,0.128
0.77,0.753,0.523,0.094,0.685
0.874,0.878,0.664,0.08,0.697
0.226,0.203,0.053,0.063,0.078
0.507,0.496,0.328,0.199,0.477
0.805,0.857,0.679,0.199,0.512
0.874,0.85,0.678,0.065,0.649
0.801,0.851,0.694,0.268,0.52
0.613,0.692,0.381,0.066,0.381
0.491,0.524,0.308,0.116,0.45
0.779,0.878,0.667,0.177,0.584
0.69,0.699,0.428,0.092,0.58
0.709,0.652,0.537,0.096,0.45
0.398,0.327,0.178,0.046,0.339
0.836,0.82,0.593,0.143,0.563
0.729,0.654,0.505,0.083,0.423
0.479,0.422,0.19,0.043,0.413
0.32,0.329,0.136,0.057,0.27
0.858,0.869,0.595,0.076,0.62
0.751,0.82,0.641,0.128,0.378
0.909,0.911,0.631,0.004,0.738
0.804,0.843,0.688,0.067,0.619
0.802,0.852,0.678,0.207,0.622
0.482,0.42,0.26,0.139,0.494
0.766,0.833,0.659,0.259,0.467
0.698,0.585,0.365,0.04,0.559
0.832,0.745,0.552,0.082,0.645
0.855,0.895,0.695,0.06,0.727
0.852,0.886,0.534,0.062,0.648
0.851,0.903,0.674,0.053,0.702
0.885,0.867,0.648,0.271,0.687
0.757,0.834,0.538,0.165,0.627
0.744,0.812,0.584,0.156,0.542
0.779,0.778,0.612,0.083,0.565
0.768,0.815,0.622,0.167,0.56
0.814,0.829,0.394,0.054,0.495
0.8,0.863,0.478,0.06,0.657
0.647,0.72,0.46,0.198,0.348
0.33,0.333,0.115,0.063,0.441
0.4,0.44,0.183,0.075,0.396
0.494,0.444,0.277,0.155,0.518
0.739,0.891,0.737,0.546,0.241
0.844,0.821,0.493,0.032,0.536
0.714,0.737,0.527,0.155,0.514
0.458,0.467,0.285,0.119,0.538
0.431,0.489,0.273,0.177,0.307
0.471,0.533,0.36,0.129,0.36
0.429,0.445,0.224,0.085,0.452
0.684,0.776,0.608,0.133,0.334
0.79,0.808,0.498,0.043,0.455
0.792,0.736,0.567,0.134,0.633
0.812,0.886,0.67,0.084,0.655
0.75,0.647,0.495,0.041,0.461
0.711,0.757,0.416,0.069,0.589
0.276,0.236,0.118,0.105,0.42
0.368,0.336,0.181,0.056,0.553
0.586,0.666,0.454,0.216,0.36
0.499,0.408,0.206,0.078,0.483
0.562,0.503,0.301,0.119,0.444
0.429,0.442,0.194,0.075,0.242
0.519,0.41,0.271,0.132,0.581
0.425,0.369,0.205,0.114,0.458
0.769,0.772,0.553,0.09,0.471
0.763,0.928,0.727,0.048,0.679
0.483,0.456,0.278,0.082,0.203
0.701,0.635,0.373,0.047,0.495
0.728,0.881,0.607,0.061,0.464
0.533,0.493,0.284,0.07,0.547
0.595,0.676,0.359,0.116,0.426
0.612,0.653,0.435,0.254,0.413
0.708,0.661,0.54,0.09,0.485
0.733,0.599,0.396,0.183,0.581
0.779,0.77,0.567,0.133,0.5
0.834,0.86,0.636,0.122,0.625
0.63,0.606,0.381,0.056,0.636
0.406,0.356,0.166,0.045,0.533
0.863,0.876,0.698,0.081,0.601
0.593,0.586,0.367,0.164,0.431
0.789,0.844,0.614,0.227,0.575
0.772,0.835,0.667,0.182,0.358
0.744,0.814,0.536,0.167,0.548
0.823,0.919,0.703,0.067,0.542
0.744,0.793,0.604,0.181,0.423
0.729,0.819,0.556,0.069,0.681
0.243,0.244,0.049,0.062,0.179
0.862,0.914,0.628,0.126,0.562
0.465,0.237,0.075,0.063,0.544
0.783,0.799,0.616,0.165,0.372
0.606,0.625,0.355,0.124,0.563
0.201,0.166,0.092,0.062,0.291
0.791,0.866,0.613,0.131,0.607
0.774,0.774,0.567,0.122,0.517
0.481,0.459,0.273,0.216,0.393
0.564,0.338,0.128,0.042,0.48
0.697,0.749,0.519,0.242,0.456
0.767,0.803,0.57,0.184,0.477
0.891,0.653,0.345,0.04,0.741
0.878,0.853,0.539,0.041,0.601
0.591,0.668,0.381,0.1,0.41
0.378,0.298,0.105,0.046,0.515
0.875,0.789,0.649,0.0,0.786
0.821,0.848,0.555,0.051,0.593
0.892,0.931,0.696,0.061,0.646
0.374,0.427,0.199,0.072,0.339
0.412,0.374,0.148,0.019,0.292
0.456,0.496,0.301,0.132,0.432
0.789,0.935,0.702,0.333,0.242
0.735,0.756,0.59,0.239,0.218
0.827,0.896,0.579,0.037,0.642
0.819,0.855,0.675,0.153,0.452
0.835,0.859,0.589,0.053,0.783
0.739,0.757,0.523,0.044,0.48
0.831,0.781,0.523,0.104,0.523
0.748,0.871,0.643,0.328,0.38
0.949,0.891,0.621,0.04,0.819
0.822,0.896,0.695,0.125,0.572
0.782,0.838,0.595,0.107,0.52
0.744,0.792,0.604,0.181,0.456
0.782,0.886,0.745,0.154,0.324
0.773,0.864,0.697,0.144,0.432
0.777,0.849,0.68,0.227,0.319
0.523,0.551,0.325,0.143,0.345
0.836,0.835,0.577,0.074,0.568
0.557,0.552,0.33,0.031,0.497
0.337,0.299,0.135,0.082,0.276
0.905,0.893,0.671,0.113,0.768
0.683,0.864,0.707,0.314,0.3
0.709,0.804,0.54,0.1,0.627
0.59,0.68,0.451,0.276,0.438
0.475,0.421,0.209,0.076,0.495
0.882,0.868,0.463,0.06,0.691
0.803,0.823,0.67,0.1,0.627
0.905,0.87,0.552,0.059,0.842
0.691,0.679,0.446,0.1,0.503
0.687,0.838,0.629,0.256,0.343
0.519,0.594,0.332,0.073,0.488
0.78,0.863,0.705,0.118,0.377
0.878,0.927,0.691,0.119,0.422
0.424,0.357,0.235,0.198,0.583
0.556,0.618,0.308,0.063,0.432
0.233,0.243,0.051,0.062,0.172
0.825,0.827,0.567,0.228,0.563
0.754,0.803,0.558,0.167,0.452
0.718,0.776,0.586,0.104,0.432
0.427,0.541,0.292,0.129,0.245
0.617,0.641,0.47,0.128,0.526
0.814,0.863,0.617,0.083,0.566
0.556,0.579,0.358,0.113,0.244
0.72,0.777,0.636,0.116,0.482
0.479,0.461,0.282,0.104,0.373
0.494,0.423,0.23,0.117,0.488
0.385,0.333,0.153,0.064,0.334
0.714,0.726,0.506,0.225,0.479
0.686,0.757,0.451,0.086,0.479
0.659,0.568,0.323,0.023,0.717
0.511,0.525,0.268,0.097,0.416
0.636,0.614,0.381,0.082,0.44
0.844,0.864,0.63,0.065,0.667
0.574,0.584,0.359,0.104,0.349
0.852,0.901,0.606,0.144,0.62
0.349,0.298,0.123,0.057,0.462
0.765,0.801,0.607,0.074,0.456
0.762,0.935,0.682,0.061,0.687
0.71,0.65,0.514,0.125,0.39
0.706,0.754,0.539,0.313,0.276
0.284,0.315,0.152,0.1,0.39
0.683,0.665,0.477,0.232,0.581
0.762,0.805,0.614,0.049,0.398
0.377,0.418,0.219,0.165,0.361
0.79,0.786,0.575,0.085,0.494
0.194,0.171,0.093,0.051,0.367
0.736,0.779,0.544,0.091,0.577
0.587,0.579,0.345,0.069,0.408
0.914,0.897,0.734,0.051,0.709
0.793,0.859,0.676,0.194,0.541
0.731,0.794,0.592,0.221,0.429
0.965,0.901,0.517,0.036,0.786
0.908,0.899,0.644,0.047,0.758
0.807,0.835,0.616,0.136,0.584
0.723,0.842,0.626,0.057,0.235
0.495,0.475,0.289,0.142,0.265
0.436,0.431,0.264,0.069,0.464
0.476,0.597,0.385,0.454,0.176
0.91,0.969,0.57,0.031,0.773
0.434,0.396,0.222,0.185,0.258
0.539,0.479,0.238,0.037,0.523
0.815,0.848,0.551,0.086,0.694
0.79,0.826,0.603,0.059,0.503
0.882,0.902,0.635,0.028,0.533
0.828,0.814,0.572,0.108,0.438
0.863,0.917,0.635,0.078,0.587
0.527,0.421,0.241,0.095,0.595
0.578,0.473,0.262,0.105,0.52
0.543,0.522,0.285,0.055,0.599
0.524,0.674,0.397,0.008,0.27
0.613,0.58,0.353,0.081,0.438
0.647,0.666,0.438,0.139,0.551
0.592,0.482,0.249,0.045,0.634
0.651,0.701,0.374,0.076,0.432
0.751,0.816,0.625,0.163,0.512
0.803,0.813,0.583,0.128,0.601
0.741,0.613,0.408,0.115,0.592
0.929,0.894,0.573,0.049,0.806
0.691,0.781,0.451,0.254,0.506
0.712,0.596,0.389,0.124,0.553
0.675,0.716,0.454,0.096,0.339
0.694,0.681,0.418,0.127,0.544
0.555,0.562,0.328,0.066,0.432
0.38,0.411,0.193,0.073,0.357
0.472,0.475,0.245,0.1,0.553
0.49,0.497,0.273,0.06,0.58
0.513,0.454,0.245,0.094,0.483
0.813,0.838,0.535,0.128,0.453
0.786,0.871,0.658,0.087,0.429
0.476,0.431,0.244,0.175,0.411
0.69,0.709,0.42,0.175,0.535
0.742,0.645,0.42,0.033,0.667
0.782,0.808,0.563,0.137,0.42
0.609,0.587,0.328,0.046,0.483
0.491,0.566,0.316,0.16,0.375
0.746,0.795,0.566,0.178,0.405
0.799,0.882,0.645,0.054,0.306
0.795,0.732,0.458,0.098,0.452
0.787,0.908,0.69,0.084,0.568
0.645,0.728,0.512,0.21,0.491
0.701,0.854,0.665,0.619,0.217
0.626,0.632,0.388,0.134,0.419
0.777,0.807,0.606,0.122,0.467
0.812,0.836,0.547,0.079,0.651
0.762,0.818,0.625,0.158,0.486
0.574,0.58,0.354,0.096,0.498
0.742,0.843,0.682,0.2,0.304
0.245,0.218,0.066,0.045,0.196
0.226,0.015,0.02,0.008,0.627
0.861,0.864,0.615,0.062,0.556
0.605,0.642,0.345,0.031,0.497
0.73,0.839,0.658,0.169,0.209
0.767,0.89,0.701,0.298,0.367
0.821,0.836,0.568,0.153,0.7
0.384,0.363,0.15,0.043,0.34
0.482,0.596,0.291,0.102,0.333
0.227,0.127,0.047,0.035,0.483
0.43,0.367,0.213,0.136,0.62
0.861,0.857,0.592,0.029,0.758
0.581,0.598,0.344,0.052,0.301
0.501,0.544,0.361,0.142,0.366
0.836,0.889,0.662,0.06,0.764
0.416,0.296,0.163,0.054,0.437
0.733,0.758,0.509,0.125,0.559
0.715,0.758,0.552,0.121,0.443
0.733,0.8,0.45,0.047,0.634
0.789,0.835,0.664,0.234,0.489
0.869,0.693,0.412,0.034,0.688
0.446,0.415,0.213,0.056,0.405
0.89,0.896,0.66,0.072,0.703
0.734,0.833,0.643,0.257,0.369
0.835,0.876,0.701,0.022,0.655
0.707,0.855,0.676,0.223,0.361
0.614,0.564,0.36,0.112,0.483
0.707,0.657,0.539,0.027,0.477
0.47,0.5,0.306,0.081,0.464
0.544,0.539,0.246,0.095,0.636
0.868,0.819,0.632,0.023,0.741
0.731,0.834,0.662,0.207,0.357
0.652,0.647,0.405,0.102,0.384
0.619,0.595,0.379,0.092,0.348
0.791,0.812,0.561,0.098,0.575
0.714,0.684,0.438,0.068,0.592
0.592,0.469,0.261,0.097,0.568
0.487,0.538,0.328,0.166,0.315
0.742,0.791,0.632,0.129,0.389
0.808,0.807,0.556,0.123,0.554
0.917,0.878,0.621,0.025,0.864
0.754,0.847,0.624,0.093,0.224
0.786,0.719,0.465,0.116,0.45
0.495,0.52,0.256,0.095,0.423
0.302,0.282,0.149,0.075,0.459
0.764,0.88,0.679,0.105,0.553
0.535,0.482,0.285,0.062,0.396
0.719,0.714,0.504,0.077,0.539
0.348,0.327,0.102,0.069,0.483
0.576,0.586,0.355,0.067,0.383
0.766,0.861,0.694,0.208,0.337
0.875,0.867,0.617,0.065,0.663
0.771,0.816,0.57,0.205,0.521
0.306,0.257,0.157,0.095,0.432
0.491,0.409,0.204,0.08,0.386
0.415,0.476,0.286,0.19,0.333
0.682,0.734,0.528,0.287,0.208
0.779,0.848,0.625,0.216,0.526
0.635,0.562,0.358,0.031,0.488
0.33,0.294,0.113,0.055,0.482
0.023,0.035,0.002,0.07,0.232
0.523,0.405,0.203,0.065,0.539
0.724,0.713,0.415,0.068,0.387
0.24,0.165,0.078,0.072,0.393
0.693,0.673,0.427,0.042,0.557
0.771,0.834,0.517,0.191,0.471
0.481,0.493,0.251,0.106,0.575
0.748,0.794,0.611,0.234,0.459
0.578,0.615,0.339,0.129,0.508
0.812,0.911,0.704,0.063,0.602
0.289,0.339,0.123,0.011,0.542
0.565,0.583,0.326,0.03,0.37
0.908,0.874,0.765,0.024,0.535
0.828,0.866,0.686,0.095,0.477
0.738,0.865,0.675,0.255,0.288
0.531,0.515,0.299,0.055,0.447
0.727,0.807,0.599,0.068,0.58
0.62,0.685,0.454,0.156,0.431
0.676,0.553,0.361,0.064,0.595
0.693,0.69,0.474,0.086,0.646
0.836,0.903,0.7,0.049,0.622
0.683,0.695,0.496,0.125,0.541
0.84,0.887,0.672,0.028,0.804
0.519,0.51,0.278,0.111,0.449
0.567,0.66,0.439,0.216,0.369
0.962,0.92,0.653,0.032,0.776
0.792,0.935,0.704,0.03,0.661
0.666,0.725,0.447,0.169,0.486
0.847,0.842,0.553,0.07,0.604
0.612,0.595,0.362,0.052,0.455
0.923,0.877,0.927,0.0,0.815
0.804,0.884,0.503,0.049,0.652
0.281,0.285,0.131,0.112,0.235
0.673,0.703,0.465,0.134,0.608
0.583,0.556,0.321,0.062,0.515
0.484,0.311,0.151,0.069,0.473
0.676,0.713,0.514,0.067,0.488
0.869,0.866,0.472,0.028,0.583
0.769,0.837,0.686,0.148,0.381
0.713,0.764,0.518,0.189,0.422
0.454,0.46,0.236,0.074,0.461
0.666,0.583,0.356,0.053,0.536
0.809,0.851,0.602,0.139,0.602
0.452,0.262,0.125,0.039,0.533
0.495,0.473,0.295,0.112,0.467
0.914,0.914,0.707,0.018,0.666
0.829,0.815,0.668,0.102,0.706
0.536,0.369,0.213,0.062,0.646
0.713,0.709,0.447,0.131,0.568
0.707,0.654,0.543,0.131,0.393
0.409,0.45,0.224,0.067,0.416
0.729,0.593,0.407,0.129,0.602
0.851,0.846,0.598,0.095,0.596
0.708,0.653,0.53,0.077,0.438
0.426,0.336,0.103,0.023,0.619
0.831,0.861,0.554,0.089,0.649
0.8,0.833,0.561,0.111,0.497
0.333,0.368,0.101,0.02,0.428
0.804,0.751,0.483,0.13,0.514
0.819,0.734,0.467,0.099,0.548
0.53,0.475,0.28,0.085,0.407
0.802,0.836,0.613,0.087,0.569
0.781,0.822,0.631,0.133,0.447
0.707,0.838,0.663,0.338,0.322
0.699,0.765,0.548,0.18,0.413
0.765,0.898,0.723,0.126,0.556
0.607,0.632,0.426,0.095,0.521
0.33,0.327,0.117,0.046,0.462
0.307,0.264,0.108,0.078,0.44
0.763,0.827,0.648,0.116,0.486
0.584,0.664,0.459,0.189,0.398
0.815,0.85,0.543,0.136,0.55
0.771,0.841,0.638,0.182,0.613
0.83,0.884,0.617,0.121,0.697
0.691,0.747,0.476,0.155,0.398
0.703,0.741,0.496,0.065,0.465
0.818,0.895,0.672,0.061,0.666
0.769,0.851,0.601,0.175,0.578
0.665,0.606,0.406,0.127,0.474
0.579,0.582,0.375,0.087,0.324
0.804,0.73,0.449,0.096,0.465
0.878,0.913,0.714,0.069,0.604
0.307,0.282,0.156,0.012,0.559
0.638,0.64,0.454,0.099,0.37
0.839,0.942,0.689,0.036,0.675
0.475,0.475,0.278,0.045,0.587
0.333,0.323,0.132,0.054,0.345
0.847,0.86,0.63,0.061,0.511
0.606,0.569,0.363,0.141,0.465
0.843,0.891,0.745,0.09,0.661
0.832,0.905,0.678,0.091,0.69
0.538,0.285,0.147,0.048,0.524
0.234,0.202,0.06,0.06,0.175
0.849,0.838,0.63,0.095,0.669
0.554,0.516,0.273,0.047,0.586
0.531,0.56,0.249,0.018,0.495
0.635,0.649,0.366,0.09,0.465
0.308,0.262,0.127,0.055,0.274
0.886,0.907,0.741,0.051,0.595
0.509,0.601,0.316,0.098,0.339
0.341,0.339,0.132,0.064,0.363
0.679,0.698,0.446,0.12,0.664
0.851,0.818,0.53,0.057,0.73
0.754,0.74,0.532,0.235,0.476
0.822,0.851,0.607,0.09,0.566
0.54,0.558,0.318,0.133,0.458
0.455,0.469,0.282,0.137,0.486
0.479,0.499,0.307,0.078,0.456
0.776,0.743,0.549,0.127,0.495
0.598,0.576,0.362,0.07,0.474
0.713,0.827,0.641,0.472,0.289
0.385,0.344,0.187,0.023,0.598
0.804,0.817,0.475,0.0,0.59
0.546,0.556,0.317,0.052,0.464
0.76,0.803,0.519,0.038,0.724
0.605,0.577,0.385,0.115,0.523
0.898,0.888,0.711,0.065,0.514
0.475,0.395,0.193,0.082,0.404
0.881,0.869,0.623,0.012,0.752
0.567,0.567,0.341,0.04,0.565
0.753,0.834,0.604,0.129,0.566
0.606,0.635,0.398,0.131,0.2
0.756,0.845,0.626,0.222,0.41
0.634,0.595,0.403,0.122,0.467
0.8,0.973,0.726,0.007,0.723
0.791,0.785,0.571,0.126,0.449
0.885,0.884,0.652,0.045,0.803
0.71,0.705,0.414,0.135,0.559
0.813,0.846,0.612,0.069,0.419
0.308,0.276,0.12,0.078,0.42
0.77,0.844,0.64,0.142,0.45
0.719,0.591,0.41,0.152,0.605
0.543,0.531,0.259,0.083,0.697
0.754,0.732,0.52,0.113,0.458
0.778,0.806,0.586,0.221,0.532
0.748,0.799,0.614,0.257,0.417
0.576,0.596,0.289,0.056,0.429
0.716,0.765,0.575,0.249,0.425
0.492,0.572,0.371,0.099,0.407
0.745,0.773,0.493,0.082,0.488
0.844,0.823,0.523,0.067,0.678
0.751,0.71,0.404,0.03,0.553
0.688,0.871,0.713,0.356,0.282
0.835,0.884,0.688,0.095,0.542
0.507,0.605,0.391,0.456,0.352
0.634,0.677,0.361,0.043,0.447
0.767,0.845,0.688,0.127,0.432
0.784,0.888,0.68,0.154,0.551
0.822,0.874,0.472,0.132,0.67
0.35,0.352,0.131,0.052,0.324
0.733,0.834,0.648,0.121,0.262
0.582,0.564,0.289,0.059,0.526
0.677,0.608,0.384,0.06,0.477
0.31,0.317,0.16,0.077,0.245
0.864,0.827,0.512,0.03,0.77
0.627,0.662,0.468,0.125,0.163
0.83,0.87,0.658,0.019,0.676
0.824,0.85,0.607,0.063,0.649
0.769,0.838,0.551,0.137,0.652
0.718,0.681,0.455,0.055,0.608
0.732,0.591,0.412,0.107,0.646
0.842,0.874,0.654,0.032,0.526
0.774,0.859,0.619,0.175,0.527
0.774,0.851,0.647,0.139,0.42
0.76,0.817,0.623,0.278,0.458
0.742,0.688,0.456,0.092,0.608
0.829,0.924,0.703,0.029,0.75
0.686,0.706,0.414,0.099,0.471
0.688,0.645,0.427,0.116,0.535
0.423,0.441,0.22,0.09,0.407
0.823,0.867,0.569,0.151,0.509
0.64,0.725,0.476,0.193,0.352
0.345,0.42,0.178,0.088,0.416
0.785,0.815,0.622,0.173,0.372
0.838,0.903,0.729,0.15,0.651
0.778,0.839,0.663,0.181,0.339
0.45,0.45,0.238,0.085,0.455
0.428,0.475,0.274,0.171,0.182
0.685,0.645,0.358,0.112,0.53
0.602,0.692,0.496,0.323,0.432
0.38,0.362,0.154,0.036,0.315
0.385,0.308,0.16,0.054,0.28
0.376,0.409,0.189,0.08,0.377
0.899,0.866,0.549,0.014,0.962
0.651,0.605,0.375,0.115,0.44
0.835,0.841,0.547,0.124,0.699
0.778,0.844,0.626,0.224,0.56
0.644,0.551,0.369,0.026,0.369
0.323,0.305,0.191,0.057,0.304
0.968,0.932,0.549,0.066,0.764
0.605,0.633,0.313,0.079,0.505
0.596,0.592,0.379,0.097,0.31
0.335,0.36,0.166,0.043,0.322
0.492,0.603,0.297,0.128,0.423
0.532,0.4,0.186,0.031,0.488
0.507,0.568,0.354,0.078,0.512
0.903,0.872,0.749,0.034,0.7
0.716,0.728,0.525,0.155,0.485
0.679,0.66,0.37,0.085,0.34
0.883,0.827,0.735,0.049,0.628
0.233,0.181,0.087,0.073,0.209
0.194,0.196,0.041,0.045,0.119
0.858,0.871,0.687,0.149,0.524
0.752,0.839,0.626,0.16,0.393
0.416,0.432,0.203,0.096,0.414
0.611,0.586,0.355,0.099,0.489
0.518,0.474,0.261,0.081,0.357
0.652,0.6,0.425,0.142,0.384
0.749,0.789,0.592,0.201,0.417
0.441,0.444,0.247,0.089,0.408
0.925,0.941,0.527,0.038,0.803
0.806,0.906,0.67,0.136,0.437
0.736,0.762,0.472,0.097,0.524
0.79,0.851,0.652,0.141,0.485
0.568,0.594,0.386,0.129,0.297
0.9,0.909,0.663,0.037,0.708
0.715,0.769,0.592,0.304,0.193
0.835,0.893,0.653,0.087,0.483
0.745,0.791,0.545,0.1,0.465
0.778,0.821,0.615,0.054,0.449
0.779,0.864,0.699,0.169,0.346
0.789,0.799,0.501,0.08,0.495
0.783,0.862,0.613,0.133,0.524
0.796,0.877,0.709,0.119,0.432
0.781,0.823,0.586,0.005,0.566
0.436,0.477,0.312,0.025,0.678
0.966,0.916,0.528,0.075,0.708
0.743,0.721,0.506,0.167,0.321
0.864,0.858,0.718,0.092,0.593
0.477,0.416,0.232,0.101,0.455
0.809,0.907,0.708,0.164,0.509
0.33,0.22,0.133,0.044,0.446
0.747,0.747,0.519,0.194,0.461
0.835,0.843,0.655,0.257,0.583
0.89,0.922,0.449,0.02,0.489
0.859,0.8,0.472,0.0,1.0
0.438,0.479,0.266,0.14,0.316
0.348,0.291,0.148,0.081,0.328
0.729,0.679,0.4,0.048,0.584
0.798,0.839,0.613,0.103,0.548
0.672,0.713,0.486,0.047,0.539
0.782,0.884,0.659,0.073,0.634
0.767,0.818,0.589,0.259,0.398
0.576,0.601,0.344,0.071,0.337
0.784,0.809,0.549,0.128,0.434
0.753,0.843,0.669,0.277,0.31
0.735,0.603,0.399,0.172,0.53
0.262,0.18,0.068,0.03,0.616
0.808,0.871,0.72,0.195,0.554
0.822,0.856,0.637,0.109,0.613
0.63,0.637,0.44,0.087,0.446
0.734,0.88,0.695,0.223,0.512
0.597,0.579,0.345,0.042,0.425
0.485,0.518,0.315,0.184,0.396
0.776,0.832,0.583,0.265,0.497
0.865,0.904,0.675,0.029,0.694
0.846,0.878,0.696,0.109,0.648
0.653,0.733,0.483,0.214,0.398
0.676,0.703,0.418,0.095,0.375
0.492,0.386,0.189,0.075,0.437
0.66,0.676,0.466,0.128,0.53
0.742,0.701,0.474,0.141,0.402
0.754,0.833,0.641,0.179,0.497
0.555,0.508,0.26,0.092,0.473
0.469,0.534,0.327,0.15,0.316
0.579,0.532,0.289,0.053,0.562
0.826,0.797,0.52,0.084,0.532
0.839,0.768,0.571,0.111,0.554
0.473,0.417,0.203,0.101,0.361
0.533,0.406,0.188,0.05,0.572
0.781,0.806,0.554,0.125,0.642
0.744,0.74,0.537,0.208,0.646
0.722,0.818,0.573,0.09,0.62
0.725,0.723,0.381,0.041,0.559
0.619,0.638,0.337,0.098,0.569
0.66,0.691,0.465,0.172,0.601
0.737,0.828,0.642,0.064,0.306
0.859,0.876,0.619,0.097,0.703
0.464,0.478,0.253,0.128,0.383
0.877,0.796,0.455,0.014,0.88
0.748,0.776,0.687,0.202,0.274
0.806,0.847,0.687,0.12,0.592
0.639,0.614,0.402,0.154,0.447
0.753,0.89,0.718,0.14,0.369
0.763,0.791,0.585,0.129,0.489
0.692,0.885,0.727,0.343,0.298
0.84,0.851,0.523,0.007,0.849
0.686,0.686,0.412,0.06,0.443
0.541,0.532,0.27,0.137,0.554
0.366,0.197,0.074,0.032,0.63
0.958,0.975,0.761,0.051,0.515
0.908,0.89,0.801,0.088,0.617
0.738,0.71,0.475,0.176,0.437
0.781,0.891,0.683,0.14,0.497
0.239,0.157,0.051,0.039,0.569
0.757,0.815,0.668,0.325,0.408
0.578,0.632,0.327,0.099,0.449
0.366,0.259,0.126,0.03,0.494
0.74,0.799,0.605,0.183,0.447
0.71,0.792,0.516,0.179,0.348
0.608,0.589,0.409,0.057,0.459
0.765,0.808,0.515,0.086,0.322
0.687,0.817,0.598,0.152,0.366
0.414,0.375,0.18,0.039,0.535
0.546,0.48,0.248,0.053,0.551
0.74,0.813,0.505,0.098,0.599
0.391,0.435,0.198,0.089,0.322
0.566,0.6,0.347,0.134,0.411
0.775,0.897,0.676,0.084,0.486
0.588,0.607,0.389,0.144,0.389
0.846,0.834,0.663,0.087,0.58
0.785,0.832,0.54,0.156,0.589
0.768,0.768,0.513,0.164,0.456
0.537,0.507,0.272,0.082,0.474
0.838,0.904,0.674,0.131,0.541
0.697,0.762,0.537,0.239,0.413
0.635,0.602,0.36,0.067,0.495
0.468,0.516,0.312,0.08,0.408
0.816,0.85,0.559,0.129,0.583
0.494,0.519,0.256,0.087,0.465
0.864,0.747,0.538,0.063,0.605
0.755,0.835,0.549,0.173,0.498
0.853,0.843,0.608,0.039,0.765
0.665,0.648,0.376,0.074,0.423
0.752,0.603,0.403,0.135,0.614
0.658,0.596,0.416,0.235,0.587
0.686,0.777,0.527,0.097,0.634
0.853,0.901,0.6,0.159,0.59
0.754,0.812,0.657,0.243,0.361
0.508,0.516,0.308,0.095,0.354
0.756,0.87,0.681,0.09,0.503
0.772,0.816,0.621,0.151,0.491
0.802,0.812,0.57,0.12,0.617
0.628,0.69,0.438,0.161,0.393
0.499,0.566,0.365,0.072,0.399
0.304,0.397,0.17,0.07,0.306
0.219,0.159,0.084,0.065,0.28
0.723,0.7,0.395,0.05,0.607
0.564,0.56,0.247,0.092,0.637
0.846,0.785,0.528,0.067,0.556
0.701,0.712,0.411,0.124,0.578
0.897,0.703,0.354,0.038,0.724
0.234,0.125,0.049,0.019,0.584
0.794,0.844,0.647,0.108,0.565
0.299,0.321,0.145,0.054,0.423
0.739,0.893,0.738,0.34,0.232
0.473,0.366,0.106,0.058,0.678
0.719,0.585,0.384,0.156,0.536
0.649,0.589,0.436,0.219,0.548
0.756,0.883,0.705,0.093,0.205
0.862,0.865,0.549,0.035,0.718
0.843,0.852,0.563,0.075,0.473
0.624,0.641,0.378,0.09,0.517
0.769,0.869,0.628,0.208,0.595
0.809,0.832,0.626,0.052,0.539
0.729,0.653,0.392,0.031,0.532
0.794,0.895,0.66,0.091,0.355
0.819,0.878,0.704,0.165,0.712
0.846,0.856,0.638,0.042,0.474
0.38,0.416,0.21,0.124,0.229
0.463,0.514,0.314,0.087,0.405
0.721,0.699,0.422,0.092,0.649
0.797,0.828,0.55,0.07,0.639
0.672,0.608,0.378,0.048,0.533
0.315,0.309,0.1,0.031,0.39
0.642,0.722,0.451,0.214,0.358
0.714,0.802,0.593,0.162,0.435
0.835,0.879,0.697,0.141,0.449
0.642,0.665,0.445,0.105,0.474
0.748,0.697,0.467,0.024,0.648
0.402,0.432,0.199,0.088,0.366
0.739,0.802,0.64,0.142,0.404
0.513,0.492,0.291,0.204,0.392
0.77,0.87,0.729,0.114,0.373
0.483,0.455,0.207,0.068,0.541
0.295,0.227,0.133,0.083,0.364
0.716,0.684,0.448,0.11,0.53
0.694,0.731,0.425,0.13,0.577
0.761,0.936,0.695,0.101,0.571
0.751,0.796,0.417,0.15,0.483
0.883,0.939,0.702,0.033,0.529
0.502,0.415,0.224,0.157,0.657
0.806,0.874,0.624,0.154,0.571
0.498,0.528,0.332,0.144,0.373
0.888,0.955,0.707,0.034,0.678
0.355,0.366,0.108,0.048,0.435
0.588,0.642,0.42,0.213,0.517
0.729,0.751,0.616,0.2,0.509
0.275,0.289,0.137,0.084,0.208
0.855,0.804,0.641,0.027,0.783
0.738,0.83,0.607,0.146,0.587
0.714,0.69,0.419,0.061,0.56
0.871,0.691,0.356,0.03,0.657
0.601,0.565,0.337,0.053,0.512
0.713,0.69,0.404,0.046,0.572
0.955,0.91,0.515,0.03,0.812
0.792,0.872,0.609,0.079,0.464
0.51,0.234,0.119,0.014,0.81
0.536,0.351,0.159,0.074,0.505
0.48,0.489,0.269,0.12,0.414
0.525,0.6,0.363,0.128,0.398
0.714,0.816,0.557,0.108,0.623
0.785,0.805,0.57,0.13,0.562
0.463,0.413,0.232,0.093,0.524
0.47,0.319,0.161,0.101,0.431
0.777,0.773,0.547,0.146,0.422
0.77,0.855,0.671,0.193,0.303
0.446,0.597,0.307,0.193,0.256
0.571,0.575,0.378,0.077,0.39
0.618,0.632,0.304,0.072,0.541
0.503,0.504,0.256,0.132,0.646
0.719,0.869,0.706,0.301,0.268
0.826,0.858,0.651,0.072,0.684
0.786,0.857,0.5,0.134,0.639
0.745,0.777,0.57,0.244,0.491
0.885,0.96,0.746,0.034,0.649
0.814,0.843,0.509,0.051,0.684
0.562,0.59,0.342,0.064,0.446
0.683,0.593,0.352,0.029,0.426
0.59,0.678,0.457,0.256,0.267
0.304,0.224,0.1,0.047,0.375
0.74,0.855,0.68,0.199,0.283
0.591,0.582,0.366,0.175,0.432
0.789,0.869,0.636,0.096,0.568
0.795,0.75,0.553,0.091,0.52
0.862,0.921,0.725,0.078,0.62
0.712,0.679,0.468,0.07,0.536
0.672,0.689,0.496,0.077,0.547
0.489,0.488,0.286,0.147,0.337
0.287,0.213,0.113,0.06,0.286
0.836,0.873,0.668,0.112,0.634
0.328,0.328,0.139,0.091,0.327
0.691,0.69,0.506,0.156,0.658
0.561,0.523,0.263,0.043,0.422
0.775,0.885,0.67,0.159,0.547
0.71,0.645,0.398,0.086,0.485
0.317,0.288,0.106,0.034,0.535
0.267,0.323,0.125,0.077,0.485
0.752,0.793,0.649,0.129,0.447
0.737,0.87,0.705,0.114,0.34
1.0,0.938,0.466,0.034,0.837
0.41,0.44,0.241,0.051,0.318
0.91,0.94,0.655,0.08,0.694
0.323,0.321,0.132,0.045,0.389
0.457,0.331,0.178,0.049,0.264
0.359,0.409,0.257,0.112,0.324
0.744,0.788,0.571,0.173,0.447
0.342,0.236,0.128,0.045,0.495
0.89,0.896,0.629,0.027,0.667
0.725,0.65,0.508,0.087,0.45
0.956,0.949,0.597,0.058,0.732
0.5,0.485,0.276,0.188,0.34
0.901,0.901,0.728,0.123,0.619
0.264,0.249,0.13,0.098,0.383
0.733,0.842,0.691,0.256,0.212
0.556,0.482,0.092,0.032,0.708
0.537,0.53,0.329,0.151,0.39
0.746,0.823,0.578,0.149,0.503
0.689,0.754,0.481,0.171,0.349
0.859,0.751,0.382,0.046,0.456
0.739,0.831,0.667,0.518,0.31
0.73,0.805,0.647,0.166,0.337
0.718,0.851,0.656,0.213,0.464
0.814,0.879,0.756,0.07,0.425
0.668,0.544,0.388,0.009,0.593
0.811,0.898,0.694,0.099,0.771
0.826,0.862,0.668,0.065,0.628
0.857,0.909,0.657,0.07,0.639
0.762,0.811,0.623,0.224,0.398
0.735,0.783,0.589,0.17,0.396
0.404,0.444,0.195,0.084,0.482
0.882,0.909,0.64,0.073,0.598
0.815,0.839,0.608,0.096,0.577
0.559,0.536,0.303,0.11,0.599
0.493,0.617,0.313,0.132,0.318
0.658,0.624,0.4,0.119,0.458
0.685,0.671,0.403,0.058,0.497
0.717,0.74,0.477,0.059,0.541
0.866,0.811,0.618,0.039,0.708
0.573,0.58,0.39,0.07,0.294
0.606,0.686,0.402,0.119,0.38
0.576,0.629,0.326,0.053,0.508
0.388,0.484,0.268,0.196,0.096
0.445,0.34,0.187,0.059,0.425
0.466,0.425,0.139,0.089,0.553
0.751,0.806,0.599,0.172,0.471
0.664,0.639,0.405,0.065,0.444
0.453,0.403,0.248,0.06,0.196
0.736,0.831,0.65,0.361,0.316
0.788,0.88,0.704,0.048,0.37
0.271,0.277,0.125,0.074,0.206
0.807,0.914,0.671,0.044,0.675
0.477,0.587,0.344,0.53,0.38
0.792,0.83,0.448,0.108,0.547
0.699,0.718,0.434,0.109,0.431
0.545,0.618,0.408,0.183,0.381
0.825,0.858,0.601,0.089,0.584
0.796,0.776,0.486,0.063,0.47
0.841,0.746,0.551,0.077,0.651
0.74,0.863,0.685,0.182,0.25
0.475,0.526,0.349,0.202,0.295
0.732,0.861,0.688,0.254,0.41
0.797,0.874,0.629,0.117,0.508
0.824,0.846,0.545,0.069,0.655
0.358,0.364,0.233,0.048,0.306
0.409,0.416,0.262,0.08,0.274
0.788,0.959,0.73,0.036,0.73
0.71,0.585,0.393,0.189,0.547
0.824,0.89,0.678,0.088,0.687
0.634,0.623,0.368,0.122,0.648
0.789,0.836,0.627,0.274,0.566
0.602,0.68,0.464,0.155,0.505
0.732,0.783,0.588,0.265,0.271
0.678,0.661,0.441,0.131,0.488
0.362,0.291,0.115,0.087,0.533
0.453,0.394,0.212,0.118,0.337
0.289,0.299,0.136,0.138,0.339
0.502,0.313,0.14,0.049,0.408
0.702,0.855,0.685,0.471,0.286
0.873,0.871,0.59,0.011,0.806
0.772,0.73,0.54,0.106,0.482
0.679,0.714,0.416,0.116,0.384
0.849,0.872,0.637,0.068,0.718
0.773,0.736,0.329,0.018,0.721
0.668,0.703,0.478,0.188,0.505
0.647,0.655,0.424,0.056,0.536
0.777,0.795,0.562,0.12,0.423
0.89,0.848,0.688,0.034,0.715
0.66,0.627,0.402,0.048,0.471
0.755,0.687,0.465,0.036,0.598
0.732,0.838,0.669,0.242,0.304
0.613,0.617,0.396,0.145,0.38
0.749,0.795,0.583,0.159,0.602
0.473,0.522,0.331,0.114,0.361
0.656,0.586,0.399,0.046,0.31
0.731,0.724,0.51,0.206,0.438
0.52,0.489,0.282,0.154,0.339
0.637,0.694,0.385,0.104,0.381
0.704,0.798,0.609,0.3,0.33
0.666,0.654,0.453,0.1,0.39
0.407,0.351,0.217,0.205,0.485
0.631,0.609,0.388,0.041,0.593
0.788,0.915,0.731,0.129,0.268
0.666,0.606,0.37,0.131,0.453
0.536,0.629,0.415,0.155,0.236
0.785,0.823,0.626,0.096,0.557
0.897,0.885,0.533,0.052,0.53
0.91,0.95,0.702,0.001,0.348
0.521,0.577,0.374,0.158,0.512
0.715,0.654,0.436,0.087,0.601
0.83,0.859,0.678,0.094,0.551
0.411,0.441,0.268,0.083,0.446
0.767,0.825,0.661,0.155,0.467
0.617,0.702,0.511,0.23,0.36
0.846,0.845,0.522,0.063,0.72
0.769,0.846,0.538,0.137,0.431
0.864,0.901,0.666,0.036,0.625
0.714,0.7,0.508,0.153,0.404
0.746,0.73,0.511,0.155,0.389
0.706,0.691,0.424,0.059,0.536
0.559,0.579,0.376,0.059,0.319
0.771,0.842,0.669,0.19,0.511
0.487,0.287,0.165,0.07,0.431
0.461,0.519,0.318,0.058,0.447
0.541,0.551,0.31,0.055,0.512
0.763,0.825,0.567,0.135,0.587
0.764,0.813,0.584,0.082,0.438
0.886,0.935,0.759,0.0,0.518
0.725,0.779,0.626,0.111,0.319
0.353,0.345,0.147,0.028,0.559
0.839,0.745,0.49,0.045,0.72
0.792,0.803,0.525,0.173,0.628
0.846,0.873,0.652,0.083,0.613
0.775,0.822,0.628,0.179,0.464
0.54,0.603,0.324,0.075,0.453
0.507,0.38,0.2,0.089,0.557
0.774,0.731,0.512,0.132,0.461
0.733,0.747,0.528,0.226,0.3
0.305,0.301,0.138,0.112,0.337
0.683,0.762,0.585,0.347,0.279
0.453,0.511,0.311,0.189,0.298
0.484,0.39,0.203,0.102,0.404
0.758,0.825,0.667,0.219,0.428
0.679,0.85,0.654,0.272,0.184
0.837,0.902,0.684,0.076,0.58
0.479,0.275,0.129,0.055,0.464
0.767,0.931,0.746,0.05,0.583
0.365,0.378,0.24,0.14,0.172
0.555,0.669,0.47,0.187,0.2
0.87,0.85,0.516,0.038,0.59
0.753,0.791,0.594,0.131,0.367
0.809,0.739,0.505,0.069,0.465
0.757,0.844,0.697,0.442,0.395
0.707,0.802,0.61,0.363,0.261
0.725,0.74,0.465,0.064,0.524
0.645,0.44,0.188,0.062,0.694
0.593,0.594,0.394,0.07,0.264
0.534,0.535,0.228,0.019,0.462
0.682,0.643,0.414,0.075,0.474
0.477,0.481,0.275,0.141,0.387
0.482,0.516,0.158,0.029,0.572
0.639,0.724,0.471,0.229,0.277
0.841,0.859,0.63,0.081,0.562
0.471,0.506,0.311,0.067,0.477
0.811,0.868,0.477,0.088,0.645
0.579,0.641,0.366,0.046,0.417
0.763,0.799,0.558,0.087,0.628
0.822,0.855,0.542,0.119,0.574
0.824,0.874,0.536,0.147,0.538
0.61,0.611,0.375,0.053,0.533
0.472,0.598,0.3,0.118,0.444
0.816,0.87,0.565,0.125,0.533
0.724,0.822,0.662,0.243,0.279
0.49,0.401,0.203,0.091,0.399
0.821,0.876,0.644,0.115,0.587
0.641,0.663,0.439,0.117,0.524
0.755,0.806,0.517,0.104,0.383
0.696,0.866,0.696,0.314,0.25
0.401,0.424,0.22,0.092,0.378
0.801,0.853,0.663,0.19,0.7
0.815,0.744,0.553,0.097,0.571
0.416,0.357,0.197,0.186,0.402
0.274,0.282,0.116,0.089,0.211
0.638,0.623,0.366,0.084,0.657
0.459,0.278,0.154,0.046,0.536
0.494,0.556,0.313,0.058,0.44
0.766,0.802,0.603,0.127,0.461
0.562,0.609,0.343,0.074,0.372
0.81,0.884,0.725,0.14,0.655
0.377,0.417,0.196,0.125,0.324
0.766,0.824,0.652,0.214,0.434
0.478,0.596,0.289,0.155,0.372
0.791,0.723,0.478,0.032,0.392
0.722,0.793,0.557,0.181,0.471
0.686,0.631,0.454,0.13,0.523
0.711,0.647,0.534,0.094,0.395
0.498,0.576,0.331,0.127,0.426
0.8,0.81,0.499,0.104,0.649
0.751,0.834,0.546,0.16,0.452
0.766,0.814,0.594,0.247,0.429
0.575,0.682,0.469,0.195,0.357
0.688,0.855,0.701,0.267,0.295
0.629,0.59,0.405,0.085,0.515
0.759,0.826,0.543,0.194,0.483
0.505,0.492,0.256,0.074,0.464
0.616,0.577,0.351,0.05,0.428
0.765,0.733,0.468,0.183,0.426
0.807,0.819,0.562,0.098,0.643
0.455,0.398,0.24,0.149,0.295
0.828,0.65,0.359,0.053,0.627
0.616,0.648,0.443,0.223,0.459
0.597,0.593,0.363,0.056,0.324
0.961,0.905,0.508,0.052,0.745
0.605,0.592,0.408,0.133,0.429
0.563,0.65,0.455,0.233,0.279
0.855,0.872,0.546,0.101,0.767
0.431,0.442,0.242,0.089,0.393
0.846,0.882,0.62,0.08,0.709
0.783,0.869,0.695,0.184,0.267
0.524,0.432,0.25,0.123,0.404
0.798,0.804,0.544,0.082,0.616
0.811,0.887,0.691,0.116,0.455
0.815,0.839,0.67,0.179,0.628
0.579,0.661,0.407,0.162,0.401
0.424,0.464,0.218,0.097,0.423
0.723,0.832,0.669,0.169,0.28
0.733,0.81,0.54,0.124,0.355
0.735,0.798,0.602,0.126,0.423
0.85,0.867,0.62,0.062,0.721
0.742,0.801,0.657,0.173,0.456
0.631,0.652,0.413,0.124,0.551
0.547,0.55,0.328,0.039,0.505
0.876,0.751,0.55,0.059,0.596
0.615,0.634,0.378,0.086,0.458
0.772,0.881,0.691,0.268,0.517
0.963,0.984,0.529,0.112,0.735
0.764,0.79,0.582,0.135,0.452
0.484,0.519,0.265,0.111,0.443
0.766,0.844,0.676,0.182,0.554
0.661,0.642,0.425,0.067,0.361
0.639,0.646,0.487,0.304,0.361
0.845,0.885,0.699,0.087,0.548
0.793,0.805,0.4,0.033,0.584
0.473,0.322,0.203,0.05,0.435
0.509,0.616,0.415,0.282,0.146
0.894,0.893,0.463,0.061,0.795
0.374,0.354,0.175,0.03,0.607
0.794,0.856,0.647,0.115,0.514
0.806,0.877,0.629,0.112,0.461
0.785,0.739,0.489,0.08,0.419
0.812,0.831,0.598,0.069,0.666
0.319,0.273,0.151,0.052,0.449
0.823,0.875,0.673,0.185,0.721
0.864,0.871,0.671,0.191,0.583
0.609,0.643,0.411,0.108,0.444
0.467,0.497,0.285,0.115,0.372
0.645,0.614,0.441,0.117,0.429
0.79,0.825,0.653,0.122,0.333
0.611,0.612,0.4,0.149,0.334
0.744,0.783,0.613,0.105,0.423
0.591,0.582,0.322,0.05,0.482
0.826,0.855,0.621,0.082,0.637
0.786,0.833,0.634,0.117,0.494
0.43,0.489,0.288,0.11,0.455
0.834,0.892,0.508,0.124,0.595
0.963,0.94,0.475,0.042,0.846
0.491,0.463,0.259,0.207,0.377
0.71,0.847,0.674,0.263,0.289
0.177,0.19,0.097,0.055,0.224
0.731,0.87,0.685,0.409,0.209
0.748,0.865,0.644,0.344,0.355
0.667,0.702,0.428,0.144,0.396
0.671,0.687,0.533,0.142,0.551
0.837,0.844,0.647,0.013,0.899
0.588,0.711,0.488,0.134,0.349
0.724,0.777,0.573,0.213,0.396
0.759,0.804,0.594,0.169,0.518
0.631,0.571,0.331,0.051,0.619
0.931,0.914,0.531,0.101,0.669
0.435,0.468,0.174,0.067,0.492
0.801,0.885,0.693,0.116,0.608
0.736,0.864,0.696,0.147,0.389
0.885,0.905,0.698,0.025,0.696
0.802,0.871,0.468,0.077,0.542
0.814,0.841,0.496,0.007,0.446
0.389,0.344,0.19,0.026,0.551
0.52,0.348,0.187,0.059,0.587
0.65,0.533,0.34,0.058,0.455
0.45,0.496,0.248,0.15,0.441
0.497,0.559,0.329,0.198,0.41
0.764,0.849,0.619,0.077,0.602
0.525,0.578,0.332,0.129,0.503
0.0,0.022,0.012,0.113,0.163
0.525,0.551,0.299,0.037,0.471
0.756,0.83,0.558,0.151,0.559
0.738,0.773,0.518,0.175,0.508
0.641,0.614,0.379,0.104,0.459
0.832,0.829,0.616,0.119,0.631
0.549,0.534,0.198,0.101,0.767
0.531,0.299,0.15,0.063,0.532
0.73,0.799,0.542,0.262,0.488
0.864,0.87,0.611,0.038,0.797
0.519,0.549,0.333,0.159,0.256
0.666,0.656,0.479,0.048,0.527
0.509,0.619,0.304,0.056,0.336
0.797,0.873,0.649,0.168,0.684
0.632,0.687,0.32,0.071,0.39
0.393,0.458,0.277,0.142,0.325
0.721,0.852,0.65,0.16,0.256
0.562,0.565,0.325,0.066,0.538
0.862,0.923,0.742,0.087,0.437
0.298,0.219,0.066,0.019,0.377
0.472,0.532,0.279,0.031,0.605
0.452,0.236,0.128,0.048,0.428
0.895,0.808,0.551,0.141,0.505
0.777,0.785,0.565,0.166,0.536
0.467,0.439,0.263,0.058,0.152
0.725,0.798,0.437,0.178,0.539
0.525,0.453,0.297,0.116,0.639
0.62,0.582,0.435,0.191,0.295
0.604,0.656,0.416,0.143,0.658
0.832,0.819,0.537,0.06,0.574
0.729,0.686,0.409,0.028,0.628
0.76,0.842,0.626,0.158,0.491
0.701,0.638,0.338,0.037,0.431
0.794,0.843,0.623,0.084,0.599
0.619,0.685,0.327,0.093,0.401
0.354,0.354,0.132,0.061,0.393
0.58,0.637,0.33,0.076,0.449
0.856,0.942,0.618,0.071,0.694
0.513,0.545,0.324,0.103,0.489
0.792,0.763,0.536,0.147,0.435
0.765,0.854,0.602,0.128,0.631
0.794,0.883,0.551,0.071,0.622
0.276,0.128,0.047,0.017,0.736
0.61,0.62,0.391,0.115,0.578
0.846,0.929,0.645,0.068,0.669
0.869,0.926,0.734,0.054,0.438
0.776,0.847,0.543,0.11,0.69
0.407,0.412,0.223,0.086,0.309
0.521,0.505,0.275,0.101,0.328
0.907,0.886,0.521,0.088,0.72
0.636,0.586,0.448,0.258,0.551
0.82,0.898,0.696,0.082,0.584
0.771,0.832,0.652,0.151,0.425
0.569,0.61,0.296,0.065,0.491
0.732,0.828,0.671,0.174,0.295
0.776,0.716,0.448,0.118,0.455
0.654,0.624,0.399,0.049,0.643
0.503,0.484,0.259,0.065,0.521
0.346,0.38,0.182,0.052,0.432
0.906,0.896,0.715,0.042,0.652
0.263,0.28,0.131,0.151,0.25
0.661,0.675,0.447,0.087,0.622
0.527,0.527,0.264,0.134,0.569
0.537,0.518,0.325,0.055,0.651
0.664,0.553,0.337,0.072,0.583
0.476,0.59,0.375,0.371,0.315
0.346,0.325,0.113,0.064,0.443
0.322,0.322,0.142,0.071,0.401
0.831,0.904,0.676,0.0,0.636
0.541,0.512,0.306,0.042,0.533
0.748,0.735,0.523,0.105,0.592
0.776,0.78,0.487,0.08,0.581
0.813,0.861,0.635,0.164,0.571
0.768,0.767,0.492,0.132,0.574
0.428,0.365,0.197,0.135,0.532
0.392,0.333,0.174,0.056,0.563
0.599,0.586,0.401,0.061,0.334
0.777,0.891,0.686,0.102,0.584
0.492,0.58,0.323,0.082,0.346
0.682,0.874,0.711,0.258,0.298
0.76,0.862,0.675,0.207,0.313
0.45,0.477,0.263,0.105,0.307
0.47,0.463,0.265,0.152,0.313
0.821,0.828,0.56,0.127,0.39
0.764,0.813,0.635,0.214,0.453
0.791,0.848,0.635,0.187,0.673
0.823,0.861,0.65,0.067,0.634
0.756,0.836,0.61,0.188,0.565
0.473,0.545,0.364,0.136,0.405
0.795,0.875,0.663,0.144,0.517
0.574,0.598,0.362,0.137,0.452
0.655,0.598,0.425,0.139,0.399
0.318,0.262,0.126,0.062,0.42
0.599,0.612,0.395,0.076,0.456
0.838,0.773,0.531,0.059,0.488
0.582,0.586,0.392,0.055,0.33
0.665,0.646,0.439,0.053,0.444
0.847,0.899,0.726,0.059,0.643
0.767,0.746,0.54,0.126,0.586
0.467,0.304,0.267,0.045,0.389
0.802,0.868,0.631,0.147,0.625
0.488,0.511,0.297,0.064,0.47
0.424,0.486,0.291,0.083,0.518
0.415,0.436,0.264,0.13,0.265
0.708,0.684,0.445,0.069,0.527
0.908,0.908,0.522,0.091,0.705
0.746,0.851,0.643,0.153,0.333
0.829,0.899,0.7,0.116,0.682
0.707,0.653,0.536,0.084,0.47
0.833,0.892,0.554,0.002,0.651
0.538,0.406,0.215,0.057,0.536
0.604,0.582,0.361,0.071,0.304
0.677,0.684,0.403,0.065,0.529
0.267,0.195,0.094,0.074,0.244
0.712,0.74,0.433,0.139,0.529
0.864,0.911,0.699,0.056,0.66
0.408,0.37,0.223,0.179,0.456
0.764,0.859,0.693,0.113,0.345
0.882,0.799,0.61,0.008,0.679
0.383,0.412,0.21,0.144,0.267
0.79,0.848,0.652,0.177,0.681
0.636,0.674,0.421,0.116,0.381
0.535,0.626,0.317,0.109,0.441
0.795,0.869,0.659,0.11,0.593
0.636,0.588,0.359,0.023,0.446
0.964,0.988,0.529,0.029,0.792
0.717,0.719,0.42,0.094,0.536
0.406,0.338,0.15,0.033,0.407
0.884,0.977,0.689,0.073,0.783
0.78,0.893,0.67,0.07,0.459
0.861,0.93,0.718,0.116,0.337
0.734,0.74,0.558,0.18,0.417
0.72,0.749,0.456,0.112,0.587
0.582,0.574,0.375,0.089,0.402
0.413,0.428,0.237,0.168,0.327
0.644,0.616,0.414,0.133,0.426
0.387,0.328,0.115,0.042,0.556
0.436,0.408,0.214,0.096,0.235
0.309,0.256,0.126,0.072,0.494
0.819,0.871,0.609,0.067,0.703
0.472,0.496,0.278,0.138,0.429
0.838,0.892,0.638,0.121,0.646
0.615,0.645,0.385,0.092,0.518
0.753,0.794,0.57,0.208,0.419
0.623,0.621,0.44,0.132,0.37
0.856,0.694,0.422,0.047,0.661
0.429,0.417,0.222,0.098,0.261
0.688,0.644,0.363,0.053,0.434
0.739,0.803,0.626,0.21,0.414
0.829,0.892,0.616,0.11,0.547
0.946,0.919,0.557,0.029,0.67
0.805,0.829,0.606,0.109,0.538
0.627,0.588,0.378,0.125,0.386
0.852,0.891,0.672,0.115,0.69
0.249,0.128,0.065,0.035,0.542
0.681,0.68,0.479,0.225,0.242
0.442,0.457,0.26,0.073,0.422
0.599,0.585,0.34,0.045,0.399
0.836,0.869,0.705,0.052,0.646
0.853,0.878,0.483,0.039,0.617
0.489,0.48,0.256,0.063,0.428
0.835,0.832,0.511,0.094,0.619
0.593,0.623,0.408,0.123,0.381
0.936,0.953,0.514,0.045,0.654
0.832,0.87,0.597,0.082,0.693
0.753,0.921,0.636,0.003,0.691
0.803,0.924,0.756,0.12,0.482
0.7,0.86,0.603,0.042,0.319
0.683,0.674,0.444,0.081,0.646
0.699,0.671,0.442,0.078,0.551
0.521,0.474,0.268,0.045,0.209
0.638,0.57,0.462,0.063,0.506
0.377,0.371,0.176,0.017,0.584
0.905,0.899,0.615,0.092,0.55
0.585,0.577,0.355,0.072,0.334
0.689,0.792,0.549,0.081,0.557
0.805,0.908,0.714,0.128,0.559
0.223,0.219,0.031,0.082,0.271
0.717,0.807,0.658,0.369,0.283
0.416,0.463,0.206,0.101,0.322
0.841,0.877,0.721,0.112,0.476
0.75,0.833,0.675,0.136,0.218
0.796,0.877,0.646,0.159,0.524
0.582,0.637,0.326,0.06,0.514
0.535,0.404,0.193,0.053,0.572
0.814,0.827,0.575,0.095,0.53
0.514,0.401,0.121,0.067,0.669
0.771,0.86,0.614,0.226,0.56
0.438,0.489,0.263,0.217,0.321
0.552,0.527,0.285,0.038,0.527
0.321,0.234,0.146,0.04,0.443
0.805,0.854,0.597,0.136,0.633
0.752,0.821,0.65,0.181,0.393
0.564,0.515,0.264,0.104,0.447
0.703,0.702,0.479,0.073,0.479
0.372,0.312,0.099,0.021,0.617
0.375,0.289,0.158,0.051,0.393
0.764,0.839,0.647,0.145,0.446
0.761,0.643,0.431,0.091,0.541
0.473,0.273,0.145,0.064,0.426
0.75,0.737,0.467,0.059,0.587
0.613,0.576,0.367,0.054,0.324
0.903,0.923,0.684,0.053,0.723
0.734,0.811,0.647,0.328,0.333
0.911,0.841,0.579,0.015,0.84
0.54,0.547,0.31,0.058,0.556
0.871,0.918,0.645,0.05,0.67
0.732,0.781,0.532,0.07,0.286
0.725,0.654,0.387,0.071,0.63
0.811,0.868,0.633,0.067,0.688
0.525,0.587,0.393,0.117,0.396
0.275,0.233,0.111,0.089,0.307
0.676,0.78,0.523,0.098,0.601
0.734,0.784,0.591,0.18,0.497
0.749,0.759,0.538,0.109,0.535
0.847,0.842,0.674,0.08,0.631
0.692,0.715,0.476,0.111,0.607
0.857,0.904,0.739,0.064,0.705
0.706,0.871,0.695,0.483,0.164
0.744,0.722,0.501,0.128,0.435
0.428,0.26,0.155,0.038,0.384
0.817,0.892,0.679,0.141,0.541
0.708,0.66,0.544,0.139,0.417
0.358,0.363,0.155,0.043,0.416
0.706,0.746,0.515,0.219,0.502
0.816,0.816,0.55,0.085,0.667
0.272,0.285,0.127,0.146,0.256
0.611,0.607,0.405,0.076,0.286
0.287,0.288,0.137,0.102,0.271
0.824,0.961,0.753,0.052,0.709
0.818,0.834,0.605,0.09,0.548
0.494,0.568,0.342,0.118,0.462
0.773,0.871,0.654,0.166,0.565
0.442,0.411,0.265,0.104,0.182
0.45,0.43,0.235,0.082,0.508
0.757,0.756,0.408,0.038,0.562
0.617,0.571,0.356,0.058,0.614
0.74,0.85,0.588,0.028,0.575
0.736,0.789,0.563,0.139,0.456
0.747,0.811,0.553,0.146,0.563
0.816,0.853,0.628,0.084,0.486
0.533,0.529,0.308,0.123,0.5
0.731,0.793,0.603,0.141,0.566
0.855,0.85,0.558,0.061,0.712
0.792,0.8,0.463,0.062,0.553
0.731,0.798,0.495,0.073,0.619
0.374,0.403,0.194,0.134,0.316
0.527,0.562,0.345,0.132,0.31
0.744,0.808,0.623,0.183,0.413
0.481,0.316,0.157,0.037,0.663
0.82,0.873,0.702,0.112,0.702
0.578,0.567,0.246,0.07,0.623
0.736,0.652,0.506,0.05,0.486
0.676,0.758,0.47,0.192,0.364
0.823,0.89,0.681,0.042,0.699
0.835,0.85,0.426,0.01,0.553
0.842,0.86,0.638,0.118,0.532
0.776,0.912,0.731,0.161,0.431
0.835,0.783,0.461,0.017,0.506
0.842,0.859,0.526,0.041,0.661
0.771,0.96,0.772,0.027,0.572
0.458,0.331,0.162,0.062,0.571
0.725,0.655,0.407,0.069,0.489
0.583,0.594,0.343,0.085,0.422
0.281,0.285,0.13,0.073,0.247
0.533,0.554,0.314,0.057,0.544
0.715,0.777,0.613,0.28,0.358
0.55,0.62,0.346,0.064,0.459
0.927,0.951,0.723,0.033,0.636
0.83,0.8,0.431,0.069,0.462
0.748,0.764,0.434,0.036,0.611
0.801,0.864,0.458,0.051,0.684
0.412,0.364,0.151,0.03,0.389
0.91,0.893,0.425,0.026,0.602
0.717,0.871,0.623,0.048,0.39
0.562,0.539,0.308,0.144,0.45
0.507,0.603,0.314,0.102,0.408
0.82,0.853,0.689,0.149,0.67
0.421,0.371,0.211,0.332,0.48
0.507,0.531,0.321,0.122,0.47
0.615,0.58,0.384,0.103,0.486
0.715,0.731,0.543,0.224,0.443
0.835,0.82,0.501,0.031,0.462
0.737,0.658,0.467,0.049,0.551
0.725,0.793,0.575,0.21,0.41
0.764,0.816,0.63,0.216,0.459
0.893,0.88,0.667,0.027,0.703
0.393,0.339,0.216,0.225,0.392
0.769,0.842,0.699,0.167,0.372
0.394,0.298,0.163,0.106,0.458
0.469,0.495,0.292,0.075,0.485
0.807,0.789,0.581,0.013,0.855
0.834,0.896,0.737,0.121,0.758
0.64,0.671,0.452,0.127,0.486
0.751,0.652,0.399,0.077,0.497
0.797,0.87,0.666,0.051,0.539
0.533,0.577,0.405,0.144,0.494
0.327,0.296,0.126,0.032,0.526
0.687,0.679,0.404,0.062,0.498
0.679,0.69,0.462,0.133,0.593
0.684,0.707,0.414,0.117,0.455
0.417,0.285,0.184,0.092,0.389
0.579,0.613,0.366,0.115,0.444
0.669,0.6,0.394,0.105,0.372
0.415,0.319,0.118,0.045,0.62
0.719,0.689,0.413,0.055,0.563
0.514,0.534,0.293,0.074,0.495
0.759,0.81,0.6,0.178,0.419
0.576,0.627,0.386,0.079,0.503
0.529,0.455,0.212,0.056,0.404
0.396,0.427,0.185,0.092,0.345
0.733,0.736,0.505,0.303,0.28
0.488,0.43,0.271,0.1,0.259
0.764,0.867,0.712,0.269,0.349
0.541,0.416,0.226,0.046,0.587
0.476,0.304,0.138,0.039,0.416
0.705,0.634,0.472,0.145,0.559
0.758,0.751,0.542,0.172,0.627
0.446,0.348,0.197,0.04,0.649
0.379,0.422,0.234,0.116,0.184
0.824,0.864,0.628,0.042,0.535
0.685,0.697,0.501,0.126,0.648
0.269,0.291,0.129,0.114,0.288
0.455,0.454,0.276,0.099,0.515
0.654,0.603,0.375,0.056,0.536
0.451,0.51,0.296,0.063,0.5
0.77,0.871,0.705,0.33,0.241
0.468,0.43,0.279,0.139,0.548
0.786,0.823,0.607,0.011,0.637
0.859,0.801,0.651,0.05,0.768
0.664,0.585,0.385,0.206,0.532
0.87,0.831,0.66,0.085,0.682
0.819,0.816,0.524,0.101,0.437
0.355,0.263,0.131,0.09,0.551
0.321,0.322,0.123,0.044,0.28
0.606,0.656,0.425,0.121,0.633
0.757,0.789,0.601,0.192,0.381
0.812,0.877,0.642,0.187,0.565
0.486,0.479,0.262,0.156,0.378
0.74,0.743,0.51,0.112,0.524
0.78,0.928,0.799,0.142,0.505
0.587,0.465,0.241,0.093,0.526
0.608,0.675,0.423,0.125,0.289
0.854,0.894,0.644,0.036,0.539
0.341,0.301,0.202,0.037,0.304
0.366,0.445,0.253,0.159,0.36
0.518,0.464,0.27,0.167,0.574
0.764,0.942,0.713,0.113,0.533
0.718,0.756,0.597,0.191,0.479
0.837,0.823,0.608,0.048,0.395
0.49,0.477,0.29,0.112,0.467
0.806,0.797,0.555,0.164,0.551
0.492,0.539,0.314,0.257,0.244
0.63,0.654,0.47,0.151,0.565
0.497,0.284,0.177,0.052,0.417
0.385,0.433,0.222,0.162,0.393
0.401,0.429,0.179,0.086,0.303
0.975,0.904,0.573,0.013,0.837
0.583,0.522,0.271,0.064,0.489
0.549,0.506,0.274,0.105,0.455
0.653,0.582,0.363,0.083,0.521
0.692,0.802,0.637,0.0,0.27
0.888,0.822,0.711,0.035,0.718
0.779,0.861,0.588,0.101,0.595
0.524,0.629,0.423,0.306,0.247
0.952,0.936,0.518,0.082,0.745
0.464,0.487,0.27,0.038,0.467
0.844,0.832,0.572,0.074,0.664
0.716,0.742,0.489,0.048,0.495
0.636,0.663,0.396,0.098,0.515
0.855,0.881,0.532,0.038,0.664
0.707,0.595,0.387,0.109,0.584
0.741,0.791,0.536,0.224,0.36
0.795,0.82,0.565,0.122,0.631
0.713,0.828,0.649,0.078,0.465
0.776,0.704,0.437,0.075,0.613
0.776,0.734,0.51,0.109,0.569
0.822,0.737,0.568,0.092,0.63
0.504,0.532,0.324,0.125,0.464
0.892,0.888,0.635,0.04,0.709
0.741,0.814,0.607,0.163,0.55
0.715,0.835,0.659,0.293,0.324
0.725,0.794,0.593,0.182,0.435
0.817,0.847,0.502,0.07,0.44
0.524,0.624,0.423,0.217,0.23
0.5,0.601,0.317,0.156,0.315
0.63,0.661,0.44,0.166,0.437
0.504,0.454,0.28,0.103,0.511
0.541,0.489,0.253,0.091,0.453
0.399,0.346,0.174,0.056,0.562
0.85,0.949,0.72,0.083,0.447
0.705,0.723,0.493,0.114,0.422
0.543,0.558,0.311,0.06,0.542
0.707,0.656,0.537,0.095,0.411
0.695,0.693,0.517,0.103,0.625
0.57,0.664,0.451,0.211,0.313
0.487,0.538,0.362,0.146,0.357
0.412,0.414,0.204,0.087,0.215
0.633,0.606,0.365,0.075,0.423
0.768,0.809,0.601,0.182,0.517
0.661,0.704,0.455,0.125,0.386
0.37,0.397,0.24,0.08,0.158
0.488,0.536,0.325,0.148,0.471
0.897,0.896,0.613,0.0,0.818
0.823,0.881,0.465,0.075,0.687
0.538,0.657,0.386,0.106,0.337
0.834,0.877,0.494,0.089,0.648
0.896,0.709,0.41,0.012,0.639
0.531,0.616,0.419,0.278,0.2
0.356,0.332,0.141,0.053,0.402
0.92,0.925,0.562,0.063,0.902
0.869,0.882,0.611,0.033,0.538
0.616,0.566,0.346,0.05,0.532
0.766,0.792,0.599,0.095,0.425
0.565,0.51,0.249,0.057,0.518
0.296,0.38,0.157,0.11,0.3
0.667,0.672,0.49,0.079,0.542
0.312,0.304,0.131,0.085,0.292
0.67,0.695,0.427,0.109,0.47
0.819,0.881,0.654,0.032,0.711
0.577,0.395,0.191,0.072,0.696
0.584,0.395,0.238,0.062,0.672
0.382,0.44,0.247,0.159,0.143
0.806,0.823,0.597,0.085,0.554
0.839,0.902,0.663,0.1,0.447
0.78,0.93,0.722,0.113,0.657
0.774,0.866,0.644,0.075,0.346
0.752,0.802,0.616,0.173,0.506
0.185,0.175,0.064,0.045,0.456
0.858,0.938,0.731,0.051,0.758
0.803,0.845,0.587,0.105,0.527
0.881,0.885,0.541,0.023,0.801
0.794,0.854,0.617,0.053,0.748
0.817,0.824,0.719,0.032,0.902
0.793,0.806,0.539,0.102,0.437
0.698,0.676,0.413,0.085,0.521
0.514,0.547,0.278,0.041,0.61
0.621,0.549,0.338,0.06,0.485
0.467,0.445,0.184,0.065,0.495
0.691,0.85,0.665,0.563,0.169
0.752,0.859,0.681,0.17,0.453
0.621,0.682,0.374,0.111,0.434
0.807,0.863,0.634,0.154,0.663
0.75,0.804,0.566,0.128,0.482
0.785,0.874,0.715,0.163,0.346
0.636,0.7,1.0,0.049,0.521
0.867,0.892,0.619,0.095,0.732
0.873,0.864,0.624,0.089,0.819
0.667,0.592,0.328,0.026,0.619
0.562,0.605,0.326,0.101,0.529
0.513,0.452,0.166,0.067,0.608
0.876,0.876,0.779,0.026,0.407
0.602,0.565,0.282,0.033,0.565
0.498,0.499,0.249,0.07,0.435
0.511,0.525,0.321,0.068,0.509
0.726,0.839,0.651,0.105,0.274
0.765,0.813,0.607,0.195,0.488
0.815,0.872,0.611,0.086,0.569
0.519,0.409,0.262,0.099,0.56
0.834,0.843,0.619,0.056,0.505
0.854,0.846,0.511,0.064,0.506
0.373,0.369,0.141,0.036,0.38
0.631,0.576,0.295,0.047,0.605
0.805,0.819,0.584,0.01,0.464
0.879,0.869,0.564,0.055,0.584
0.424,0.362,0.23,0.173,0.492
0.451,0.387,0.213,0.067,0.563
0.709,0.748,0.577,0.234,0.36
0.674,0.574,0.35,0.055,0.599
0.346,0.26,0.137,0.055,0.55
0.708,0.82,0.648,0.251,0.241
0.787,0.83,0.674,0.017,0.739
0.658,0.633,0.397,0.11,0.402
0.833,0.894,0.732,0.12,0.613
0.621,0.588,0.386,0.092,0.461
0.716,0.576,0.403,0.118,0.61
0.737,0.785,0.451,0.143,0.515
0.689,0.664,0.424,0.089,0.509
0.548,0.559,0.314,0.106,0.422
0.33,0.249,0.143,0.078,0.464
0.666,0.743,0.471,0.167,0.297
0.805,0.865,0.674,0.106,0.509
0.411,0.337,0.163,0.046,0.404
0.916,0.906,0.666,0.092,0.718
0.256,0.256,0.109,0.063,0.25
0.808,0.905,0.717,0.114,0.532
0.66,0.603,0.416,0.225,0.52
0.85,0.868,0.696,0.147,0.553
0.796,0.723,0.428,0.105,0.479
0.369,0.39,0.192,0.11,0.328
0.334,0.379,0.157,0.062,0.447
0.743,0.802,0.595,0.139,0.512
0.778,0.803,0.575,0.119,0.398
0.763,0.842,0.643,0.109,0.434
0.671,0.606,0.385,0.093,0.575
0.552,0.398,0.185,0.043,0.616
0.202,0.155,0.087,0.077,0.274
0.665,0.678,0.434,0.145,0.5
0.545,0.662,0.44,0.202,0.196
0.829,0.881,0.652,0.03,0.755
0.717,0.857,0.691,0.317,0.203
0.483,0.308,0.201,0.065,0.608
0.837,0.866,0.682,0.123,0.634
0.742,0.8,0.468,0.042,0.416
0.405,0.426,0.251,0.057,0.328
0.307,0.242,0.141,0.083,0.373
0.709,0.798,0.645,0.297,0.179
0.8,0.753,0.561,0.123,0.559
0.811,0.853,0.656,0.031,0.491
0.713,0.725,0.416,0.137,0.577
0.441,0.479,0.236,0.035,0.369
0.5,0.524,0.259,0.087,0.557
0.46,0.359,0.172,0.108,0.301
0.824,0.757,0.552,0.106,0.571
0.659,0.688,0.457,0.113,0.608
0.476,0.588,0.296,0.107,0.264
0.302,0.25,0.137,0.05,0.413
0.499,0.558,0.367,0.114,0.38
0.545,0.595,0.333,0.15,0.517
0.829,0.832,0.476,0.066,0.551
0.855,0.915,0.705,0.074,0.736
0.715,0.746,0.537,0.21,0.489
0.455,0.475,0.293,0.075,0.471
0.784,0.841,0.681,0.283,0.426
0.856,0.874,0.639,0.046,0.551
0.87,0.865,0.707,0.074,0.639
0.669,0.726,0.492,0.114,0.316
0.551,0.489,0.269,0.063,0.539
0.821,0.792,0.594,0.088,0.449
0.592,0.585,0.334,0.088,0.333
0.719,0.741,0.484,0.145,0.628
0.907,0.717,0.352,0.042,0.783
0.826,0.884,0.709,0.116,0.756
0.755,0.814,0.597,0.172,0.586
0.648,0.669,0.43,0.136,0.491
0.744,0.764,0.457,0.041,0.602
0.295,0.304,0.143,0.083,0.286
0.445,0.412,0.135,0.065,0.608
0.873,0.889,0.68,0.027,0.62
0.835,0.885,0.652,0.064,0.651
0.802,0.833,0.541,0.096,0.685
0.894,0.891,0.65,0.03,0.744
0.903,0.898,0.638,0.005,0.721
0.82,0.745,0.553,0.118,0.553
0.558,0.498,0.251,0.095,0.55
0.8,0.816,0.551,0.13,0.55
0.802,0.878,0.663,0.085,0.723
0.777,0.874,0.68,0.15,0.315
0.584,0.577,0.352,0.056,0.589
0.484,0.262,0.134,0.057,0.474
0.716,0.816,0.634,0.563,0.291
0.555,0.503,0.366,0.063,0.407
0.865,0.895,0.671,0.068,0.735
0.538,0.301,0.195,0.035,0.66
0.6,0.607,0.408,0.06,0.429
0.638,0.658,0.457,0.1,0.408
0.789,0.829,0.55,0.069,0.672
0.559,0.501,0.306,0.078,0.471
0.822,0.85,0.642,0.107,0.602
0.774,0.774,0.492,0.096,0.416
0.795,0.809,0.552,0.018,0.697
0.485,0.573,0.315,0.106,0.369
0.409,0.486,0.282,0.132,0.324
0.301,0.389,0.161,0.102,0.346
0.495,0.51,0.304,0.06,0.553
0.787,0.873,0.664,0.119,0.557
0.586,0.633,0.313,0.069,0.458
0.591,0.675,0.4,0.13,0.384
0.77,0.837,0.596,0.056,0.491
0.63,0.724,0.499,0.144,0.37
0.698,0.858,0.679,0.558,0.182
0.507,0.505,0.313,0.14,0.342
0.758,0.82,0.535,0.128,0.66
0.706,0.762,0.571,0.159,0.395
0.789,0.895,0.724,0.075,0.416
0.558,0.571,0.359,0.089,0.367
0.667,0.674,0.42,0.094,0.404
0.542,0.602,0.332,0.081,0.45
0.773,0.818,0.532,0.143,0.604
0.57,0.689,0.471,0.198,0.289
0.531,0.494,0.285,0.076,0.411
0.322,0.32,0.16,0.03,0.562
0.486,0.578,0.343,0.118,0.404
0.72,0.793,0.598,0.308,0.312
0.827,0.823,0.504,0.077,0.572
0.725,0.744,0.506,0.036,0.492
0.571,0.597,0.365,0.13,0.495
0.616,0.602,0.368,0.089,0.467
0.592,0.566,0.377,0.091,0.443
0.472,0.234,0.119,0.02,0.63
0.31,0.212,0.138,0.066,0.458
0.86,0.893,0.591,0.091,0.694
0.804,0.872,0.667,0.211,0.541
0.671,0.719,0.419,0.079,0.541
0.453,0.477,0.295,0.193,0.352
0.326,0.342,0.114,0.064,0.405
0.641,0.708,0.394,0.05,0.437
0.668,0.635,0.413,0.099,0.429
0.545,0.442,0.252,0.064,0.548
0.592,0.657,0.424,0.081,0.363
0.825,0.874,0.589,0.074,0.628
0.825,0.857,0.639,0.049,0.527
0.797,0.889,0.712,0.069,0.378
0.805,0.909,0.705,0.083,0.637
0.305,0.257,0.177,0.007,0.274
0.742,0.847,0.678,0.244,0.355
0.816,0.875,0.665,0.188,0.482
0.685,0.653,0.412,0.076,0.44
0.468,0.29,0.14,0.039,0.503
0.903,0.713,0.351,0.043,0.767
0.876,0.969,0.643,0.044,0.807
0.892,0.955,0.436,0.019,0.539
0.476,0.408,0.235,0.136,0.363
0.553,0.485,0.291,0.192,0.401
0.708,0.691,0.424,0.069,0.529
0.586,0.617,0.327,0.097,0.524
0.523,0.63,0.421,0.189,0.166
0.48,0.508,0.264,0.159,0.494
0.785,0.862,0.637,0.196,0.592
0.872,0.887,0.667,0.044,0.63
0.462,0.488,0.273,0.119,0.386
0.488,0.461,0.152,0.064,0.623
0.512,0.274,0.26,0.041,0.502
0.846,0.822,0.521,0.037,0.596
0.823,0.781,0.598,0.113,0.562
0.788,0.86,0.671,0.227,0.583
0.735,0.769,0.534,0.182,0.568
0.755,0.789,0.568,0.176,0.325
0.735,0.738,0.545,0.172,0.339
0.754,0.79,0.559,0.189,0.373
0.793,0.828,0.568,0.105,0.574
0.71,0.652,0.537,0.058,0.458
0.672,0.723,0.465,0.154,0.361
0.784,0.846,0.583,0.162,0.568
0.497,0.547,0.324,0.17,0.402
0.512,0.443,0.127,0.061,0.611
0.806,0.773,0.503,0.032,0.682
0.649,0.619,0.408,0.058,0.498
0.487,0.457,0.27,0.072,0.526
0.523,0.55,0.33,0.099,0.386
0.826,0.872,0.726,0.151,0.645
0.81,0.856,0.494,0.09,0.657
0.546,0.646,0.454,0.336,0.271
0.805,0.84,0.667,0.203,0.3
0.488,0.478,0.257,0.142,0.386
0.837,0.864,0.644,0.07,0.663
0.705,0.8,0.567,0.149,0.563
0.457,0.447,0.274,0.146,0.285
0.625,0.6,0.369,0.089,0.462
0.819,0.894,0.642,0.093,0.502
0.442,0.469,0.26,0.044,0.535
0.641,0.64,0.477,0.251,0.491
0.869,0.889,0.5,0.024,0.399
0.815,0.83,0.561,0.072,0.517
0.718,0.778,0.574,0.18,0.381
0.477,0.246,0.136,0.057,0.518
0.84,0.927,0.684,0.019,0.627
0.722,0.799,0.497,0.061,0.608
0.293,0.374,0.179,0.118,0.352
0.82,0.829,0.507,0.038,0.422
0.739,0.787,0.566,0.239,0.554
0.768,0.816,0.605,0.087,0.464
0.773,0.929,0.774,0.065,0.675
0.478,0.501,0.26,0.104,0.477
0.448,0.457,0.261,0.093,0.401
0.809,0.729,0.436,0.083,0.485
0.637,0.685,0.461,0.192,0.497
0.517,0.454,0.266,0.136,0.614
0.792,0.846,0.674,0.221,0.63
0.608,0.607,0.389,0.064,0.575
0.74,0.809,0.62,0.098,0.422
0.833,0.86,0.792,0.118,0.642
0.775,0.861,0.631,0.106,0.498
0.716,0.774,0.588,0.129,0.392
0.661,0.68,0.533,0.134,0.53
0.511,0.539,0.288,0.031,0.562
0.72,0.789,0.564,0.225,0.483
0.771,0.861,0.602,0.037,0.657
0.637,0.564,0.396,0.053,0.461
0.75,0.798,0.61,0.234,0.306
0.814,0.922,0.733,0.081,0.529
0.562,0.558,0.345,0.068,0.289
0.742,0.797,0.593,0.248,0.414
0.805,0.837,0.581,0.086,0.628
0.541,0.508,0.303,0.149,0.372
0.859,0.859,0.585,0.041,0.672
0.681,0.661,0.455,0.213,0.514
0.805,0.857,0.635,0.151,0.554
0.793,0.817,0.543,0.1,0.649
0.792,0.832,0.526,0.075,0.559
0.332,0.372,0.174,0.002,0.477
0.824,0.829,0.573,0.078,0.699
0.838,0.892,0.616,0.104,0.669
0.857,0.867,0.594,0.082,0.572
0.743,0.811,0.605,0.112,0.465
0.506,0.483,0.231,0.089,0.489
0.901,0.892,0.551,0.037,0.661
0.925,0.905,0.557,0.03,0.873
0.826,0.876,0.66,0.163,0.631
0.51,0.466,0.27,0.088,0.426
0.776,0.824,0.674,0.125,0.413
0.561,0.532,0.35,0.263,0.497
0.688,0.583,0.405,0.084,0.456
0.193,0.162,0.064,0.029,0.486
0.775,0.842,0.658,0.112,0.411
0.762,0.844,0.66,0.137,0.529
0.492,0.57,0.365,0.12,0.318
0.327,0.233,0.101,0.073,0.33
0.707,0.659,0.537,0.063,0.492
0.748,0.799,0.603,0.209,0.396
0.449,0.287,0.176,0.078,0.502
0.863,0.907,0.47,0.057,0.488
0.854,0.896,0.675,0.03,0.663
0.458,0.34,0.157,0.037,0.613
0.875,0.832,0.726,0.166,0.646
0.776,0.856,0.678,0.265,0.538
0.806,0.736,0.565,0.102,0.631
0.744,0.762,0.462,0.062,0.545
0.584,0.621,0.33,0.124,0.533
0.313,0.306,0.126,0.069,0.258
0.528,0.49,0.23,0.032,0.432
0.872,0.836,0.651,0.057,0.667
0.72,0.657,0.422,0.058,0.492
0.825,0.847,0.65,0.07,0.694
0.463,0.284,0.132,0.065,0.495
0.718,0.787,0.54,0.207,0.498
0.797,0.906,0.69,0.126,0.446
0.814,0.893,0.688,0.042,0.667
0.571,0.657,0.384,0.15,0.456
0.743,0.827,0.688,0.433,0.381
0.773,0.73,0.519,0.157,0.396
0.666,0.763,0.551,0.179,0.267
0.783,0.828,0.621,0.105,0.571
0.312,0.381,0.202,0.081,0.396
0.501,0.335,0.164,0.046,0.375
0.686,0.692,0.5,0.103,0.446
0.506,0.489,0.253,0.133,0.398
0.601,0.577,0.356,0.04,0.459
0.614,0.626,0.322,0.094,0.515
0.633,0.713,0.515,0.309,0.431
0.479,0.504,0.245,0.045,0.455
0.523,0.493,0.277,0.066,0.554
0.759,0.841,0.658,0.259,0.304
0.81,0.818,0.568,0.06,0.474
0.772,0.849,0.682,0.378,0.233
0.582,0.642,0.424,0.102,0.425
0.74,0.906,0.69,0.114,0.55
0.711,0.727,0.51,0.092,0.526
0.879,0.875,0.632,0.038,0.625
0.792,0.766,0.426,0.014,0.617
0.024,0.027,0.006,0.094,0.261
0.481,0.264,0.134,0.036,0.605
0.826,0.892,0.694,0.147,0.498
0.621,0.576,0.345,0.06,0.432
0.752,0.843,0.674,0.43,0.337
0.78,0.865,0.629,0.2,0.608
0.912,0.903,0.467,0.053,0.702
0.486,0.433,0.2,0.065,0.404
0.958,0.925,0.546,0.031,0.854
0.225,0.219,0.022,0.052,0.161
0.623,0.619,0.441,0.119,0.485
0.736,0.814,0.577,0.193,0.542
0.425,0.49,0.29,0.2,0.318
0.556,0.606,0.326,0.092,0.467
0.675,0.584,0.427,0.122,0.505
0.824,0.882,0.662,0.001,0.756
0.358,0.361,0.245,0.096,0.134
0.525,0.514,0.277,0.09,0.367
0.269,0.218,0.065,0.057,0.244
0.74,0.86,0.52,0.094,0.601
0.85,0.902,0.653,0.035,0.687
0.528,0.489,0.291,0.183,0.377
0.773,0.87,0.643,0.148,0.536
0.572,0.542,0.313,0.013,0.514
0.689,0.69,0.484,0.149,0.622
0.559,0.596,0.367,0.104,0.42
0.892,0.901,0.576,0.047,0.78
0.774,0.865,0.637,0.072,0.38
0.621,0.713,0.501,0.207,0.309
0.648,0.583,0.375,0.074,0.538
0.449,0.41,0.21,0.06,0.432
0.716,0.771,0.633,0.109,0.592
0.486,0.556,0.344,0.159,0.416
0.941,0.932,0.503,0.077,0.759
0.674,0.673,0.434,0.071,0.604
0.716,0.873,0.699,0.4,0.25
0.728,0.752,0.401,0.051,0.577
0.875,0.929,0.635,0.066,0.654
0.645,0.624,0.411,0.047,0.592
0.484,0.54,0.313,0.133,0.366
0.542,0.556,0.324,0.024,0.492
0.568,0.64,0.419,0.182,0.489
0.742,0.741,0.399,0.044,0.586
0.751,0.794,0.575,0.168,0.389
0.867,0.857,0.624,0.118,0.559
0.583,0.568,0.347,0.06,0.33
0.737,0.839,0.633,0.217,0.37
0.853,0.875,0.679,0.103,0.568
0.76,0.789,0.549,0.112,0.529
0.801,0.87,0.638,0.149,0.574
0.854,0.846,0.517,0.017,0.345
0.541,0.578,0.344,0.09,0.5
0.788,0.828,0.578,0.147,0.682
0.383,0.356,0.18,0.033,0.575
0.462,0.407,0.234,0.144,0.342
0.554,0.566,0.365,0.118,0.384
0.858,0.848,0.557,0.084,0.654
0.765,0.86,0.702,0.259,0.34
0.825,0.876,0.764,0.116,0.559
0.811,0.855,0.604,0.162,0.56
0.835,0.837,0.577,0.083,0.633
0.508,0.43,0.268,0.187,0.69
0.886,0.84,0.66,0.045,0.63
0.748,0.787,0.603,0.169,0.435
0.454,0.281,0.184,0.057,0.423
0.844,0.838,0.625,0.126,0.608
0.306,0.244,0.105,0.047,0.502
0.892,0.86,0.615,0.09,0.779
0.72,0.648,0.506,0.07,0.404
0.324,0.349,0.137,0.06,0.378
0.668,0.751,0.497,0.205,0.268
0.679,0.669,0.494,0.293,0.44
0.736,0.698,0.461,0.083,0.48
0.302,0.35,0.183,0.14,0.361
0.741,0.76,0.449,0.048,0.581
0.839,0.903,0.665,0.04,0.633
0.586,0.573,0.341,0.064,0.441
0.778,0.81,0.569,0.135,0.58
0.808,0.708,0.402,0.058,0.639
0.741,0.818,0.629,0.228,0.36
0.684,0.607,0.474,0.182,0.613
0.555,0.651,0.443,0.313,0.307
0.827,0.878,0.622,0.099,0.726
0.919,0.927,0.65,0.038,0.842
0.7,0.825,0.672,0.552,0.166
0.501,0.579,0.369,0.105,0.328
0.833,0.84,0.629,0.091,0.62
0.725,0.813,0.499,0.18,0.589
0.754,0.835,0.586,0.13,0.619
0.476,0.426,0.268,0.163,0.479
0.698,0.84,0.697,0.286,0.367
0.674,0.674,0.406,0.053,0.452
0.503,0.558,0.369,0.1,0.447
0.636,0.603,0.425,0.101,0.361
0.542,0.555,0.34,0.069,0.476
0.473,0.55,0.357,0.197,0.279
0.478,0.463,0.262,0.108,0.309
0.825,0.911,0.759,0.062,0.616
0.752,0.791,0.56,0.196,0.408
0.812,0.842,0.678,0.164,0.511
0.441,0.216,0.105,0.057,0.584
0.883,0.905,0.696,0.068,0.706
0.803,0.881,0.677,0.1,0.732
0.888,0.863,0.491,0.051,0.723
0.539,0.486,0.285,0.196,0.396
0.399,0.361,0.192,0.026,0.318
0.769,0.797,0.579,0.184,0.505
0.872,0.834,0.601,0.001,0.89
0.748,0.793,0.559,0.191,0.377
0.311,0.333,0.142,0.1,0.419
0.914,0.877,0.587,0.034,0.798
0.778,0.823,0.627,0.201,0.426
0.258,0.192,0.069,0.064,0.108
0.89,0.933,0.787,0.097,0.642
0.752,0.712,0.478,0.042,0.593
0.668,0.728,0.464,0.217,0.336
0.52,0.615,0.416,0.186,0.163
0.81,0.828,0.596,0.127,0.479
0.667,0.725,0.355,0.046,0.384
0.722,0.786,0.559,0.135,0.36
0.397,0.348,0.22,0.052,0.351
0.681,0.781,0.542,0.13,0.506
0.46,0.526,0.305,0.054,0.396
0.82,0.904,0.647,0.077,0.774
0.898,0.903,0.664,0.061,0.637
0.642,0.679,0.448,0.153,0.441
0.725,0.863,0.678,0.251,0.221
0.579,0.57,0.323,0.02,0.589
0.786,0.88,0.686,0.176,0.39
0.708,0.649,0.537,0.13,0.446
0.978,0.961,0.615,0.017,0.514
0.751,0.784,0.56,0.12,0.488
0.815,0.91,0.587,0.145,0.479
0.49,0.515,0.308,0.187,0.396
0.429,0.343,0.19,0.164,0.613
0.468,0.497,0.278,0.112,0.367
0.641,0.601,0.406,0.056,0.673
0.727,0.613,0.407,0.062,0.649
0.659,0.681,0.44,0.124,0.486
0.533,0.637,0.344,0.116,0.364
0.553,0.601,0.312,0.097,0.509
0.699,0.869,0.64,0.08,0.348
0.794,0.85,0.584,0.121,0.614
0.515,0.457,0.277,0.173,0.679
0.584,0.578,0.367,0.105,0.402
0.581,0.552,0.42,0.159,0.45
0.518,0.51,0.291,0.048,0.575
0.678,0.662,0.404,0.079,0.366
0.835,0.843,0.574,0.114,0.614
0.788,0.96,0.716,0.059,0.714
0.653,0.7,0.373,0.072,0.473
0.739,0.784,0.533,0.07,0.321
0.442,0.467,0.202,0.098,0.405
0.485,0.544,0.319,0.127,0.389
0.616,0.606,0.441,0.118,0.361
0.301,0.21,0.09,0.019,0.509
0.69,0.733,0.524,0.129,0.479
0.563,0.584,0.318,0.06,0.426
0.499,0.47,0.279,0.169,0.203
0.733,0.801,0.608,0.217,0.295
0.457,0.286,0.141,0.041,0.476
0.428,0.415,0.239,0.084,0.25
0.714,0.781,0.588,0.144,0.345
0.833,0.817,0.533,0.041,0.593
0.595,0.579,0.39,0.102,0.488
0.027,0.025,0.011,0.054,0.259
0.877,0.85,0.566,0.06,0.575
0.794,0.902,0.739,0.094,0.342
0.879,0.893,0.628,0.022,0.648
0.875,0.886,0.718,0.124,0.467
0.895,0.881,0.631,0.078,0.717
0.454,0.387,0.199,0.122,0.349
0.682,0.87,0.712,0.354,0.319
0.809,0.855,0.641,0.151,0.61
0.811,0.86,0.575,0.107,0.459
0.78,0.882,0.644,0.166,0.578
0.805,0.895,0.618,0.013,0.667
0.788,0.812,0.599,0.102,0.509
0.71,0.751,0.409,0.037,0.339
0.571,0.544,0.393,0.397,0.446
0.8,0.766,0.542,0.057,0.663
0.718,0.842,0.679,0.505,0.307
0.81,0.822,0.524,0.062,0.37
0.528,0.592,0.319,0.07,0.497
0.809,0.843,0.677,0.127,0.572
0.742,0.839,0.676,0.302,0.327
0.817,0.894,0.501,0.075,0.687
0.69,0.597,0.417,0.12,0.426
0.288,0.249,0.113,0.051,0.303
0.935,0.924,0.72,0.028,0.398
0.346,0.301,0.139,0.09,0.486
0.568,0.624,0.336,0.065,0.5
0.866,0.857,0.63,0.02,0.666
0.315,0.329,0.21,0.203,0.19
0.82,0.927,0.69,0.077,0.755
0.836,0.868,0.682,0.099,0.569
0.695,0.784,0.493,0.074,0.515
0.681,0.862,0.715,0.292,0.304
0.614,0.592,0.387,0.05,0.577
0.669,0.661,0.463,0.314,0.408
0.612,0.603,0.376,0.027,0.557
0.584,0.518,0.278,0.054,0.648
0.444,0.485,0.167,0.057,0.518
0.882,0.893,0.546,0.002,0.855
0.682,0.709,0.461,0.155,0.364
0.806,0.827,0.569,0.104,0.642
0.291,0.309,0.146,0.084,0.461
0.306,0.364,0.183,0.107,0.405
0.834,0.822,0.503,0.079,0.566
0.743,0.79,0.586,0.159,0.411
0.726,0.691,0.407,0.049,0.533
0.306,0.186,0.068,0.062,0.447
0.778,0.82,0.623,0.147,0.544
0.736,0.833,0.653,0.588,0.321
0.674,0.661,0.408,0.09,0.508
0.857,0.873,0.467,0.047,0.515
0.775,0.809,0.592,0.117,0.556
0.713,0.8,0.541,0.095,0.649
0.805,0.847,0.486,0.135,0.613
0.484,0.512,0.296,0.053,0.532
0.837,0.924,0.68,0.035,0.578
0.519,0.557,0.331,0.129,0.446
0.806,0.901,0.674,0.045,0.608
0.564,0.714,0.475,0.231,0.182
0.701,0.672,0.422,0.043,0.614
0.755,0.819,0.577,0.189,0.562
0.348,0.365,0.238,0.198,0.215
0.55,0.581,0.302,0.035,0.512
0.836,0.844,0.475,0.056,0.532
0.756,0.792,0.562,0.164,0.505
0.58,0.688,0.496,0.265,0.258
0.889,0.918,0.713,0.094,0.509
0.438,0.5,0.305,0.235,0.343
0.826,0.842,0.578,0.163,0.614
0.925,0.912,0.608,0.036,0.539
0.377,0.321,0.178,0.095,0.541
0.813,0.856,0.629,0.127,0.605
0.912,0.942,0.638,0.098,0.654
0.708,0.675,0.397,0.103,0.578
0.496,0.336,0.173,0.064,0.557
0.726,0.799,0.589,0.138,0.398
0.494,0.595,0.373,0.369,0.437
0.772,0.81,0.625,0.188,0.444
0.644,0.541,0.344,0.06,0.548
0.495,0.565,0.363,0.105,0.372
0.779,0.837,0.643,0.139,0.459
0.86,0.895,0.793,0.052,0.685
0.652,0.589,0.435,0.15,0.477
0.86,0.875,0.599,0.022,0.773
0.49,0.414,0.196,0.068,0.348
0.849,0.787,0.53,0.219,0.83
0.728,0.682,0.441,0.064,0.494
0.947,0.914,0.557,0.021,0.767
0.77,0.831,0.71,0.085,0.366
0.308,0.359,0.178,0.078,0.395
0.819,0.891,0.662,0.049,0.443
0.743,0.807,0.598,0.149,0.536
0.676,0.567,0.378,0.017,0.425
0.747,0.814,0.585,0.213,0.492
0.56,0.545,0.304,0.064,0.435
0.607,0.695,0.45,0.136,0.623
0.7,0.616,0.371,0.125,0.357
0.598,0.589,0.365,0.11,0.438
0.601,0.672,0.387,0.148,0.393
0.807,0.853,0.663,0.107,0.587
0.802,0.877,0.711,0.094,0.593
0.519,0.479,0.278,0.085,0.542
0.803,0.8,0.569,0.128,0.485
0.835,0.845,0.588,0.16,0.533
0.659,0.622,0.4,0.044,0.648
0.809,0.862,0.657,0.149,0.699
0.821,0.822,0.572,0.09,0.559
0.527,0.491,0.287,0.144,0.377
0.737,0.799,0.528,0.173,0.432
0.472,0.467,0.286,0.12,0.456
0.704,0.675,0.468,0.221,0.565
0.447,0.483,0.25,0.061,0.44
0.52,0.404,0.266,0.125,0.402
0.825,0.87,0.57,0.115,0.622
0.749,0.807,0.6,0.204,0.398
0.76,0.814,0.643,0.197,0.378
0.491,0.444,0.268,0.209,0.5
0.81,0.864,0.644,0.096,0.492
0.698,0.676,0.405,0.077,0.595
0.602,0.611,0.362,0.056,0.404
0.469,0.45,0.146,0.071,0.553
0.197,0.159,0.083,0.031,0.315
0.562,0.482,0.269,0.149,0.474
0.543,0.54,0.324,0.037,0.489
0.327,0.199,0.06,0.041,0.634
0.643,0.593,0.422,0.161,0.404
0.302,0.264,0.136,0.086,0.461
0.561,0.546,0.298,0.039,0.495
0.779,0.81,0.586,0.106,0.535
0.439,0.409,0.25,0.09,0.42
0.715,0.81,0.555,0.091,0.649
0.811,0.88,0.614,0.126,0.598
0.653,0.621,0.442,0.105,0.477
0.675,0.876,0.705,0.348,0.205
0.783,0.86,0.636,0.204,0.584
0.754,0.739,0.495,0.094,0.509
0.749,0.834,0.629,0.157,0.56
0.745,0.829,0.545,0.105,0.614
0.868,0.89,0.593,0.088,0.717
0.66,0.655,0.373,0.078,0.381
0.429,0.394,0.211,0.183,0.459
0.835,0.929,0.736,0.105,0.518
0.414,0.467,0.257,0.157,0.288
0.829,0.853,0.624,0.082,0.622
0.568,0.568,0.343,0.067,0.294
0.836,0.734,0.571,0.089,0.657
0.679,0.653,0.423,0.131,0.425
0.707,0.84,0.655,0.309,0.267
0.292,0.305,0.138,0.088,0.334
0.857,0.867,0.672,0.045,0.755
0.843,0.853,0.538,0.103,0.681
0.797,0.744,0.546,0.118,0.551
0.838,0.852,0.614,0.019,0.592
0.721,0.79,0.434,0.14,0.634
0.414,0.352,0.127,0.05,0.574
0.734,0.819,0.639,0.235,0.297
0.578,0.629,0.408,0.1,0.42
0.874,0.88,0.478,0.059,0.706
0.667,0.644,0.499,0.254,0.529
0.651,0.658,0.423,0.102,0.378
0.665,0.683,0.437,0.099,0.657
0.478,0.468,0.298,0.105,0.512
0.659,0.641,0.415,0.056,0.45
0.625,0.636,0.48,0.233,0.37
0.916,0.909,0.499,0.019,0.889
0.429,0.488,0.259,0.12,0.273
0.763,0.719,0.473,0.111,0.535
0.821,0.846,0.618,0.109,0.575
0.635,0.646,0.477,0.218,0.422
0.71,0.767,0.384,0.056,0.523
0.604,0.695,0.435,0.142,0.336
0.456,0.407,0.23,0.127,0.289
0.515,0.515,0.28,0.057,0.556
0.265,0.207,0.131,0.137,0.345
0.769,0.733,0.492,0.141,0.441
0.636,0.653,0.422,0.1,0.482
0.735,0.754,0.543,0.193,0.545
0.749,0.792,0.598,0.239,0.389
0.669,0.615,0.382,0.062,0.443
0.851,0.85,0.623,0.057,0.795
0.84,0.876,0.709,0.131,0.599
0.759,0.791,0.598,0.188,0.401
0.653,0.719,0.332,0.027,0.458
0.445,0.426,0.24,0.077,0.277
0.722,0.825,0.673,0.348,0.166
0.718,0.756,0.438,0.121,0.479
0.458,0.401,0.231,0.076,0.328
0.566,0.533,0.342,0.03,0.613
0.797,0.852,0.675,0.055,0.67
0.459,0.472,0.279,0.135,0.31
0.412,0.345,0.196,0.053,0.414
0.54,0.502,0.265,0.066,0.239
0.571,0.569,0.37,0.087,0.295
0.481,0.522,0.318,0.154,0.315
0.836,0.852,0.62,0.058,0.605
0.516,0.621,0.377,0.318,0.431
0.636,0.587,0.375,0.051,0.39
0.86,0.866,0.553,0.053,0.652
0.42,0.423,0.21,0.107,0.261
0.605,0.577,0.361,0.075,0.366
0.89,0.932,0.704,0.043,0.664
0.836,0.869,0.596,0.084,0.69
0.774,0.924,0.721,0.004,0.533
0.737,0.624,0.457,0.093,0.506
0.836,0.862,0.609,0.088,0.623
0.728,0.677,0.549,0.035,0.545
0.792,0.823,0.596,0.092,0.551
0.802,0.857,0.639,0.154,0.535
0.843,0.91,0.721,0.064,0.623
0.77,0.801,0.565,0.125,0.467
0.653,0.65,0.506,0.235,0.446
0.801,0.883,0.645,0.142,0.551
0.202,0.23,0.048,0.062,0.081
0.345,0.413,0.238,0.21,0.258
0.638,0.61,0.366,0.035,0.405
0.739,0.727,0.511,0.192,0.411
0.875,0.896,0.647,0.11,0.678
0.017,0.039,0.02,0.085,0.146
0.531,0.608,0.316,0.067,0.489
0.575,0.58,0.383,0.118,0.367
0.832,0.871,0.623,0.064,0.517
0.806,0.874,0.614,0.19,0.649
0.811,0.848,0.627,0.129,0.598
0.698,0.698,0.48,0.057,0.596
0.593,0.575,0.396,0.112,0.476
0.682,0.597,0.454,0.064,0.533
0.756,0.892,0.715,0.189,0.282
0.835,0.918,0.658,0.063,0.717
0.771,0.813,0.643,0.123,0.318
0.47,0.409,0.236,0.173,0.324
0.499,0.406,0.216,0.082,0.39
0.465,0.5,0.236,0.086,0.462
0.562,0.489,0.295,0.099,0.446
0.639,0.579,0.393,0.065,0.342
0.777,0.824,0.548,0.142,0.604
0.746,0.881,0.71,0.235,0.232
0.873,0.874,0.584,0.058,0.666
0.481,0.477,0.282,0.193,0.307
0.91,0.802,0.556,0.058,0.608
0.687,0.861,0.705,0.287,0.328
0.6,0.568,0.346,0.024,0.581
0.172,0.069,0.018,0.011,0.551
0.792,0.818,0.559,0.088,0.602
0.813,0.882,0.596,0.143,0.623
0.76,0.843,0.63,0.194,0.511
0.736,0.813,0.62,0.133,0.541
0.319,0.306,0.133,0.123,0.267
0.853,0.926,0.687,0.077,0.477
0.782,0.836,0.57,0.122,0.482
0.863,0.883,0.55,0.069,0.679
0.709,0.649,0.509,0.079,0.351
0.476,0.265,0.11,0.028,0.8
0.793,0.81,0.55,0.09,0.611
0.871,0.866,0.586,0.076,0.881
0.662,0.686,0.5,0.14,0.602
0.892,0.906,0.662,0.033,0.565
0.554,0.636,0.389,0.25,0.428
0.516,0.471,0.267,0.112,0.69
0.849,0.85,0.677,0.123,0.657
0.853,0.861,0.682,0.113,0.699
0.348,0.404,0.202,0.07,0.483
0.808,0.875,0.682,0.105,0.669
0.318,0.4,0.213,0.078,0.288
0.738,0.822,0.633,0.141,0.456
0.697,0.817,0.614,0.164,0.167
0.795,0.878,0.694,0.103,0.369
0.695,0.734,0.496,0.094,0.464
0.459,0.51,0.305,0.138,0.327
0.738,0.705,0.4,0.033,0.589
0.771,0.784,0.489,0.1,0.643
0.912,0.967,0.599,0.028,0.801
0.859,0.856,0.595,0.099,0.512
0.749,0.803,0.605,0.119,0.42
0.785,0.84,0.635,0.197,0.654
0.723,0.847,0.679,0.276,0.244
0.787,0.862,0.643,0.055,0.462
0.436,0.227,0.126,0.058,0.498
0.285,0.254,0.006,0.06,0.17
0.71,0.875,0.649,0.092,0.383
0.707,0.745,0.482,0.073,0.41
0.494,0.447,0.272,0.17,0.473
0.847,0.881,0.59,0.098,0.541
0.857,0.894,0.727,0.056,0.768
0.825,0.889,0.657,0.049,0.718
0.868,0.877,0.637,0.044,0.583
0.235,0.082,0.033,0.039,0.673
0.726,0.84,0.653,0.318,0.203
0.403,0.409,0.158,0.043,0.423
0.724,0.722,0.509,0.0,0.968
0.591,0.588,0.357,0.085,0.386
0.851,0.863,0.744,0.12,0.661
0.813,0.867,0.641,0.092,0.492
0.463,0.474,0.247,0.132,0.444
0.495,0.489,0.317,0.191,0.405
0.767,0.787,0.583,0.193,0.462
0.544,0.533,0.361,0.3,0.461
0.771,0.829,0.638,0.153,0.566
0.503,0.607,0.347,0.127,0.336
0.681,0.601,0.386,0.033,0.593
0.778,0.818,0.528,0.051,0.364
0.777,0.855,0.629,0.081,0.485
0.66,0.595,0.414,0.047,0.578
0.595,0.628,0.386,0.035,0.48
0.768,0.839,0.585,0.174,0.583
0.479,0.274,0.146,0.063,0.473
0.548,0.485,0.297,0.085,0.613
0.639,0.602,0.369,0.051,0.58
0.541,0.389,0.201,0.102,0.572
0.739,0.807,0.623,0.161,0.45
0.751,0.787,0.547,0.131,0.529
0.723,0.825,0.634,0.081,0.175
0.521,0.662,0.47,0.203,0.131
0.516,0.318,0.15,0.049,0.511
0.74,0.823,0.655,0.29,0.33
0.773,0.793,0.473,0.101,0.444
0.727,0.831,0.641,0.41,0.295
0.835,0.91,0.703,0.044,0.523
0.324,0.212,0.069,0.026,0.633
0.79,0.841,0.657,0.148,0.486
0.369,0.422,0.24,0.11,0.13
0.736,0.742,0.528,0.142,0.599
0.57,0.635,0.358,0.064,0.464
0.052,0.068,0.026,0.071,0.262
0.709,0.646,0.524,0.113,0.389
0.511,0.544,0.335,0.167,0.292
0.745,0.858,0.686,0.203,0.423
0.259,0.216,0.104,0.056,0.267
0.405,0.413,0.222,0.103,0.377
0.392,0.358,0.182,0.04,0.241
0.792,0.893,0.708,0.129,0.31
0.228,0.209,0.059,0.039,0.206
0.922,0.758,0.721,0.0,0.605
0.202,0.161,0.063,0.036,0.511
0.637,0.646,0.454,0.322,0.449
0.314,0.235,0.116,0.09,0.483
0.789,0.81,0.565,0.148,0.455
0.821,0.857,0.676,0.166,0.47
0.328,0.214,0.115,0.047,0.334
0.889,0.867,0.634,0.009,0.756
0.727,0.748,0.558,0.037,0.61
0.731,0.841,0.665,0.316,0.218
0.819,0.858,0.532,0.105,0.52
0.496,0.48,0.283,0.065,0.44
0.615,0.645,0.296,0.027,0.52
0.917,0.906,0.445,0.056,0.768
0.747,0.801,0.607,0.141,0.438
0.775,0.814,0.547,0.113,0.581
0.503,0.475,0.297,0.092,0.572
0.204,0.192,0.076,0.056,0.389
0.838,0.857,0.64,0.017,0.628
0.845,0.901,0.704,0.101,0.633
0.718,0.794,0.593,0.188,0.36
0.36,0.376,0.239,0.202,0.342
0.764,0.767,0.556,0.256,0.491
0.685,0.665,0.375,0.087,0.396
0.809,0.868,0.623,0.066,0.526
0.62,0.59,0.373,0.057,0.444
0.753,0.815,0.571,0.146,0.538
0.799,0.902,0.689,0.09,0.7
0.324,0.335,0.141,0.109,0.431
0.487,0.387,0.216,0.049,0.47
0.568,0.62,0.438,0.135,0.541
0.734,0.862,0.681,0.357,0.364
0.762,0.86,0.692,0.205,0.292
0.8,0.87,0.641,0.191,0.447
0.865,0.858,0.538,0.055,0.661
0.506,0.498,0.267,0.044,0.545
0.515,0.494,0.28,0.145,0.536
0.738,0.774,0.514,0.072,0.405
0.345,0.375,0.181,0.016,0.583
0.872,0.843,0.539,0.133,0.563
0.917,0.892,0.677,0.011,0.642
0.471,0.506,0.254,0.101,0.455
0.82,0.848,0.659,0.054,0.518
0.53,0.506,0.244,0.128,0.568
0.574,0.593,0.402,0.099,0.366
0.534,0.548,0.321,0.019,0.536
0.884,0.923,0.601,0.05,0.795
0.85,0.883,0.686,0.046,0.581
0.508,0.301,0.141,0.068,0.527
0.742,0.841,0.67,0.299,0.169
0.603,0.594,0.355,0.072,0.458
0.719,0.75,0.521,0.299,0.319
0.776,0.866,0.689,0.144,0.498
0.757,0.822,0.617,0.154,0.377
0.855,0.907,0.701,0.111,0.602
0.796,0.912,0.717,0.089,0.321
0.632,0.599,0.437,0.194,0.467
0.84,0.88,0.589,0.098,0.699
0.812,0.795,0.532,0.079,0.601
0.722,0.692,0.404,0.043,0.565
0.773,0.865,0.689,0.094,0.453
0.617,0.667,0.354,0.011,0.753
0.787,0.827,0.581,0.148,0.586
0.504,0.537,0.221,0.044,0.489
0.671,0.679,0.411,0.151,0.422
0.829,0.923,0.695,0.097,0.45
0.639,0.732,0.49,0.216,0.291
0.491,0.53,0.309,0.152,0.328
0.83,0.905,0.648,0.096,0.431
0.718,0.787,0.596,0.108,0.364
0.304,0.343,0.138,0.026,0.413
0.831,0.908,0.671,0.095,0.648
0.854,0.868,0.716,0.102,0.723
0.668,0.658,0.482,0.241,0.462
0.824,0.834,0.562,0.036,0.613
0.485,0.426,0.227,0.141,0.497
0.735,0.897,0.698,0.181,0.45
0.71,0.645,0.508,0.102,0.416
0.786,0.861,0.678,0.227,0.482
0.727,0.822,0.645,0.442,0.312
0.496,0.481,0.293,0.083,0.59
0.482,0.258,0.136,0.015,0.538
0.737,0.786,0.61,0.183,0.429
0.616,0.571,0.345,0.051,0.651
0.621,0.619,0.362,0.037,0.452
0.516,0.42,0.268,0.138,0.482
0.736,0.802,0.598,0.181,0.279
0.818,0.861,0.667,0.104,0.544
0.779,0.842,0.52,0.145,0.664
0.79,0.837,0.535,0.143,0.429
0.826,0.85,0.563,0.065,0.575
0.817,0.859,0.635,0.079,0.596
0.602,0.591,0.385,0.075,0.321
0.706,0.716,0.484,0.056,0.538
0.596,0.582,0.368,0.109,0.441
0.293,0.224,0.125,0.103,0.367
0.46,0.379,0.204,0.034,0.452
0.69,0.852,0.611,0.182,0.289
0.657,0.636,0.485,0.286,0.554
0.403,0.334,0.178,0.053,0.556
0.889,0.958,0.716,0.062,0.649
0.255,0.203,0.064,0.061,0.045
0.366,0.402,0.203,0.125,0.23
0.764,0.734,0.512,0.118,0.407
0.587,0.675,0.368,0.104,0.313
0.452,0.441,0.176,0.053,0.467
0.752,0.842,0.673,0.337,0.268
0.739,0.822,0.608,0.162,0.447
0.742,0.814,0.551,0.165,0.547
0.419,0.39,0.244,0.073,0.315
0.153,0.077,0.021,0.056,0.488
0.807,0.793,0.582,0.025,0.447
0.472,0.586,0.355,0.468,0.328
0.846,0.811,0.501,0.023,0.825
0.846,0.847,0.587,0.071,0.596
0.497,0.5,0.272,0.084,0.375
0.681,0.741,0.455,0.147,0.387
0.459,0.458,0.246,0.084,0.422
0.454,0.405,0.206,0.092,0.325
0.627,0.706,0.481,0.151,0.483
0.578,0.628,0.363,0.085,0.491
0.745,0.793,0.599,0.115,0.462
0.779,0.841,0.587,0.149,0.574
0.909,0.914,0.847,0.018,0.732
0.818,0.875,0.663,0.072,0.711
0.75,0.817,0.501,0.044,0.652
0.716,0.755,0.548,0.131,0.395
0.607,0.613,0.441,0.13,0.373
0.624,0.697,0.396,0.068,0.441
0.708,0.671,0.434,0.117,0.569
0.695,0.871,0.685,0.468,0.214
0.657,0.723,0.436,0.134,0.425
0.662,0.746,0.481,0.174,0.276
0.649,0.871,0.705,0.377,0.271
0.863,0.85,0.517,0.048,0.526
0.765,0.852,0.606,0.144,0.533
0.773,0.864,0.723,0.151,0.518
0.729,0.682,0.407,0.075,0.512
0.954,0.922,0.555,0.044,0.798
0.882,0.888,0.666,0.093,0.492
0.662,0.688,0.481,0.112,0.486
0.877,0.863,0.504,0.054,0.642
0.567,0.633,0.402,0.055,0.393
0.741,0.797,0.599,0.181,0.508
0.843,0.844,0.56,0.058,0.654
0.484,0.517,0.27,0.054,0.572
0.419,0.455,0.233,0.08,0.285
0.479,0.467,0.256,0.104,0.449
0.54,0.498,0.249,0.062,0.449
0.368,0.33,0.161,0.039,0.553
0.819,0.808,0.539,0.076,0.672
0.637,0.694,0.356,0.082,0.44
0.689,0.744,0.507,0.094,0.354
0.778,0.833,0.66,0.144,0.464
0.8,0.85,0.643,0.104,0.572
0.824,0.832,0.576,0.128,0.607
0.855,0.902,0.725,0.135,0.607
0.729,0.657,0.508,0.068,0.387
0.827,0.862,0.58,0.148,0.595
0.288,0.277,0.126,0.056,0.277
0.308,0.33,0.139,0.07,0.307
0.478,0.324,0.154,0.066,0.396
0.504,0.484,0.287,0.123,0.468
0.803,0.848,0.637,0.141,0.569
0.794,0.964,0.691,0.425,0.396
0.733,0.775,0.581,0.145,0.657
0.786,0.886,0.666,0.152,0.619
0.65,0.661,0.416,0.136,0.44
0.858,0.853,0.541,0.049,0.636
0.648,0.591,0.405,0.018,0.654
0.456,0.506,0.298,0.119,0.464
0.899,0.923,0.63,0.063,0.687
0.718,0.683,0.485,0.052,0.553
0.721,0.858,0.685,0.208,0.211
0.664,0.597,0.4,0.147,0.393
0.378,0.34,0.171,0.025,0.598
0.422,0.359,0.197,0.046,0.342
0.854,0.665,0.356,0.048,0.69
0.746,0.816,0.638,0.163,0.27
0.883,0.819,0.548,0.043,0.739
0.515,0.554,0.32,0.124,0.441
0.812,0.9,0.669,0.04,0.693
0.834,0.878,0.635,0.114,0.486
0.583,0.593,0.359,0.039,0.377
0.223,0.242,0.016,0.046,0.148
0.777,0.843,0.669,0.081,0.461
0.53,0.5,0.265,0.063,0.464
0.745,0.748,0.455,0.067,0.575
0.782,0.839,0.667,0.207,0.393
0.613,0.603,0.445,0.26,0.264
0.787,0.889,0.721,0.141,0.586
0.513,0.516,0.32,0.147,0.381
0.769,0.784,0.579,0.148,0.428
0.432,0.424,0.185,0.044,0.467
0.75,0.795,0.632,0.157,0.435
0.372,0.398,0.233,0.183,0.182
0.653,0.87,0.7,0.396,0.218
0.496,0.518,0.235,0.123,0.458
0.512,0.523,0.249,0.094,0.589
0.951,0.923,0.447,0.026,0.687
0.609,0.663,0.438,0.047,0.405
0.66,0.617,0.38,0.1,0.554
0.635,0.667,0.436,0.134,0.367
0.757,0.806,0.584,0.173,0.538
0.415,0.351,0.199,0.181,0.361
0.362,0.296,0.104,0.054,0.559
0.664,0.792,0.578,0.193,0.399
0.19,0.174,0.071,0.066,0.435
0.298,0.333,0.136,0.122,0.279
0.746,0.813,0.65,0.171,0.413
0.455,0.381,0.158,0.123,0.471
0.534,0.492,0.25,0.041,0.485
0.39,0.311,0.1,0.023,0.599
0.568,0.515,0.244,0.091,0.505
0.535,0.63,0.426,0.127,0.274
0.489,0.48,0.267,0.093,0.399
0.519,0.476,0.268,0.077,0.476
0.32,0.308,0.132,0.079,0.38
0.827,0.878,0.646,0.075,0.508
0.385,0.23,0.122,0.04,0.512
0.756,0.808,0.624,0.127,0.3
0.911,0.977,0.765,0.004,0.727
0.746,0.894,0.733,0.385,0.339
0.844,0.843,0.59,0.069,0.541
0.715,0.76,0.561,0.491,0.134
0.208,0.141,0.056,0.024,0.5
0.805,0.834,0.59,0.145,0.551
0.589,0.568,0.341,0.07,0.456
0.853,0.903,0.704,0.102,0.792
0.873,0.938,0.445,0.007,0.541
0.858,0.933,0.61,0.069,0.774
0.707,0.763,0.575,0.134,0.547
0.866,0.879,0.638,0.073,0.73
0.749,0.808,0.598,0.111,0.486
0.737,0.848,0.668,0.232,0.229
0.495,0.476,0.274,0.098,0.464
0.746,0.803,0.61,0.156,0.441
0.68,0.657,0.349,0.045,0.358
0.856,0.985,0.841,0.099,0.931
0.779,0.731,0.495,0.085,0.538
0.502,0.412,0.241,0.104,0.601
0.853,0.855,0.541,0.11,0.706
0.72,0.69,0.441,0.081,0.55
0.706,0.756,0.544,0.213,0.471
0.837,0.87,0.717,0.145,0.523
0.803,0.821,0.529,0.097,0.627
0.832,0.857,0.632,0.106,0.733
0.688,0.657,0.416,0.088,0.512
0.813,0.792,0.57,0.103,0.524
0.463,0.268,0.137,0.036,0.544
0.761,0.771,0.526,0.244,0.324
0.464,0.387,0.218,0.116,0.387
0.883,0.796,0.486,0.036,0.804
0.472,0.436,0.244,0.068,0.617
0.963,0.948,0.652,0.014,0.748
0.482,0.508,0.288,0.052,0.545
0.415,0.401,0.166,0.045,0.389
0.501,0.464,0.256,0.107,0.512
0.828,0.842,0.584,0.061,0.733
0.621,0.65,0.495,0.083,0.236
0.769,0.82,0.598,0.166,0.574
0.689,0.683,0.426,0.094,0.545
0.82,0.848,0.588,0.148,0.529
0.718,0.859,0.622,0.131,0.483
0.674,0.661,0.431,0.106,0.45
0.816,0.825,0.602,0.112,0.515
0.382,0.412,0.185,0.062,0.333
0.803,0.86,0.653,0.126,0.611
0.685,0.683,0.501,0.149,0.712
0.867,0.905,0.693,0.073,0.605
0.73,0.767,0.576,0.148,0.52
0.468,0.427,0.134,0.062,0.611
0.299,0.273,0.124,0.074,0.315
0.769,0.774,0.518,0.032,0.545
0.275,0.291,0.135,0.115,0.336
0.766,0.824,0.643,0.286,0.333
0.745,0.815,0.599,0.231,0.295
0.298,0.288,0.138,0.028,0.645
0.257,0.279,0.122,0.081,0.236
0.568,0.513,0.238,0.06,0.554
0.771,0.947,0.696,0.016,0.636
0.808,0.826,0.552,0.079,0.554
0.748,0.82,0.53,0.117,0.598
0.8,0.865,0.632,0.115,0.682
0.871,0.893,0.61,0.098,0.652
0.814,0.82,0.591,0.186,0.691
0.759,0.844,0.662,0.097,0.437
0.438,0.468,0.253,0.134,0.381
0.791,0.874,0.642,0.096,0.459
0.718,0.822,0.659,0.208,0.268
0.651,0.594,0.368,0.074,0.502
0.671,0.677,0.431,0.096,0.464
0.875,0.897,0.679,0.125,0.583
0.476,0.398,0.274,0.207,0.377
0.551,0.51,0.232,0.1,0.5
0.568,0.608,0.315,0.071,0.492
0.664,0.66,0.487,0.17,0.553
0.814,0.764,0.471,0.051,0.642
0.374,0.339,0.152,0.06,0.303
0.477,0.494,0.289,0.178,0.41
0.82,0.903,0.744,0.073,0.741
0.623,0.584,0.416,0.182,0.474
0.767,0.708,0.5,0.124,0.444
0.776,0.816,0.568,0.15,0.548
0.713,0.657,0.341,0.038,0.363
0.507,0.483,0.265,0.153,0.393
0.922,0.89,0.673,0.005,0.744
0.315,0.242,0.138,0.07,0.345
0.79,0.887,0.66,0.073,0.53
0.22,0.242,0.051,0.056,0.181
0.742,0.788,0.555,0.176,0.443
0.778,0.841,0.636,0.111,0.342
0.762,0.934,0.738,0.106,0.545
0.526,0.52,0.25,0.103,0.486
0.669,0.712,0.452,0.088,0.438
0.454,0.418,0.227,0.088,0.306
0.871,0.847,0.535,0.049,0.497
0.75,0.76,0.585,0.201,0.386
0.619,0.694,0.494,0.212,0.3
0.5,0.481,0.283,0.188,0.367
0.623,0.654,0.404,0.057,0.489
0.742,0.784,0.566,0.117,0.495
0.465,0.353,0.199,0.041,0.648
0.844,0.695,0.428,0.039,0.655
0.718,0.682,0.479,0.059,0.541
0.536,0.508,0.264,0.069,0.36
0.84,0.856,0.617,0.079,0.518
0.782,0.728,0.493,0.105,0.437
0.927,0.892,0.597,0.017,0.815
0.337,0.317,0.203,0.095,0.232
0.464,0.448,0.305,0.014,0.539
0.856,0.879,0.679,0.033,0.666
0.585,0.676,0.436,0.027,0.58
0.871,0.872,0.625,0.027,0.776
0.745,0.781,0.551,0.313,0.322
0.754,0.802,0.609,0.168,0.395
0.75,0.804,0.648,0.112,0.476
0.72,0.823,0.643,0.324,0.292
0.31,0.316,0.133,0.134,0.279
0.531,0.537,0.326,0.057,0.563
0.695,0.587,0.389,0.13,0.553
0.881,0.924,0.722,0.082,0.634
0.769,0.81,0.674,0.506,0.434
0.539,0.554,0.365,0.103,0.411
0.811,0.898,0.666,0.109,0.536
0.235,0.19,0.086,0.059,0.489
0.809,0.79,0.495,0.144,0.494
0.841,0.908,0.713,0.129,0.687
0.725,0.761,0.531,0.417,0.202
0.797,0.858,0.689,0.126,0.623
0.567,0.569,0.375,0.163,0.355
0.769,0.795,0.602,0.178,0.456
0.455,0.478,0.255,0.139,0.271
0.68,0.658,0.425,0.143,0.47
0.869,0.948,0.566,0.049,0.745
0.807,0.842,0.567,0.138,0.66
0.379,0.289,0.107,0.044,0.559
0.88,0.897,0.699,0.058,0.64
0.876,0.838,0.588,0.075,0.655
0.458,0.569,0.359,0.449,0.215
0.874,0.869,0.648,0.038,0.801
0.817,0.853,0.488,0.061,0.729
0.803,0.898,0.734,0.076,0.444
0.484,0.553,0.351,0.228,0.367
0.849,0.906,0.666,0.104,0.672
0.422,0.347,0.188,0.186,0.586
0.792,0.847,0.578,0.152,0.509
0.596,0.678,0.375,0.096,0.366
0.498,0.428,0.251,0.166,0.59
0.797,0.875,0.669,0.117,0.636
0.65,0.649,0.412,0.088,0.37
0.755,0.745,0.552,0.246,0.413
0.827,0.86,0.633,0.127,0.503
0.773,0.822,0.523,0.136,0.44
0.47,0.312,0.177,0.076,0.581
0.653,0.611,0.382,0.128,0.544
0.807,0.883,0.686,0.161,0.527
0.76,0.803,0.609,0.131,0.56
0.925,0.932,0.626,0.062,0.744
0.455,0.578,0.295,0.177,0.273
0.689,0.683,0.48,0.109,0.36
0.9,0.895,0.5,0.052,0.779
0.815,0.865,0.631,0.138,0.402
0.554,0.664,0.462,0.261,0.227
0.22,0.156,0.055,0.03,0.521
0.507,0.522,0.264,0.126,0.544
0.415,0.34,0.221,0.24,0.541
0.811,0.841,0.582,0.097,0.599
0.489,0.438,0.269,0.101,0.503
0.8,0.836,0.642,0.12,0.495
0.809,0.865,0.667,0.104,0.526
0.553,0.667,0.456,0.259,0.205
0.754,0.804,0.484,0.053,0.654
0.709,0.648,0.51,0.126,0.283
0.265,0.197,0.096,0.094,0.28
0.764,0.817,0.625,0.164,0.565
0.809,0.811,0.574,0.198,0.535
0.736,0.859,0.688,0.22,0.25
0.466,0.532,0.309,0.131,0.336
0.598,0.609,0.362,0.084,0.28
0.792,0.819,0.611,0.134,0.613
0.846,0.857,0.667,0.091,0.724
0.764,0.83,0.56,0.116,0.7
0.594,0.601,0.383,0.092,0.437
0.749,0.907,0.642,0.011,0.61
0.279,0.284,0.125,0.107,0.304
0.467,0.486,0.284,0.068,0.53
0.778,0.804,0.596,0.072,0.477
0.386,0.31,0.16,0.07,0.336
0.802,0.84,0.527,0.08,0.633
0.666,0.654,0.348,0.024,0.69
0.474,0.504,0.284,0.123,0.327
0.732,0.8,0.607,0.202,0.364
0.711,0.758,0.529,0.21,0.533
0.592,0.625,0.403,0.062,0.402
0.58,0.578,0.342,0.062,0.467
0.701,0.697,0.429,0.072,0.456
0.742,0.838,0.694,0.349,0.327
0.631,0.669,0.426,0.108,0.407
0.442,0.385,0.224,0.222,0.586
0.907,0.919,0.573,0.054,0.752
0.782,0.884,0.725,0.111,0.47
0.781,0.728,0.485,0.079,0.693
0.452,0.508,0.308,0.145,0.217
0.465,0.454,0.259,0.121,0.42
0.934,0.876,0.511,0.009,0.937
0.88,0.789,0.637,0.002,0.886
0.825,0.656,0.359,0.068,0.643
0.826,0.842,0.577,0.124,0.581
0.715,0.785,0.59,0.133,0.408
0.562,0.51,0.261,0.084,0.426
0.743,0.839,0.681,0.385,0.203
0.454,0.578,0.293,0.274,0.247
0.495,0.311,0.161,0.066,0.52
0.399,0.448,0.249,0.069,0.318
0.849,0.888,0.729,0.117,0.709
0.724,0.865,0.697,0.272,0.343
0.755,0.808,0.541,0.17,0.464
0.684,0.757,0.545,0.287,0.384
0.646,0.827,0.647,0.557,0.164
0.784,0.855,0.713,0.168,0.363
0.528,0.505,0.309,0.083,0.211
0.589,0.583,0.392,0.124,0.483
0.537,0.561,0.372,0.089,0.488
0.528,0.509,0.343,0.091,0.438
0.741,0.695,0.439,0.05,0.48
0.769,0.842,0.572,0.119,0.649
0.779,0.857,0.653,0.098,0.527
0.736,0.767,0.393,0.056,0.584
0.648,0.734,0.481,0.152,0.307
0.406,0.426,0.256,0.069,0.318
0.654,0.58,0.336,0.038,0.602
0.574,0.674,0.457,0.387,0.38
0.82,0.876,0.695,0.0,0.843
0.536,0.535,0.242,0.093,0.652
0.459,0.424,0.263,0.093,0.242
0.701,0.723,0.436,0.093,0.559
0.716,0.758,0.552,0.238,0.238
0.749,0.806,0.664,0.33,0.361
0.403,0.228,0.104,0.084,0.417
0.827,0.871,0.692,0.122,0.636
0.525,0.52,0.281,0.084,0.383
0.858,0.886,0.475,0.032,0.563
0.502,0.489,0.296,0.127,0.324
0.646,0.666,0.467,0.145,0.572
0.649,0.636,0.409,0.097,0.497
0.734,0.792,0.593,0.213,0.416
0.866,0.9,0.661,0.046,0.497
0.461,0.463,0.275,0.088,0.56
0.785,0.902,0.719,0.11,0.417
0.706,0.874,0.69,0.671,0.172
0.86,0.931,0.661,0.08,0.316
0.833,0.914,0.704,0.036,0.601
0.843,0.783,0.627,0.001,0.752
0.747,0.755,0.401,0.115,0.565
0.894,0.891,0.559,0.043,0.708
0.433,0.363,0.191,0.155,0.568
0.507,0.425,0.246,0.136,0.625
0.83,0.876,0.691,0.123,0.587
0.651,0.674,0.505,0.155,0.616
0.722,0.744,0.567,0.208,0.265
0.984,0.979,0.76,0.078,0.828
0.812,0.834,0.592,0.027,0.667
0.877,0.864,0.511,0.042,0.764
0.765,0.849,0.592,0.135,0.577
0.459,0.312,0.185,0.076,0.569
0.399,0.318,0.193,0.047,0.628
0.881,0.878,0.64,0.084,0.693
0.914,0.926,0.576,0.075,0.718
0.522,0.527,0.325,0.059,0.521
0.759,0.845,0.58,0.101,0.633
0.643,0.694,0.338,0.066,0.449
0.614,0.673,0.368,0.094,0.495
0.78,0.842,0.587,0.005,0.758
0.774,0.792,0.583,0.109,0.495
0.78,0.81,0.632,0.172,0.346
0.364,0.303,0.119,0.037,0.593
0.808,0.847,0.633,0.091,0.547
0.601,0.586,0.399,0.094,0.434
0.795,0.823,0.635,0.124,0.432
0.629,0.664,0.43,0.088,0.464
0.626,0.71,0.426,0.155,0.468
0.582,0.631,0.307,0.061,0.441
0.87,0.884,0.702,0.079,0.581
0.793,0.868,0.611,0.149,0.583
0.78,0.873,0.638,0.114,0.563
0.567,0.588,0.353,0.058,0.364
0.677,0.704,0.431,0.061,0.414
0.872,0.829,0.637,0.076,0.536
0.547,0.619,0.431,0.144,0.458
0.797,0.852,0.626,0.144,0.511
0.601,0.512,0.307,0.111,0.506
0.462,0.408,0.255,0.073,0.288
0.632,0.602,0.405,0.154,0.464
0.875,0.905,0.704,0.064,0.548
0.484,0.49,0.283,0.059,0.617
0.645,0.747,0.514,0.18,0.221
0.582,0.561,0.34,0.056,0.383
0.834,0.833,0.689,0.062,0.655
0.788,0.888,0.659,0.104,0.435
0.872,0.907,0.657,0.124,0.455
0.409,0.451,0.278,0.117,0.456
0.871,0.921,0.592,0.059,0.697
0.852,0.857,0.553,0.075,0.633
0.812,0.825,0.577,0.143,0.602
0.763,0.829,0.588,0.149,0.584
0.467,0.583,0.373,0.489,0.226
0.687,0.584,0.4,0.12,0.559
0.52,0.458,0.267,0.125,0.589
0.879,0.903,0.634,0.048,0.736
0.814,0.864,0.646,0.15,0.714
0.785,0.799,0.577,0.086,0.444
0.882,0.853,0.607,0.022,0.815
0.739,0.83,0.651,0.525,0.324
0.736,0.767,0.478,0.186,0.599
0.817,0.856,0.637,0.121,0.605
0.754,0.851,0.649,0.193,0.452
0.337,0.33,0.104,0.038,0.456
