TSSM_MIN,TSSM_MAX,TV,PTPM,BSHG
0.312,0.47,0.177,0.076,0.581
0.56,0.583,0.327,0.053,0.509
0.634,0.705,0.472,0.145,0.559
0.874,0.881,0.661,0.056,0.732
0.871,0.717,0.623,0.048,0.39
0.89,0.767,0.701,0.298,0.367
0.809,0.768,0.601,0.182,0.517
0.773,0.806,0.503,0.032,0.682
0.811,0.77,0.618,0.13,0.498
0.405,0.523,0.203,0.065,0.539
0.676,0.595,0.359,0.116,0.426
0.238,0.358,0.076,0.051,0.619
0.844,0.789,0.614,0.112,0.502
0.523,0.561,0.263,0.043,0.422
0.569,0.458,0.359,0.449,0.215
0.855,0.78,0.649,0.197,0.666
0.808,0.741,0.391,0.104,0.569
0.801,0.738,0.612,0.267,0.364
0.096,0.183,0.051,0.065,0.574
0.517,0.54,0.284,0.094,0.503
0.674,0.667,0.42,0.094,0.404
0.691,0.658,0.466,0.127,0.373
0.341,0.321,0.148,0.058,0.405
0.517,0.484,0.27,0.054,0.572
0.667,0.853,0.358,0.034,0.706
0.502,0.621,0.264,0.005,0.505
0.451,0.409,0.278,0.117,0.456
0.841,0.79,0.657,0.148,0.486
0.617,0.586,0.327,0.097,0.524
0.809,0.746,0.673,0.152,0.514
0.848,0.82,0.659,0.054,0.518
0.748,0.805,0.57,0.115,0.66
0.861,0.843,0.66,0.115,0.545
0.915,0.819,0.723,0.08,0.563
0.862,0.827,0.58,0.148,0.595
0.719,0.786,0.465,0.116,0.45
0.847,0.776,0.543,0.11,0.69
0.619,0.649,0.408,0.058,0.498
0.475,0.428,0.274,0.171,0.182
0.49,0.484,0.283,0.059,0.617
0.666,0.679,0.482,0.099,0.58
0.903,0.853,0.704,0.102,0.792
0.835,0.751,0.568,0.2,0.461
0.908,0.9,0.537,0.045,0.613
0.676,0.585,0.436,0.027,0.58
0.823,0.786,0.607,0.011,0.637
0.83,0.787,0.674,0.017,0.739
0.889,0.836,0.662,0.06,0.764
0.262,0.484,0.134,0.057,0.474
0.835,0.874,0.625,0.031,0.824
0.823,0.778,0.627,0.201,0.426
0.854,0.771,0.736,0.198,0.352
0.428,0.498,0.251,0.166,0.59
0.857,0.853,0.624,0.053,0.684
0.859,0.718,0.622,0.131,0.483
0.671,0.685,0.403,0.058,0.497
0.532,0.579,0.289,0.053,0.562
0.803,0.747,0.57,0.139,0.494
0.698,0.698,0.48,0.057,0.596
0.843,0.76,0.63,0.194,0.511
0.489,0.508,0.262,0.069,0.381
0.33,0.373,0.165,0.058,0.265
0.787,0.718,0.596,0.108,0.364
0.417,0.377,0.196,0.125,0.324
0.801,0.758,0.569,0.148,0.48
0.747,0.733,0.528,0.226,0.3
0.599,0.632,0.437,0.194,0.467
0.976,0.935,0.665,0.006,0.651
0.909,0.857,0.747,0.087,0.646
0.657,0.729,0.508,0.068,0.387
0.357,0.416,0.197,0.186,0.402
0.728,0.645,0.512,0.21,0.491
0.811,0.781,0.599,0.12,0.473
0.961,0.824,0.753,0.052,0.709
0.457,0.459,0.292,0.098,0.459
0.666,0.69,0.416,0.114,0.369
0.66,0.637,0.428,0.046,0.446
0.863,0.851,0.744,0.12,0.661
0.879,0.835,0.697,0.141,0.449
0.359,0.46,0.172,0.108,0.301
0.898,0.797,0.714,0.163,0.593
0.85,0.679,0.654,0.272,0.184
0.647,0.711,0.534,0.094,0.395
0.885,0.794,0.686,0.12,0.664
0.774,0.738,0.514,0.072,0.405
0.654,0.55,0.452,0.214,0.214
0.85,0.874,0.678,0.065,0.649
0.444,0.408,0.219,0.152,0.489
0.607,0.588,0.389,0.144,0.389
0.783,0.835,0.461,0.017,0.506
0.92,0.962,0.653,0.032,0.776
0.842,0.769,0.699,0.167,0.372
0.607,0.656,0.403,0.121,0.526
0.186,0.306,0.068,0.062,0.447
0.731,0.694,0.425,0.13,0.577
0.566,0.499,0.365,0.072,0.399
0.447,0.494,0.272,0.17,0.473
0.375,0.345,0.181,0.016,0.583
0.663,0.641,0.439,0.117,0.524
0.87,0.804,0.639,0.125,0.601
0.82,0.757,0.584,0.116,0.557
0.68,0.602,0.464,0.155,0.505
0.285,0.417,0.184,0.092,0.389
0.739,0.785,0.489,0.08,0.419
0.767,0.736,0.478,0.186,0.599
0.932,0.89,0.704,0.043,0.664
0.767,0.737,0.535,0.244,0.283
0.338,0.564,0.128,0.042,0.48
0.816,0.816,0.55,0.085,0.667
0.298,0.394,0.163,0.106,0.458
0.407,0.456,0.23,0.127,0.289
0.301,0.508,0.141,0.068,0.527
0.666,0.646,0.467,0.145,0.572
0.875,0.788,0.683,0.102,0.622
0.885,0.919,0.664,0.01,0.839
0.88,0.774,0.697,0.213,0.533
0.671,0.64,0.452,0.127,0.486
0.633,0.629,0.446,0.324,0.413
0.797,0.741,0.599,0.181,0.508
0.606,0.489,0.303,0.1,0.322
0.635,0.57,0.358,0.064,0.464
0.926,0.853,0.687,0.077,0.477
0.371,0.421,0.211,0.332,0.48
0.904,0.857,0.648,0.071,0.774
0.555,0.542,0.34,0.069,0.476
0.497,0.49,0.273,0.06,0.58
0.781,0.823,0.598,0.113,0.562
0.577,0.616,0.351,0.05,0.428
0.689,0.69,0.476,0.078,0.477
0.872,0.826,0.726,0.151,0.645
0.838,0.844,0.625,0.126,0.608
0.546,0.523,0.341,0.065,0.529
0.833,0.802,0.541,0.096,0.685
0.531,0.543,0.259,0.083,0.697
0.864,0.779,0.699,0.169,0.346
0.416,0.409,0.262,0.08,0.274
0.951,0.927,0.723,0.033,0.636
0.893,0.899,0.719,0.014,0.678
0.651,0.555,0.443,0.313,0.307
0.585,0.652,0.392,0.088,0.44
0.515,0.568,0.244,0.091,0.505
0.662,0.545,0.44,0.202,0.196
0.444,0.404,0.195,0.084,0.482
0.61,0.619,0.437,0.09,0.435
0.689,0.672,0.496,0.077,0.547
0.933,0.89,0.787,0.097,0.642
0.889,0.797,0.712,0.069,0.378
0.698,0.707,0.5,0.091,0.514
0.845,0.803,0.587,0.105,0.527
0.89,0.78,0.642,0.07,0.58
0.728,0.709,0.572,0.23,0.468
0.501,0.46,0.291,0.104,0.474
0.035,0.023,0.002,0.07,0.232
0.379,0.334,0.157,0.062,0.447
0.679,0.712,0.468,0.07,0.536
0.881,0.847,0.59,0.098,0.541
0.385,0.543,0.222,0.065,0.575
0.53,0.606,0.338,0.026,0.503
0.765,0.704,0.444,0.237,0.511
0.469,0.592,0.261,0.097,0.568
0.902,0.842,0.713,0.198,0.551
0.848,0.737,0.668,0.232,0.229
0.421,0.478,0.227,0.175,0.402
0.424,0.401,0.22,0.092,0.378
0.85,0.837,0.564,0.103,0.455
0.929,0.842,0.706,0.072,0.569
0.623,0.638,0.366,0.084,0.657
0.48,0.489,0.256,0.063,0.428
0.875,0.797,0.669,0.117,0.636
0.583,0.666,0.356,0.053,0.536
0.794,0.749,0.602,0.124,0.386
0.602,0.608,0.369,0.093,0.402
0.818,0.792,0.559,0.088,0.602
0.827,0.864,0.512,0.03,0.77
0.803,0.76,0.609,0.131,0.56
0.411,0.483,0.186,0.033,0.429
0.386,0.545,0.198,0.062,0.584
0.709,0.713,0.447,0.131,0.568
0.683,0.642,0.396,0.099,0.363
0.287,0.292,0.136,0.08,0.23
0.27,0.36,0.149,0.07,0.453
0.821,0.778,0.543,0.122,0.663
0.848,0.811,0.591,0.118,0.601
0.484,0.388,0.268,0.196,0.096
0.28,0.263,0.131,0.151,0.25
0.719,0.763,0.473,0.111,0.535
0.568,0.589,0.341,0.07,0.456
0.884,0.828,0.698,0.071,0.541
0.475,0.472,0.245,0.1,0.553
0.923,0.829,0.695,0.097,0.45
0.513,0.568,0.238,0.06,0.554
0.838,0.687,0.629,0.256,0.343
0.653,0.685,0.412,0.076,0.44
0.91,0.766,0.732,0.107,0.574
0.767,0.749,0.555,0.213,0.414
0.38,0.346,0.182,0.052,0.432
0.645,0.688,0.427,0.116,0.535
0.545,0.473,0.364,0.136,0.405
0.281,0.454,0.184,0.057,0.423
0.757,0.739,0.523,0.044,0.48
0.488,0.462,0.273,0.119,0.386
0.878,0.763,0.699,0.21,0.342
0.87,0.816,0.565,0.125,0.533
0.827,0.825,0.567,0.228,0.563
0.587,0.606,0.432,0.149,0.44
0.127,0.227,0.047,0.035,0.483
0.563,0.506,0.326,0.108,0.432
0.324,0.478,0.154,0.066,0.396
0.588,0.483,0.314,0.136,0.348
0.515,0.515,0.28,0.057,0.556
0.801,0.747,0.607,0.141,0.438
0.612,0.599,0.395,0.076,0.456
0.888,0.809,0.666,0.129,0.693
0.858,0.698,0.679,0.558,0.182
0.675,0.704,0.468,0.221,0.565
0.527,0.552,0.285,0.038,0.527
0.779,0.736,0.544,0.091,0.577
0.842,0.752,0.673,0.337,0.268
0.784,0.695,0.493,0.074,0.515
0.803,0.76,0.519,0.038,0.724
0.032,0.18,0.014,0.02,0.577
0.885,0.831,0.721,0.005,0.565
0.497,0.467,0.285,0.115,0.372
0.899,0.856,0.635,0.031,0.679
0.744,0.722,0.567,0.208,0.265
0.867,0.764,0.712,0.269,0.349
0.859,0.764,0.693,0.113,0.345
0.823,0.74,0.655,0.29,0.33
0.497,0.468,0.278,0.112,0.367
0.955,0.892,0.436,0.019,0.539
0.903,0.839,0.665,0.04,0.633
0.924,0.935,0.72,0.028,0.398
0.44,0.457,0.242,0.079,0.547
0.858,0.785,0.678,0.245,0.56
0.839,0.726,0.651,0.105,0.274
0.323,0.267,0.125,0.077,0.485
0.329,0.343,0.136,0.058,0.401
0.516,0.508,0.308,0.095,0.354
0.624,0.654,0.395,0.052,0.655
0.754,0.689,0.481,0.171,0.349
0.787,0.767,0.583,0.193,0.462
0.587,0.609,0.328,0.046,0.483
0.586,0.472,0.355,0.468,0.328
0.856,0.817,0.637,0.121,0.605
0.475,0.455,0.293,0.075,0.471
0.815,0.756,0.616,0.143,0.494
0.902,0.837,0.684,0.076,0.58
0.792,0.749,0.598,0.239,0.389
0.567,0.676,0.378,0.017,0.425
0.413,0.5,0.237,0.119,0.354
0.476,0.415,0.286,0.19,0.333
0.603,0.59,0.384,0.058,0.164
0.748,0.727,0.558,0.037,0.61
0.499,0.498,0.249,0.07,0.435
0.81,0.755,0.578,0.105,0.553
0.622,0.659,0.4,0.044,0.648
0.517,0.488,0.249,0.088,0.506
0.648,0.709,0.51,0.126,0.283
0.78,0.74,0.57,0.187,0.464
0.592,0.528,0.319,0.07,0.497
0.906,0.797,0.69,0.126,0.446
0.869,0.82,0.571,0.116,0.416
0.479,0.438,0.256,0.138,0.363
0.577,0.616,0.282,0.04,0.59
0.905,0.808,0.717,0.114,0.532
0.86,0.824,0.589,0.111,0.535
0.769,0.735,0.534,0.182,0.568
0.369,0.425,0.205,0.114,0.458
0.921,0.871,0.592,0.059,0.697
0.936,0.952,0.518,0.082,0.745
0.948,0.809,0.731,0.236,0.358
0.807,0.76,0.605,0.177,0.586
0.815,0.745,0.599,0.231,0.295
0.464,0.424,0.218,0.097,0.423
0.609,0.562,0.343,0.074,0.372
0.83,0.841,0.523,0.109,0.655
0.351,0.459,0.141,0.014,0.604
0.837,0.78,0.568,0.148,0.474
0.475,0.495,0.289,0.142,0.265
0.908,0.908,0.522,0.091,0.705
0.025,0.027,0.011,0.054,0.259
0.876,0.826,0.66,0.163,0.631
0.909,0.916,0.499,0.019,0.889
0.348,0.38,0.106,0.061,0.55
0.656,0.825,0.359,0.068,0.643
0.799,0.789,0.501,0.08,0.495
0.804,0.709,0.54,0.1,0.627
0.367,0.43,0.213,0.136,0.62
0.525,0.511,0.321,0.068,0.509
0.237,0.274,0.111,0.058,0.28
0.887,0.872,0.667,0.044,0.63
0.958,0.846,0.703,0.21,0.551
0.675,0.591,0.4,0.13,0.384
0.54,0.484,0.313,0.133,0.366
0.896,0.854,0.675,0.03,0.663
0.94,0.91,0.655,0.08,0.694
0.86,0.761,0.68,0.138,0.438
0.814,0.737,0.645,0.422,0.398
0.874,0.85,0.618,0.051,0.649
0.815,0.785,0.622,0.173,0.372
0.892,0.736,0.655,0.234,0.45
0.828,0.713,0.649,0.078,0.465
0.832,0.775,0.64,0.096,0.5
0.221,0.531,0.127,0.012,0.655
0.58,0.491,0.374,0.077,0.309
0.784,0.769,0.579,0.148,0.428
0.709,0.682,0.461,0.155,0.364
0.788,0.733,0.472,0.039,0.69
0.773,0.745,0.493,0.082,0.488
0.855,0.826,0.621,0.082,0.637
0.725,0.713,0.416,0.137,0.577
0.615,0.52,0.416,0.186,0.163
0.595,0.619,0.379,0.092,0.348
0.398,0.372,0.233,0.183,0.182
0.915,0.822,0.699,0.073,0.536
0.483,0.506,0.231,0.089,0.489
0.655,0.66,0.373,0.078,0.381
0.936,0.761,0.695,0.101,0.571
0.505,0.507,0.313,0.14,0.342
0.587,0.695,0.389,0.13,0.553
0.658,0.737,0.467,0.049,0.551
0.58,0.651,0.388,0.059,0.535
0.863,0.8,0.478,0.06,0.657
0.301,0.341,0.202,0.037,0.304
0.869,0.858,0.595,0.076,0.62
0.58,0.635,0.352,0.03,0.598
0.333,0.298,0.136,0.122,0.279
0.931,0.86,0.661,0.08,0.316
0.846,0.769,0.538,0.137,0.431
0.921,0.753,0.636,0.003,0.691
0.871,0.827,0.692,0.122,0.636
0.346,0.384,0.178,0.035,0.613
0.869,0.75,0.602,0.484,0.301
0.58,0.573,0.39,0.07,0.294
0.747,0.645,0.514,0.18,0.221
0.788,0.742,0.555,0.176,0.443
0.866,0.791,0.613,0.131,0.607
0.838,0.775,0.527,0.072,0.613
0.861,0.817,0.643,0.111,0.572
0.878,0.839,0.696,0.048,0.694
0.823,0.806,0.597,0.085,0.554
0.309,0.291,0.146,0.084,0.461
0.524,0.491,0.308,0.116,0.45
0.886,0.907,0.521,0.088,0.72
0.511,0.46,0.278,0.059,0.411
0.433,0.385,0.222,0.162,0.393
0.213,0.287,0.113,0.06,0.286
0.811,0.783,0.617,0.157,0.526
0.831,0.87,0.66,0.085,0.682
0.202,0.234,0.06,0.06,0.175
0.413,0.392,0.159,0.033,0.431
0.825,0.827,0.628,0.142,0.42
0.807,0.743,0.598,0.149,0.536
0.586,0.582,0.34,0.031,0.586
0.854,0.842,0.522,0.039,0.556
0.585,0.698,0.365,0.04,0.559
0.599,0.733,0.396,0.183,0.581
0.587,0.477,0.344,0.53,0.38
0.892,0.823,0.693,0.101,0.634
0.338,0.459,0.168,0.046,0.551
0.679,0.691,0.446,0.1,0.503
0.632,0.583,0.37,0.072,0.526
0.887,0.84,0.672,0.028,0.804
0.576,0.631,0.295,0.047,0.605
0.807,0.791,0.546,0.158,0.724
0.558,0.543,0.311,0.06,0.542
0.882,0.869,0.611,0.033,0.538
0.687,0.671,0.533,0.142,0.551
0.509,0.528,0.343,0.091,0.438
0.838,0.79,0.672,0.192,0.506
0.836,0.802,0.613,0.087,0.569
0.409,0.376,0.189,0.08,0.377
0.568,0.569,0.344,0.08,0.452
0.858,0.864,0.718,0.092,0.593
0.904,0.765,0.745,0.189,0.571
0.504,0.474,0.284,0.123,0.327
1.0,0.948,0.693,0.03,0.694
0.415,0.428,0.239,0.084,0.25
0.642,0.618,0.465,0.122,0.473
0.635,0.609,0.348,0.095,0.53
0.505,0.528,0.309,0.083,0.211
0.506,0.53,0.244,0.128,0.568
0.082,0.235,0.033,0.039,0.673
0.914,0.818,0.729,0.117,0.53
0.725,0.703,0.503,0.044,0.554
0.903,0.882,0.701,0.129,0.361
0.823,0.837,0.608,0.048,0.395
0.363,0.433,0.191,0.155,0.568
0.899,0.905,0.615,0.092,0.55
0.81,0.751,0.645,0.216,0.443
0.871,0.706,0.695,0.483,0.164
0.794,0.753,0.57,0.208,0.419
0.583,0.586,0.363,0.059,0.337
0.695,0.705,0.412,0.06,0.476
0.854,0.701,0.665,0.619,0.217
0.284,0.279,0.125,0.107,0.304
0.318,0.399,0.193,0.047,0.628
0.878,0.801,0.693,0.153,0.319
0.55,0.565,0.337,0.052,0.497
0.84,0.802,0.527,0.08,0.633
0.338,0.406,0.15,0.033,0.407
0.5,0.47,0.306,0.081,0.464
0.157,0.232,0.069,0.057,0.458
0.702,0.703,0.479,0.073,0.479
0.394,0.429,0.211,0.183,0.459
0.753,0.729,0.538,0.206,0.547
0.858,0.842,0.792,0.115,0.541
0.722,0.642,0.451,0.214,0.358
0.249,0.33,0.143,0.078,0.464
0.758,0.711,0.529,0.21,0.533
0.874,0.806,0.614,0.19,0.649
0.895,0.821,0.704,0.007,0.818
0.694,0.619,0.494,0.212,0.3
0.479,0.486,0.262,0.156,0.378
0.833,0.756,0.567,0.239,0.44
0.667,0.553,0.456,0.259,0.205
0.661,0.681,0.455,0.213,0.514
0.731,0.774,0.512,0.132,0.461
0.867,0.832,0.653,0.059,0.64
0.745,0.839,0.49,0.045,0.72
0.838,0.742,0.694,0.349,0.327
0.874,0.873,0.584,0.058,0.666
0.823,0.753,0.635,0.094,0.261
0.062,0.182,0.028,0.018,0.498
0.807,0.739,0.623,0.161,0.45
0.889,0.873,0.68,0.027,0.62
0.7,0.723,0.395,0.05,0.607
0.836,0.756,0.61,0.188,0.565
0.714,0.679,0.416,0.116,0.384
0.219,0.223,0.031,0.082,0.271
0.774,0.769,0.518,0.032,0.545
0.838,0.768,0.661,0.087,0.37
0.381,0.455,0.158,0.123,0.471
0.844,0.853,0.665,0.082,0.771
0.852,0.721,0.65,0.16,0.256
0.908,0.805,0.714,0.128,0.559
0.467,0.442,0.202,0.098,0.405
0.775,0.757,0.462,0.05,0.568
0.474,0.521,0.268,0.045,0.209
0.512,0.541,0.306,0.042,0.533
0.632,0.618,0.304,0.072,0.541
0.298,0.378,0.105,0.046,0.515
0.673,0.644,0.51,0.14,0.58
0.287,0.487,0.165,0.07,0.431
0.893,0.833,0.683,0.068,0.642
0.816,0.819,0.524,0.101,0.437
0.657,0.571,0.384,0.15,0.456
0.891,0.781,0.683,0.14,0.497
0.76,0.715,0.561,0.491,0.134
0.71,0.738,0.475,0.176,0.437
0.831,0.868,0.6,0.101,0.661
0.344,0.361,0.1,0.033,0.548
0.64,0.568,0.419,0.182,0.489
0.893,0.894,0.612,0.063,0.491
0.257,0.306,0.157,0.095,0.432
0.767,0.736,0.393,0.056,0.584
0.906,0.849,0.666,0.104,0.672
0.262,0.308,0.127,0.055,0.274
0.478,0.455,0.255,0.139,0.271
0.763,0.666,0.551,0.179,0.267
0.598,0.655,0.425,0.139,0.399
0.861,0.687,0.705,0.287,0.328
0.438,0.489,0.269,0.101,0.503
0.428,0.413,0.237,0.168,0.327
0.534,0.596,0.262,0.057,0.342
0.751,0.668,0.497,0.205,0.268
0.87,0.832,0.597,0.082,0.693
0.91,0.815,0.587,0.145,0.479
0.746,0.706,0.515,0.219,0.502
0.752,0.729,0.469,0.083,0.541
0.781,0.745,0.551,0.313,0.322
0.855,0.811,0.604,0.162,0.56
0.069,0.172,0.018,0.011,0.551
0.574,0.621,0.333,0.059,0.455
0.922,0.954,0.555,0.044,0.798
0.474,0.463,0.247,0.132,0.444
0.312,0.372,0.099,0.021,0.617
0.6,0.618,0.371,0.036,0.319
0.733,0.769,0.492,0.141,0.441
0.553,0.676,0.361,0.064,0.595
0.828,0.797,0.55,0.07,0.639
0.968,0.814,0.768,0.07,0.696
0.714,0.564,0.475,0.231,0.182
0.487,0.506,0.317,0.166,0.291
0.569,0.606,0.387,0.124,0.434
0.483,0.489,0.255,0.08,0.473
0.468,0.438,0.253,0.134,0.381
0.868,0.811,0.477,0.088,0.645
0.799,0.748,0.614,0.257,0.417
0.566,0.592,0.377,0.091,0.443
0.868,0.836,0.682,0.099,0.569
0.773,0.838,0.531,0.059,0.488
0.862,0.826,0.668,0.065,0.628
0.796,0.751,0.417,0.15,0.483
0.578,0.58,0.342,0.062,0.467
0.313,0.502,0.14,0.049,0.408
0.398,0.373,0.242,0.1,0.178
0.422,0.479,0.19,0.043,0.413
0.536,0.474,0.316,0.108,0.476
0.256,0.303,0.124,0.101,0.357
0.892,0.829,0.616,0.11,0.547
0.902,0.893,0.68,0.067,0.678
0.602,0.632,0.405,0.154,0.464
0.894,0.746,0.733,0.385,0.339
0.786,0.737,0.61,0.183,0.429
0.751,0.758,0.542,0.172,0.627
0.897,0.875,0.679,0.125,0.583
0.932,0.882,0.567,0.033,0.768
0.896,0.89,0.66,0.072,0.703
0.317,0.31,0.16,0.077,0.245
0.411,0.38,0.193,0.073,0.357
0.532,0.561,0.35,0.263,0.497
0.87,0.682,0.712,0.354,0.319
0.858,0.778,0.682,0.164,0.432
0.294,0.33,0.113,0.055,0.482
0.196,0.194,0.041,0.045,0.119
0.595,0.609,0.395,0.061,0.521
0.416,0.38,0.21,0.124,0.229
0.719,0.717,0.42,0.094,0.536
0.452,0.513,0.166,0.067,0.608
0.814,0.828,0.572,0.108,0.438
0.384,0.462,0.207,0.12,0.319
0.866,0.776,0.689,0.144,0.498
0.322,0.322,0.142,0.071,0.401
0.881,0.803,0.677,0.1,0.732
0.818,0.722,0.573,0.09,0.62
0.868,0.766,0.664,0.079,0.467
0.836,0.808,0.617,0.106,0.547
0.776,0.748,0.687,0.202,0.274
0.857,0.805,0.635,0.151,0.554
0.601,0.594,0.383,0.092,0.437
0.827,0.713,0.641,0.472,0.289
0.621,0.623,0.44,0.132,0.37
0.441,0.452,0.176,0.053,0.467
0.552,0.486,0.307,0.15,0.369
0.308,0.483,0.201,0.065,0.608
0.744,0.72,0.522,0.154,0.395
0.456,0.423,0.298,0.079,0.464
0.791,0.763,0.585,0.129,0.489
0.902,0.785,0.719,0.11,0.417
0.853,0.81,0.669,0.238,0.511
0.403,0.374,0.194,0.134,0.316
0.784,0.695,0.582,0.27,0.25
0.629,0.524,0.423,0.306,0.247
0.881,0.819,0.654,0.032,0.711
0.559,0.548,0.314,0.106,0.422
0.455,0.419,0.233,0.08,0.285
0.688,0.662,0.481,0.112,0.486
0.494,0.444,0.23,0.073,0.44
0.673,0.633,0.445,0.196,0.369
0.802,0.734,0.598,0.167,0.508
0.904,0.82,0.647,0.077,0.774
0.799,0.807,0.437,0.041,0.521
0.514,0.463,0.314,0.087,0.405
0.871,0.786,0.658,0.087,0.429
0.483,0.524,0.266,0.06,0.47
0.776,0.681,0.561,0.326,0.247
0.45,0.446,0.268,0.026,0.477
0.878,0.881,0.64,0.084,0.693
0.839,0.815,0.67,0.179,0.628
0.363,0.384,0.15,0.043,0.34
0.607,0.6,0.408,0.06,0.429
0.871,0.77,0.705,0.33,0.241
0.597,0.664,0.4,0.147,0.393
0.454,0.465,0.259,0.121,0.42
0.554,0.533,0.314,0.057,0.544
0.561,0.537,0.372,0.089,0.488
0.863,0.807,0.634,0.154,0.663
0.849,0.765,0.592,0.135,0.577
0.212,0.324,0.069,0.026,0.633
0.714,0.719,0.504,0.077,0.539
0.207,0.265,0.131,0.137,0.345
0.842,0.828,0.584,0.061,0.733
0.766,0.686,0.544,0.275,0.306
0.837,0.77,0.596,0.056,0.491
0.632,0.607,0.426,0.095,0.521
0.832,0.771,0.652,0.151,0.425
0.477,0.453,0.295,0.193,0.352
0.607,0.503,0.347,0.127,0.336
0.496,0.456,0.301,0.132,0.432
0.844,0.794,0.647,0.108,0.565
0.791,0.743,0.64,0.474,0.398
0.508,0.522,0.282,0.038,0.649
0.896,0.875,0.647,0.11,0.678
0.64,0.638,0.454,0.099,0.37
0.931,0.892,0.696,0.061,0.646
0.801,0.733,0.608,0.217,0.295
0.786,0.854,0.595,0.004,0.923
0.715,0.692,0.476,0.111,0.607
0.847,0.71,0.674,0.263,0.289
0.708,0.808,0.402,0.058,0.639
0.44,0.41,0.241,0.051,0.318
0.608,0.568,0.315,0.071,0.492
0.836,0.8,0.642,0.12,0.495
0.861,0.896,0.508,0.027,0.649
0.669,0.631,0.426,0.108,0.407
0.69,0.693,0.474,0.086,0.646
0.645,0.742,0.42,0.033,0.667
0.809,0.757,0.605,0.19,0.473
0.515,0.564,0.264,0.104,0.447
0.728,0.704,0.433,0.119,0.473
0.654,0.666,0.453,0.1,0.39
0.401,0.48,0.23,0.126,0.363
0.864,0.861,0.615,0.062,0.556
0.725,0.649,0.47,0.088,0.419
0.148,0.205,0.059,0.048,0.505
0.834,0.757,0.538,0.165,0.627
0.496,0.472,0.278,0.138,0.429
0.374,0.412,0.148,0.019,0.292
0.795,0.757,0.604,0.172,0.426
0.424,0.345,0.201,0.108,0.154
0.64,0.666,0.415,0.039,0.569
0.879,0.814,0.756,0.07,0.425
0.85,0.8,0.643,0.104,0.572
0.82,0.708,0.648,0.251,0.241
0.856,0.846,0.638,0.042,0.474
0.33,0.368,0.161,0.039,0.553
0.619,0.621,0.362,0.037,0.452
0.876,0.934,0.511,0.009,0.937
0.481,0.477,0.275,0.141,0.387
0.861,0.766,0.694,0.208,0.337
0.624,0.568,0.336,0.065,0.5
0.813,0.765,0.607,0.195,0.488
0.218,0.245,0.066,0.045,0.196
0.793,0.725,0.575,0.21,0.41
0.665,0.854,0.356,0.048,0.69
0.296,0.416,0.163,0.054,0.437
0.899,0.893,0.653,0.051,0.63
0.81,0.757,0.571,0.191,0.438
0.785,0.795,0.557,0.089,0.562
0.593,0.643,0.422,0.161,0.404
0.798,0.77,0.584,0.184,0.393
0.875,0.879,0.632,0.038,0.625
0.757,0.686,0.451,0.086,0.479
0.695,0.741,0.439,0.05,0.48
0.51,0.495,0.304,0.06,0.553
0.602,0.635,0.36,0.067,0.495
0.734,0.682,0.528,0.287,0.208
0.876,0.825,0.764,0.116,0.559
0.799,0.764,0.549,0.131,0.465
0.616,0.7,0.371,0.125,0.357
0.89,0.908,0.801,0.088,0.617
0.849,0.857,0.535,0.03,0.542
0.676,0.698,0.413,0.085,0.521
0.523,0.512,0.249,0.094,0.589
0.738,0.674,0.493,0.154,0.36
0.885,0.845,0.693,0.198,0.384
0.564,0.614,0.36,0.112,0.483
0.62,0.61,0.391,0.115,0.578
0.519,0.461,0.318,0.058,0.447
0.265,0.476,0.11,0.028,0.8
0.654,0.729,0.505,0.083,0.423
0.867,0.823,0.569,0.151,0.509
0.903,0.912,0.467,0.053,0.702
0.705,0.738,0.4,0.033,0.589
0.604,0.547,0.298,0.046,0.441
0.6,0.627,0.371,0.112,0.441
0.913,0.878,0.714,0.069,0.604
0.6,0.525,0.363,0.128,0.398
0.912,0.86,0.672,0.02,0.599
0.833,0.762,0.611,0.165,0.538
0.535,0.536,0.242,0.093,0.652
0.747,0.747,0.519,0.194,0.461
0.927,0.919,0.65,0.038,0.842
0.408,0.436,0.214,0.096,0.235
0.858,0.721,0.685,0.208,0.211
0.685,0.62,0.454,0.156,0.431
0.842,0.752,0.613,0.145,0.345
0.681,0.659,0.44,0.124,0.486
0.865,0.892,0.685,0.012,0.672
0.456,0.421,0.28,0.129,0.422
0.551,0.572,0.323,0.087,0.623
0.416,0.518,0.233,0.091,0.399
0.938,1.0,0.466,0.034,0.837
0.781,0.762,0.559,0.116,0.407
0.85,0.815,0.543,0.136,0.55
0.738,0.723,0.504,0.189,0.473
0.242,0.315,0.138,0.07,0.345
0.618,0.545,0.408,0.183,0.381
0.831,0.812,0.622,0.122,0.563
0.52,0.495,0.256,0.095,0.423
0.506,0.471,0.254,0.101,0.455
0.829,0.814,0.394,0.054,0.495
0.818,0.802,0.611,0.052,0.53
0.496,0.45,0.248,0.15,0.441
0.562,0.527,0.345,0.132,0.31
0.299,0.391,0.102,0.024,0.63
0.872,0.903,0.749,0.034,0.7
0.633,0.569,0.326,0.081,0.363
0.69,0.713,0.404,0.046,0.572
0.637,0.63,0.44,0.087,0.446
0.842,0.733,0.691,0.256,0.212
0.533,0.544,0.361,0.3,0.461
0.867,0.706,0.684,0.521,0.197
0.714,0.92,0.335,0.043,0.747
0.633,0.866,0.336,0.032,0.724
0.42,0.516,0.268,0.138,0.482
0.244,0.243,0.049,0.062,0.179
0.809,0.751,0.603,0.197,0.402
0.84,0.893,0.681,0.009,0.623
0.857,0.861,0.592,0.029,0.758
0.333,0.392,0.174,0.056,0.563
0.778,0.718,0.574,0.18,0.381
0.234,0.472,0.119,0.02,0.63
0.781,0.937,0.438,0.025,0.742
0.694,0.725,0.484,0.058,0.578
0.918,0.835,0.658,0.063,0.717
0.594,0.627,0.381,0.108,0.435
0.654,0.633,0.424,0.173,0.477
0.81,0.778,0.569,0.135,0.58
0.619,0.529,0.429,0.206,0.155
0.631,0.686,0.454,0.13,0.523
0.255,0.243,0.051,0.048,0.157
0.574,0.642,0.361,0.061,0.523
0.458,0.459,0.246,0.084,0.422
0.633,0.567,0.402,0.055,0.393
0.296,0.327,0.126,0.032,0.526
0.688,0.742,0.456,0.092,0.608
0.629,0.707,0.4,0.095,0.492
0.345,0.353,0.147,0.028,0.559
0.9,0.86,0.644,0.079,0.702
0.139,0.2,0.054,0.06,0.497
0.236,0.342,0.128,0.045,0.495
0.786,0.76,0.572,0.214,0.59
0.877,0.748,0.69,0.26,0.358
0.577,0.521,0.374,0.158,0.512
0.844,0.758,0.612,0.161,0.455
0.818,0.81,0.568,0.06,0.474
0.519,0.499,0.321,0.125,0.434
0.497,0.519,0.263,0.076,0.242
0.398,0.552,0.185,0.043,0.616
0.767,0.764,0.556,0.256,0.491
0.596,0.712,0.389,0.124,0.553
0.868,0.854,0.716,0.102,0.723
0.882,0.799,0.645,0.054,0.306
0.646,0.635,0.477,0.218,0.422
0.616,0.531,0.419,0.278,0.2
0.61,0.569,0.296,0.065,0.491
0.861,0.818,0.667,0.104,0.544
0.554,0.515,0.32,0.124,0.441
0.224,0.304,0.1,0.047,0.375
0.862,0.734,0.681,0.357,0.364
0.171,0.194,0.093,0.051,0.367
0.522,0.583,0.271,0.064,0.489
0.873,0.705,0.679,0.318,0.191
0.586,0.612,0.439,0.081,0.283
0.682,0.575,0.469,0.195,0.357
0.893,0.739,0.738,0.34,0.232
0.772,0.753,0.461,0.046,0.625
0.327,0.347,0.205,0.022,0.242
0.736,0.713,0.541,0.307,0.268
0.31,0.341,0.204,0.04,0.256
0.396,0.38,0.167,0.043,0.336
0.841,0.814,0.496,0.007,0.446
0.729,0.721,0.526,0.155,0.471
0.454,0.513,0.245,0.094,0.483
0.858,0.785,0.68,0.088,0.373
0.833,0.736,0.653,0.588,0.321
0.764,0.713,0.518,0.189,0.422
0.582,0.604,0.361,0.071,0.304
0.696,0.687,0.432,0.067,0.355
0.888,0.777,0.708,0.004,0.505
0.24,0.337,0.145,0.048,0.429
0.667,0.797,0.413,0.072,0.608
0.868,0.826,0.631,0.067,0.712
0.661,0.708,0.54,0.09,0.485
0.794,0.751,0.575,0.168,0.389
0.81,0.76,0.624,0.185,0.364
0.695,0.604,0.435,0.142,0.336
0.534,0.549,0.198,0.101,0.767
0.806,0.751,0.599,0.172,0.471
0.773,0.892,0.52,0.072,0.611
0.785,0.721,0.576,0.136,0.441
0.635,0.606,0.398,0.131,0.2
0.779,0.781,0.558,0.198,0.532
0.656,0.666,0.479,0.048,0.527
0.772,0.769,0.553,0.09,0.471
0.689,0.601,0.433,0.229,0.343
0.875,0.823,0.673,0.185,0.721
0.736,0.792,0.567,0.134,0.633
0.829,0.792,0.589,0.106,0.583
0.855,0.836,0.58,0.141,0.627
0.86,0.765,0.702,0.259,0.34
0.842,0.812,0.678,0.164,0.511
0.417,0.429,0.222,0.098,0.261
0.489,0.43,0.288,0.11,0.455
0.788,0.73,0.598,0.126,0.426
0.695,0.683,0.496,0.125,0.541
0.619,0.547,0.431,0.144,0.458
0.864,0.844,0.63,0.065,0.667
0.818,0.741,0.629,0.228,0.36
0.736,0.806,0.565,0.102,0.631
0.419,0.442,0.257,0.08,0.128
0.942,0.839,0.689,0.036,0.675
0.955,0.888,0.707,0.034,0.678
0.96,0.771,0.772,0.027,0.572
0.613,0.598,0.35,0.142,0.502
0.834,0.753,0.604,0.129,0.566
0.492,0.534,0.25,0.041,0.485
0.848,0.761,0.701,0.145,0.349
0.657,0.643,0.434,0.09,0.599
0.817,0.687,0.598,0.152,0.366
0.519,0.494,0.256,0.087,0.465
0.837,0.716,0.663,0.425,0.33
0.831,0.812,0.598,0.069,0.666
0.654,0.63,0.47,0.151,0.565
0.843,0.835,0.655,0.257,0.583
0.793,0.731,0.603,0.141,0.566
0.55,0.473,0.357,0.197,0.279
0.426,0.485,0.227,0.141,0.497
0.592,0.667,0.328,0.026,0.619
0.464,0.518,0.27,0.167,0.574
0.565,0.601,0.337,0.053,0.512
0.696,0.697,0.486,0.098,0.733
0.54,0.586,0.265,0.01,0.559
0.704,0.589,0.497,0.166,0.321
0.656,0.707,0.537,0.095,0.411
0.862,0.787,0.643,0.055,0.462
0.927,0.84,0.684,0.019,0.627
0.422,0.497,0.212,0.075,0.541
0.844,0.843,0.56,0.058,0.654
0.816,0.763,0.617,0.201,0.259
0.767,0.725,0.566,0.359,0.285
0.579,0.639,0.393,0.065,0.342
0.932,0.787,0.757,0.018,0.354
0.503,0.555,0.366,0.063,0.407
0.737,0.822,0.568,0.092,0.63
0.566,0.518,0.331,0.146,0.38
0.798,0.704,0.609,0.3,0.33
0.328,0.387,0.115,0.042,0.556
0.768,0.768,0.513,0.164,0.456
0.649,0.709,0.509,0.079,0.351
0.329,0.362,0.169,0.074,0.271
0.787,0.751,0.547,0.131,0.529
0.676,0.699,0.404,0.084,0.494
0.327,0.33,0.117,0.046,0.462
0.64,0.641,0.477,0.251,0.491
0.898,0.863,0.708,0.072,0.461
0.362,0.38,0.154,0.036,0.315
0.684,0.677,0.403,0.065,0.529
0.823,0.841,0.657,0.132,0.669
0.859,0.817,0.635,0.079,0.596
0.645,0.71,0.508,0.102,0.416
0.902,0.879,0.609,0.113,0.69
0.747,0.772,0.478,0.067,0.604
0.725,0.667,0.355,0.046,0.384
0.737,0.75,0.467,0.059,0.587
0.236,0.452,0.128,0.048,0.428
0.522,0.497,0.318,0.089,0.45
0.799,0.785,0.577,0.086,0.444
0.877,0.841,0.721,0.112,0.476
0.886,0.858,0.475,0.032,0.563
0.869,0.719,0.706,0.301,0.268
0.829,0.763,0.588,0.149,0.584
0.652,0.643,0.403,0.148,0.42
0.273,0.384,0.132,0.069,0.742
0.44,0.645,0.188,0.062,0.694
0.448,0.399,0.249,0.069,0.318
0.808,0.749,0.598,0.111,0.486
0.741,0.782,0.546,0.045,0.75
0.411,0.477,0.256,0.079,0.199
0.829,0.805,0.606,0.109,0.538
0.264,0.302,0.136,0.086,0.461
0.519,0.484,0.265,0.111,0.443
0.658,0.638,0.457,0.1,0.408
0.746,0.767,0.54,0.126,0.586
0.58,0.613,0.353,0.081,0.438
0.23,0.202,0.048,0.062,0.081
0.882,0.89,0.688,0.04,0.684
0.547,0.54,0.31,0.058,0.556
0.722,0.724,0.509,0.0,0.968
0.872,0.786,0.739,0.154,0.348
0.777,0.745,0.57,0.244,0.491
0.584,0.571,0.326,0.063,0.52
0.678,0.617,0.431,0.097,0.654
0.87,0.8,0.641,0.191,0.447
0.416,0.541,0.226,0.046,0.587
0.74,0.712,0.433,0.139,0.529
0.798,0.75,0.61,0.234,0.306
0.786,0.754,0.539,0.229,0.452
0.284,0.463,0.132,0.065,0.495
0.489,0.541,0.253,0.091,0.453
0.844,0.837,0.647,0.013,0.899
0.563,0.52,0.372,0.122,0.447
0.563,0.703,0.374,0.103,0.596
0.605,0.651,0.375,0.115,0.44
0.181,0.233,0.087,0.073,0.209
0.445,0.467,0.184,0.065,0.495
0.9,0.812,0.669,0.04,0.693
0.674,0.683,0.444,0.081,0.646
0.795,0.749,0.583,0.159,0.602
0.399,0.584,0.211,0.086,0.607
0.878,0.844,0.594,0.049,0.417
0.545,0.53,0.295,0.106,0.297
0.333,0.33,0.115,0.063,0.441
0.603,0.492,0.297,0.128,0.423
0.932,0.968,0.549,0.066,0.764
0.379,0.46,0.204,0.034,0.452
0.85,0.824,0.607,0.063,0.649
0.485,0.548,0.297,0.085,0.613
0.499,0.479,0.307,0.078,0.456
0.724,0.661,0.373,0.06,0.511
0.842,0.718,0.679,0.505,0.307
0.358,0.392,0.182,0.04,0.241
0.771,0.716,0.633,0.109,0.592
0.776,0.724,0.619,0.218,0.322
0.38,0.507,0.2,0.089,0.557
0.884,0.799,0.668,0.157,0.511
0.848,0.89,0.688,0.034,0.715
0.688,0.602,0.489,0.297,0.404
0.783,0.801,0.471,0.106,0.5
0.661,0.669,0.463,0.314,0.408
0.838,0.813,0.535,0.128,0.453
0.597,0.571,0.365,0.13,0.495
0.822,0.888,0.711,0.035,0.718
0.58,0.654,0.336,0.038,0.602
0.787,0.72,0.601,0.176,0.452
0.697,0.685,0.501,0.126,0.648
0.905,0.925,0.557,0.03,0.873
0.724,0.639,0.471,0.229,0.277
0.878,0.713,0.696,0.508,0.255
0.417,0.473,0.203,0.101,0.361
0.854,0.866,0.647,0.095,0.616
0.836,0.764,0.64,0.157,0.574
0.799,0.748,0.603,0.209,0.396
0.829,0.771,0.638,0.153,0.566
0.652,0.751,0.399,0.077,0.497
0.807,0.727,0.599,0.068,0.58
0.863,0.888,0.491,0.051,0.723
0.862,0.784,0.636,0.072,0.473
0.655,0.707,0.538,0.089,0.447
0.802,0.766,0.603,0.127,0.461
0.825,0.763,0.567,0.135,0.587
0.805,0.762,0.614,0.049,0.398
0.462,0.455,0.157,0.022,0.524
0.66,0.567,0.439,0.216,0.369
0.657,0.688,0.416,0.088,0.512
0.895,0.818,0.679,0.1,0.486
0.873,0.787,0.664,0.119,0.557
0.35,0.411,0.185,0.035,0.599
0.668,0.685,0.434,0.141,0.479
0.985,0.856,0.841,0.099,0.931
0.554,0.539,0.365,0.103,0.411
0.886,0.824,0.671,0.138,0.542
0.704,0.776,0.437,0.075,0.613
0.411,0.384,0.168,0.012,0.506
0.601,0.5,0.317,0.156,0.315
0.915,0.855,0.705,0.074,0.736
0.478,0.503,0.29,0.113,0.387
0.234,0.273,0.101,0.043,0.321
0.923,0.865,0.589,0.05,0.785
0.809,0.739,0.575,0.138,0.502
0.58,0.495,0.37,0.081,0.372
0.833,0.761,0.665,0.148,0.39
0.862,0.74,0.662,0.116,0.511
0.47,0.428,0.253,0.135,0.267
0.701,0.742,0.474,0.141,0.402
0.82,0.795,0.565,0.122,0.631
0.277,0.271,0.125,0.074,0.206
0.29,0.468,0.14,0.039,0.503
0.898,0.811,0.694,0.099,0.771
0.8,0.859,0.472,0.0,1.0
0.605,0.562,0.326,0.101,0.529
0.244,0.306,0.105,0.047,0.502
0.656,0.684,0.461,0.095,0.319
0.734,0.695,0.496,0.094,0.464
0.277,0.335,0.131,0.032,0.572
0.799,0.73,0.542,0.262,0.488
0.636,0.625,0.48,0.233,0.37
0.859,0.842,0.526,0.041,0.661
0.277,0.26,0.129,0.09,0.182
0.852,0.788,0.694,0.135,0.5
0.846,0.721,0.661,0.138,0.322
0.043,0.023,0.015,0.073,0.154
0.824,0.881,0.569,0.023,0.92
0.468,0.518,0.273,0.146,0.565
0.825,0.767,0.661,0.155,0.467
0.444,0.494,0.277,0.155,0.518
0.607,0.611,0.405,0.076,0.286
0.808,0.755,0.541,0.17,0.464
0.891,0.894,0.559,0.043,0.708
0.405,0.454,0.206,0.092,0.325
0.789,0.807,0.581,0.013,0.855
0.915,0.916,0.542,0.04,0.58
0.442,0.415,0.264,0.166,0.277
0.837,0.786,0.537,0.185,0.437
0.628,0.525,0.418,0.251,0.14
0.227,0.436,0.126,0.058,0.498
0.849,0.777,0.68,0.227,0.319
0.228,0.403,0.104,0.084,0.417
0.256,0.256,0.109,0.063,0.25
0.917,0.921,0.783,0.0,0.62
0.501,0.488,0.243,0.071,0.387
0.879,0.856,0.679,0.033,0.666
0.744,0.797,0.546,0.118,0.551
0.839,0.778,0.663,0.181,0.339
0.726,0.714,0.506,0.225,0.479
0.892,0.917,0.677,0.011,0.642
0.819,0.745,0.63,0.475,0.389
0.819,0.807,0.562,0.098,0.643
0.755,0.729,0.504,0.067,0.511
0.579,0.587,0.345,0.069,0.408
0.794,0.697,0.572,0.163,0.473
0.81,0.8,0.499,0.104,0.649
0.535,0.534,0.228,0.019,0.462
0.927,0.845,0.641,0.04,0.744
0.605,0.507,0.391,0.456,0.352
0.744,0.708,0.519,0.146,0.509
0.81,0.793,0.55,0.09,0.611
0.877,0.914,0.587,0.034,0.798
0.418,0.377,0.219,0.165,0.361
0.622,0.588,0.467,0.085,0.361
0.827,0.724,0.623,0.044,0.182
0.868,0.811,0.633,0.067,0.688
0.789,0.875,0.649,0.0,0.786
0.925,0.958,0.546,0.031,0.854
0.829,0.759,0.66,0.135,0.497
0.773,0.738,0.518,0.175,0.508
0.603,0.612,0.376,0.027,0.557
0.852,0.877,0.496,0.072,0.705
0.86,0.74,0.52,0.094,0.601
0.795,0.753,0.629,0.145,0.426
0.63,0.535,0.426,0.127,0.274
0.893,0.879,0.628,0.022,0.648
0.758,0.726,0.595,0.361,0.205
0.665,0.685,0.375,0.087,0.396
0.842,0.79,0.583,0.154,0.505
0.838,0.778,0.479,0.172,0.608
0.427,0.468,0.134,0.062,0.611
0.579,0.556,0.358,0.113,0.244
0.467,0.479,0.256,0.104,0.449
0.518,0.496,0.235,0.123,0.458
0.232,0.418,0.163,0.04,0.492
0.894,0.857,0.727,0.056,0.768
0.558,0.562,0.345,0.068,0.289
0.674,0.674,0.406,0.053,0.452
0.842,0.775,0.658,0.112,0.411
0.855,0.702,0.685,0.471,0.286
0.49,0.425,0.29,0.2,0.318
0.522,0.591,0.239,0.163,0.367
0.667,0.617,0.354,0.011,0.753
0.856,0.84,0.617,0.079,0.518
0.436,0.415,0.264,0.13,0.265
0.876,0.675,0.705,0.348,0.205
0.919,0.789,0.713,0.071,0.069
0.493,0.523,0.277,0.066,0.554
0.88,0.874,0.478,0.059,0.706
0.863,0.822,0.541,0.051,0.58
0.831,0.817,0.529,0.09,0.738
0.886,0.782,0.745,0.154,0.324
0.872,0.799,0.625,0.056,0.512
0.819,0.765,0.59,0.11,0.584
0.854,0.802,0.718,0.091,0.577
0.728,0.668,0.464,0.217,0.336
0.619,0.623,0.441,0.119,0.485
0.758,0.922,0.721,0.0,0.605
0.911,0.912,0.642,0.099,0.575
0.586,0.582,0.392,0.055,0.33
0.893,0.894,0.463,0.061,0.795
0.874,0.777,0.68,0.15,0.315
0.894,0.929,0.573,0.049,0.806
0.297,0.479,0.138,0.036,0.544
0.0,0.0,0.0,0.084,0.181
0.589,0.649,0.436,0.219,0.548
0.457,0.442,0.26,0.073,0.422
0.842,0.826,0.578,0.163,0.614
0.831,0.752,0.531,0.129,0.492
0.676,0.66,0.466,0.128,0.53
0.832,0.844,0.572,0.074,0.664
0.57,0.672,0.35,0.067,0.607
0.617,0.493,0.313,0.132,0.318
0.366,0.282,0.146,0.062,0.414
0.557,0.519,0.331,0.129,0.446
0.843,0.695,0.675,0.429,0.226
0.834,0.805,0.59,0.145,0.551
0.306,0.319,0.133,0.123,0.267
0.66,0.651,0.282,0.067,0.529
0.533,0.65,0.34,0.058,0.455
0.649,0.65,0.412,0.088,0.37
0.903,0.898,0.664,0.061,0.637
0.649,0.635,0.366,0.09,0.465
0.586,0.601,0.399,0.094,0.434
0.833,0.834,0.689,0.062,0.655
0.612,0.611,0.4,0.149,0.334
0.785,0.791,0.571,0.126,0.449
0.852,0.692,0.707,0.308,0.279
0.664,0.554,0.462,0.261,0.227
0.774,0.719,0.59,0.228,0.312
0.8,0.9,0.696,0.0,0.745
0.549,0.519,0.333,0.159,0.256
0.793,0.722,0.557,0.181,0.471
0.909,0.9,0.663,0.037,0.708
0.815,0.734,0.522,0.24,0.411
0.6,0.729,0.382,0.074,0.584
0.457,0.515,0.277,0.173,0.679
0.843,0.752,0.674,0.43,0.337
0.677,0.728,0.549,0.035,0.545
0.603,0.682,0.391,0.153,0.605
0.427,0.374,0.199,0.072,0.339
0.588,0.476,0.296,0.107,0.264
0.614,0.645,0.441,0.117,0.429
0.41,0.519,0.271,0.132,0.581
0.874,0.856,0.639,0.046,0.551
0.514,0.525,0.277,0.09,0.367
0.429,0.39,0.207,0.115,0.328
0.873,0.798,0.696,0.151,0.532
0.606,0.63,0.381,0.056,0.636
0.802,0.91,0.556,0.058,0.608
0.792,0.689,0.549,0.081,0.557
0.841,0.759,0.658,0.259,0.304
0.846,0.821,0.689,0.225,0.584
0.853,0.878,0.539,0.041,0.601
0.348,0.372,0.146,0.045,0.366
0.668,0.591,0.381,0.1,0.41
0.268,0.5,0.168,0.048,0.497
0.834,0.749,0.629,0.157,0.56
0.816,0.757,0.639,0.177,0.41
0.166,0.201,0.092,0.062,0.291
0.386,0.337,0.214,0.203,0.274
0.754,0.735,0.543,0.193,0.545
0.337,0.411,0.163,0.046,0.404
0.568,0.568,0.343,0.067,0.294
0.872,0.792,0.609,0.079,0.464
0.439,0.421,0.227,0.079,0.384
0.68,0.637,0.44,0.076,0.455
0.684,0.664,0.482,0.164,0.586
0.644,0.667,0.499,0.254,0.529
0.508,0.482,0.288,0.052,0.545
0.609,0.684,0.392,0.096,0.444
0.886,0.875,0.718,0.124,0.467
0.829,0.789,0.55,0.069,0.672
0.889,0.825,0.657,0.049,0.718
0.786,0.79,0.575,0.085,0.494
0.817,0.764,0.625,0.164,0.565
0.843,0.844,0.59,0.069,0.541
0.813,0.759,0.507,0.076,0.657
0.832,0.776,0.583,0.265,0.497
0.422,0.379,0.234,0.116,0.184
0.858,0.774,0.5,0.135,0.447
0.291,0.362,0.115,0.087,0.533
0.642,0.663,0.397,0.064,0.339
0.723,0.657,0.436,0.134,0.425
0.582,0.579,0.375,0.087,0.324
0.564,0.637,0.396,0.053,0.461
0.576,0.598,0.362,0.07,0.474
0.068,0.052,0.026,0.071,0.262
0.502,0.54,0.265,0.066,0.239
0.847,0.808,0.633,0.091,0.547
0.848,0.803,0.637,0.141,0.569
0.516,0.554,0.273,0.047,0.586
0.854,0.765,0.602,0.128,0.631
0.714,0.668,0.429,0.103,0.542
0.864,0.86,0.536,0.045,0.669
0.8,0.83,0.431,0.069,0.462
0.553,0.535,0.232,0.042,0.559
0.753,0.716,0.572,0.218,0.288
0.624,0.524,0.423,0.217,0.23
0.467,0.414,0.257,0.157,0.288
0.787,0.849,0.53,0.219,0.83
0.529,0.581,0.389,0.387,0.52
0.8,0.803,0.569,0.128,0.485
0.814,0.747,0.585,0.213,0.492
0.691,0.726,0.407,0.049,0.533
0.83,0.738,0.607,0.146,0.587
0.596,0.584,0.366,0.042,0.574
0.917,0.863,0.635,0.078,0.587
0.641,0.624,0.378,0.09,0.517
0.844,0.762,0.66,0.137,0.529
0.713,0.724,0.415,0.068,0.387
0.785,0.777,0.565,0.166,0.536
0.848,0.791,0.635,0.187,0.673
0.775,0.733,0.581,0.145,0.657
0.577,0.533,0.405,0.144,0.494
0.664,0.584,0.459,0.189,0.398
0.543,0.54,0.344,0.067,0.416
0.837,0.736,0.672,0.432,0.286
0.836,0.812,0.547,0.079,0.651
0.904,0.831,0.676,0.0,0.636
0.813,0.74,0.505,0.098,0.599
0.403,0.565,0.185,0.077,0.619
0.545,0.56,0.304,0.064,0.435
0.824,0.777,0.548,0.142,0.604
0.285,0.468,0.144,0.047,0.508
0.508,0.536,0.264,0.069,0.36
0.893,0.872,0.54,0.074,0.699
0.529,0.532,0.309,0.148,0.462
0.78,0.697,0.595,0.151,0.366
0.339,0.341,0.132,0.064,0.363
0.81,0.789,0.565,0.148,0.455
0.568,0.659,0.323,0.023,0.717
0.847,0.745,0.6,0.132,0.512
0.832,0.824,0.576,0.128,0.607
0.674,0.574,0.457,0.387,0.38
0.83,0.904,0.681,0.015,0.596
0.722,0.744,0.501,0.128,0.435
0.877,0.806,0.629,0.112,0.461
0.618,0.668,0.389,0.068,0.498
0.487,0.43,0.276,0.168,0.346
0.303,0.31,0.199,0.074,0.202
0.859,0.789,0.713,0.105,0.41
0.363,0.305,0.174,0.107,0.42
0.396,0.458,0.138,0.064,0.535
0.585,0.599,0.34,0.045,0.399
0.353,0.367,0.132,0.051,0.438
0.895,0.805,0.618,0.013,0.667
0.642,0.588,0.42,0.213,0.517
0.771,0.761,0.526,0.244,0.324
0.433,0.486,0.2,0.065,0.404
0.7,0.653,0.373,0.072,0.473
0.93,0.78,0.722,0.113,0.657
0.816,0.772,0.621,0.151,0.491
0.763,0.737,0.539,0.146,0.366
0.731,0.715,0.543,0.224,0.443
0.862,0.785,0.637,0.196,0.592
0.645,0.615,0.296,0.027,0.52
0.493,0.533,0.284,0.07,0.547
0.651,0.551,0.461,0.287,0.283
0.892,0.817,0.679,0.141,0.541
0.524,0.5,0.259,0.087,0.557
0.864,0.683,0.707,0.314,0.3
0.678,0.59,0.457,0.256,0.267
0.649,0.708,0.537,0.13,0.446
0.316,0.31,0.133,0.134,0.279
0.972,0.811,0.744,0.033,0.568
0.556,0.523,0.318,0.057,0.503
0.801,0.769,0.629,0.157,0.367
0.795,0.746,0.566,0.178,0.405
0.479,0.539,0.238,0.037,0.523
0.312,0.459,0.185,0.076,0.569
0.904,0.865,0.675,0.029,0.694
0.65,0.563,0.455,0.233,0.279
0.895,0.789,0.724,0.075,0.416
0.873,0.716,0.699,0.4,0.25
0.489,0.438,0.263,0.217,0.321
0.724,0.688,0.357,0.079,0.544
0.804,0.75,0.648,0.112,0.476
0.577,0.584,0.352,0.056,0.589
0.806,0.757,0.584,0.173,0.538
0.852,0.797,0.675,0.055,0.67
0.809,0.775,0.592,0.117,0.556
0.723,0.705,0.493,0.114,0.422
0.84,0.726,0.653,0.318,0.203
0.712,0.669,0.452,0.088,0.438
0.761,0.725,0.531,0.417,0.202
0.889,0.801,0.668,0.132,0.658
0.581,0.55,0.302,0.035,0.512
0.629,0.576,0.326,0.053,0.508
0.878,0.917,0.621,0.025,0.864
0.333,0.321,0.107,0.034,0.361
0.588,0.636,0.359,0.023,0.446
0.899,0.77,0.698,0.163,0.426
0.803,0.778,0.575,0.119,0.398
0.603,0.614,0.43,0.11,0.358
0.927,0.905,0.743,0.023,0.666
0.807,0.808,0.556,0.123,0.554
0.445,0.429,0.224,0.085,0.452
0.876,0.84,0.709,0.131,0.599
0.906,0.916,0.666,0.092,0.718
0.738,0.767,0.498,0.116,0.432
0.556,0.546,0.317,0.052,0.464
0.793,0.807,0.582,0.025,0.447
0.44,0.382,0.247,0.159,0.143
0.311,0.484,0.151,0.069,0.473
0.845,0.756,0.626,0.222,0.41
0.816,0.764,0.63,0.216,0.459
0.436,0.472,0.244,0.068,0.617
0.583,0.648,0.375,0.074,0.538
0.46,0.454,0.236,0.074,0.461
0.726,0.778,0.481,0.139,0.443
0.843,0.834,0.619,0.056,0.505
0.799,0.763,0.558,0.087,0.628
0.197,0.366,0.074,0.032,0.63
0.395,0.584,0.238,0.062,0.672
0.591,0.602,0.385,0.075,0.321
0.864,0.837,0.644,0.07,0.663
0.162,0.193,0.064,0.029,0.486
0.402,0.366,0.203,0.125,0.23
0.892,0.838,0.616,0.104,0.669
0.85,0.794,0.584,0.121,0.614
0.708,0.767,0.5,0.124,0.444
0.662,0.627,0.468,0.125,0.163
0.865,0.845,0.629,0.033,0.589
0.828,0.788,0.578,0.147,0.682
0.804,0.754,0.484,0.053,0.654
0.883,0.816,0.717,0.161,0.642
0.793,0.818,0.607,0.082,0.526
0.8,0.727,0.643,0.373,0.331
0.26,0.392,0.091,0.041,0.488
0.448,0.464,0.305,0.014,0.539
0.842,0.847,0.674,0.08,0.631
0.819,0.868,0.632,0.023,0.741
0.742,0.736,0.528,0.142,0.599
0.801,0.768,0.575,0.13,0.547
0.871,0.832,0.623,0.064,0.517
0.783,0.732,0.588,0.265,0.271
0.569,0.567,0.375,0.163,0.355
0.723,0.796,0.428,0.105,0.479
0.585,0.664,0.385,0.206,0.532
0.672,0.601,0.387,0.148,0.393
0.321,0.299,0.145,0.054,0.423
0.658,0.668,0.482,0.241,0.462
0.563,0.576,0.334,0.062,0.366
0.888,0.844,0.632,0.054,0.724
0.335,0.501,0.164,0.046,0.375
0.599,0.547,0.331,0.046,0.498
0.836,0.884,0.576,0.001,0.822
0.038,0.013,0.011,0.08,0.205
0.274,0.479,0.146,0.063,0.473
0.476,0.519,0.268,0.077,0.476
0.22,0.33,0.133,0.044,0.446
0.87,0.801,0.638,0.149,0.574
0.288,0.298,0.138,0.028,0.645
0.71,0.626,0.426,0.155,0.468
0.799,0.737,0.528,0.173,0.432
0.827,0.743,0.688,0.433,0.381
0.885,0.881,0.541,0.023,0.801
0.904,0.975,0.573,0.013,0.837
0.878,0.874,0.664,0.08,0.697
0.327,0.398,0.178,0.046,0.339
0.416,0.477,0.232,0.101,0.455
0.88,0.786,0.686,0.176,0.39
0.894,0.819,0.647,0.069,0.476
0.315,0.453,0.19,0.047,0.411
0.297,0.457,0.132,0.047,0.36
0.257,0.322,0.117,0.051,0.518
0.489,0.42,0.296,0.094,0.39
0.327,0.353,0.156,0.052,0.339
0.439,0.467,0.263,0.058,0.152
0.907,0.872,0.657,0.124,0.455
0.65,0.621,0.495,0.083,0.236
0.262,0.318,0.126,0.062,0.42
0.319,0.47,0.161,0.101,0.431
0.76,0.75,0.585,0.201,0.386
0.429,0.524,0.284,0.09,0.467
0.88,0.764,0.679,0.105,0.553
0.653,0.891,0.345,0.04,0.741
0.212,0.31,0.138,0.066,0.458
0.552,0.581,0.42,0.159,0.45
0.794,0.748,0.611,0.234,0.459
0.781,0.691,0.451,0.254,0.506
0.588,0.585,0.362,0.09,0.316
0.539,0.492,0.314,0.257,0.244
0.682,0.729,0.407,0.075,0.512
0.695,0.759,0.457,0.127,0.325
0.846,0.813,0.612,0.069,0.419
0.592,0.605,0.408,0.133,0.429
0.276,0.308,0.12,0.078,0.42
0.368,0.333,0.101,0.02,0.428
0.829,0.824,0.573,0.078,0.699
0.158,0.179,0.073,0.116,0.348
0.602,0.616,0.368,0.089,0.467
0.637,0.58,0.33,0.076,0.449
0.606,0.666,0.37,0.131,0.453
0.78,0.72,0.556,0.246,0.45
0.568,0.6,0.346,0.024,0.581
0.653,0.636,0.422,0.1,0.482
0.813,0.736,0.62,0.133,0.541
0.856,0.8,0.462,0.096,0.392
0.807,0.752,0.618,0.18,0.452
0.205,0.263,0.066,0.049,0.102
0.902,0.855,0.725,0.135,0.607
0.701,0.59,0.498,0.128,0.261
0.839,0.82,0.535,0.088,0.62
0.694,0.637,0.385,0.104,0.381
0.336,0.496,0.173,0.064,0.557
0.342,0.326,0.114,0.064,0.405
0.909,0.805,0.705,0.083,0.637
0.552,0.466,0.341,0.134,0.288
0.849,0.795,0.695,0.0,0.151
0.591,0.656,0.409,0.148,0.474
0.594,0.583,0.343,0.085,0.422
0.66,0.583,0.437,0.16,0.461
0.903,0.838,0.729,0.15,0.651
0.873,0.846,0.607,0.07,0.661
0.877,0.812,0.642,0.187,0.565
0.757,0.824,0.552,0.106,0.571
0.806,0.793,0.539,0.102,0.437
0.844,0.757,0.697,0.442,0.395
0.463,0.47,0.265,0.152,0.313
0.853,0.843,0.538,0.103,0.681
0.868,0.802,0.631,0.147,0.625
0.825,0.7,0.672,0.552,0.166
0.587,0.628,0.351,0.05,0.517
0.803,0.767,0.57,0.184,0.477
0.608,0.677,0.384,0.06,0.477
0.871,0.813,0.458,0.071,0.598
0.611,0.602,0.362,0.056,0.404
0.852,0.838,0.614,0.019,0.592
0.867,0.85,0.62,0.062,0.721
0.356,0.396,0.203,0.266,0.417
0.826,0.803,0.609,0.125,0.514
0.626,0.535,0.317,0.109,0.441
0.756,0.706,0.544,0.213,0.471
0.838,0.849,0.63,0.095,0.669
0.907,0.749,0.642,0.011,0.61
0.849,0.772,0.682,0.378,0.233
0.576,0.716,0.403,0.118,0.61
0.811,0.809,0.574,0.198,0.535
0.904,0.838,0.674,0.131,0.541
0.739,0.809,0.505,0.069,0.465
0.577,0.605,0.361,0.075,0.366
0.77,0.779,0.567,0.133,0.5
0.551,0.525,0.299,0.037,0.471
0.825,0.743,0.656,0.183,0.401
0.566,0.421,0.293,0.243,0.16
0.835,0.687,0.681,0.624,0.22
0.794,0.738,0.613,0.164,0.395
0.849,0.749,0.683,0.269,0.294
0.818,0.778,0.528,0.051,0.364
0.827,0.646,0.647,0.557,0.164
0.848,0.762,0.573,0.089,0.67
0.563,0.667,0.354,0.038,0.515
0.907,0.863,0.47,0.057,0.488
0.812,0.764,0.623,0.139,0.488
0.877,0.923,0.927,0.0,0.815
0.852,0.765,0.606,0.144,0.533
0.837,0.79,0.535,0.143,0.429
0.691,0.708,0.424,0.069,0.529
0.817,0.748,0.623,0.174,0.529
0.62,0.568,0.438,0.135,0.541
0.873,0.847,0.589,0.041,0.723
0.771,0.713,0.421,0.254,0.637
0.873,0.836,0.668,0.112,0.634
0.471,0.507,0.244,0.063,0.423
0.395,0.577,0.191,0.072,0.696
0.663,0.636,0.396,0.098,0.515
0.654,0.725,0.387,0.071,0.63
0.852,0.802,0.678,0.207,0.622
0.816,0.839,0.509,0.104,0.557
0.642,0.587,0.414,0.073,0.404
0.876,0.83,0.691,0.123,0.587
0.48,0.488,0.283,0.078,0.393
0.589,0.652,0.435,0.15,0.477
0.89,0.824,0.678,0.088,0.687
0.838,0.707,0.663,0.338,0.322
0.853,0.832,0.56,0.104,0.661
0.704,0.661,0.455,0.125,0.386
0.905,0.875,0.704,0.064,0.548
0.666,0.586,0.454,0.216,0.36
0.479,0.438,0.266,0.14,0.316
0.871,0.748,0.643,0.328,0.38
0.571,0.631,0.331,0.051,0.619
0.721,0.663,0.446,0.224,0.574
0.815,0.77,0.558,0.212,0.425
0.799,0.783,0.616,0.165,0.372
0.797,0.839,0.739,0.031,0.693
0.845,0.848,0.576,0.112,0.515
0.745,0.751,0.545,0.132,0.383
0.727,0.739,0.511,0.192,0.411
0.66,0.679,0.37,0.085,0.34
0.48,0.531,0.249,0.084,0.432
0.53,0.537,0.329,0.151,0.39
0.883,0.756,0.705,0.093,0.205
0.336,0.368,0.181,0.056,0.553
0.496,0.507,0.328,0.199,0.477
0.485,0.542,0.26,0.061,0.5
0.291,0.348,0.148,0.081,0.328
0.317,0.42,0.199,0.082,0.399
0.425,0.466,0.139,0.089,0.553
0.323,0.333,0.132,0.054,0.345
0.583,0.559,0.374,0.087,0.447
0.719,0.812,0.443,0.065,0.596
0.83,0.781,0.63,0.132,0.425
0.596,0.478,0.289,0.155,0.372
0.18,0.262,0.068,0.03,0.616
0.885,0.835,0.652,0.064,0.651
0.582,0.596,0.368,0.109,0.441
0.833,0.785,0.51,0.072,0.571
0.321,0.415,0.191,0.092,0.446
0.808,0.809,0.566,0.149,0.545
0.863,0.771,0.65,0.182,0.527
0.876,0.862,0.502,0.042,0.59
0.878,0.906,0.547,0.049,0.922
0.579,0.577,0.375,0.126,0.367
0.779,0.743,0.558,0.117,0.544
0.741,0.681,0.455,0.147,0.387
0.977,0.911,0.765,0.004,0.727
0.8,0.732,0.607,0.202,0.364
0.621,0.584,0.33,0.124,0.533
0.683,0.681,0.494,0.195,0.429
0.861,0.831,0.554,0.089,0.649
0.789,0.88,0.637,0.002,0.886
0.78,0.788,0.543,0.183,0.473
0.835,0.807,0.616,0.136,0.584
0.888,0.882,0.666,0.093,0.492
0.516,0.482,0.158,0.029,0.572
0.787,0.739,0.566,0.239,0.554
0.81,0.769,0.674,0.506,0.434
0.642,0.661,0.425,0.067,0.361
0.273,0.473,0.145,0.064,0.426
0.486,0.539,0.285,0.196,0.396
0.643,0.761,0.431,0.091,0.541
0.798,0.732,0.64,0.194,0.357
0.498,0.506,0.267,0.044,0.545
0.645,0.71,0.398,0.086,0.485
0.853,0.82,0.689,0.149,0.67
0.289,0.274,0.132,0.067,0.218
0.877,0.897,0.709,0.016,0.831
0.236,0.276,0.118,0.105,0.42
0.593,0.683,0.352,0.029,0.426
0.557,0.569,0.309,0.033,0.578
0.616,0.644,0.414,0.133,0.426
0.812,0.744,0.584,0.156,0.542
0.608,0.531,0.316,0.067,0.489
0.832,0.792,0.526,0.075,0.559
0.887,0.811,0.691,0.116,0.455
0.959,0.788,0.73,0.036,0.73
0.499,0.486,0.26,0.131,0.226
0.774,0.774,0.492,0.096,0.416
0.353,0.465,0.199,0.041,0.648
0.487,0.464,0.27,0.038,0.467
0.893,0.788,0.655,0.139,0.541
0.842,0.763,0.643,0.109,0.434
0.701,0.651,0.374,0.076,0.432
0.583,0.589,0.392,0.124,0.483
0.669,0.648,0.43,0.136,0.491
0.694,0.637,0.356,0.082,0.44
0.776,0.684,0.608,0.133,0.334
0.881,0.772,0.691,0.268,0.517
0.672,0.701,0.422,0.043,0.614
0.658,0.68,0.425,0.143,0.47
0.586,0.593,0.367,0.164,0.431
0.42,0.412,0.172,0.04,0.413
0.823,0.781,0.586,0.005,0.566
0.776,0.718,0.586,0.104,0.432
0.812,0.741,0.609,0.174,0.417
0.587,0.701,0.403,0.083,0.554
0.904,0.857,0.739,0.064,0.705
0.877,0.869,0.665,0.027,0.566
0.71,0.751,0.404,0.03,0.553
0.493,0.525,0.24,0.06,0.447
0.167,0.291,0.081,0.074,0.465
0.83,0.813,0.589,0.109,0.506
0.688,0.659,0.457,0.113,0.608
0.753,0.77,0.523,0.094,0.685
0.88,0.721,0.679,0.196,0.41
0.683,0.748,0.408,0.047,0.62
0.853,0.801,0.663,0.19,0.7
0.343,0.304,0.138,0.026,0.413
0.87,0.77,0.729,0.114,0.373
0.407,0.462,0.234,0.144,0.342
0.683,0.689,0.426,0.094,0.545
0.858,0.839,0.64,0.045,0.58
0.301,0.538,0.195,0.035,0.66
0.802,0.754,0.609,0.168,0.395
0.592,0.552,0.379,0.076,0.497
0.666,0.654,0.425,0.102,0.569
0.587,0.525,0.393,0.117,0.396
0.893,0.86,0.591,0.091,0.694
0.496,0.492,0.29,0.06,0.449
0.485,0.532,0.296,0.167,0.428
0.613,0.579,0.366,0.115,0.444
0.712,0.752,0.478,0.042,0.593
0.903,0.851,0.674,0.053,0.702
0.822,0.738,0.633,0.141,0.456
0.741,0.703,0.496,0.065,0.465
0.316,0.31,0.108,0.052,0.339
0.854,0.859,0.604,0.084,0.652
0.657,0.713,0.341,0.038,0.363
0.839,0.742,0.676,0.302,0.327
0.482,0.592,0.249,0.045,0.634
0.795,0.777,0.562,0.12,0.423
0.596,0.658,0.416,0.235,0.587
0.805,0.73,0.647,0.166,0.337
0.898,0.765,0.723,0.126,0.556
0.811,0.846,0.501,0.023,0.825
0.598,0.472,0.3,0.118,0.444
0.872,0.855,0.546,0.101,0.767
0.282,0.307,0.156,0.012,0.559
0.841,0.811,0.582,0.097,0.599
0.581,0.581,0.363,0.059,0.309
0.458,0.393,0.277,0.142,0.325
0.796,0.883,0.486,0.036,0.804
0.762,0.697,0.537,0.239,0.413
0.158,0.246,0.094,0.001,0.333
0.645,0.674,0.379,0.121,0.488
0.308,0.32,0.132,0.079,0.38
0.322,0.473,0.203,0.05,0.435
0.908,0.831,0.671,0.095,0.648
0.348,0.52,0.187,0.059,0.587
0.861,0.74,0.675,0.143,0.536
0.835,0.754,0.586,0.13,0.619
0.657,0.707,0.539,0.027,0.477
0.864,0.85,0.669,0.096,0.526
0.422,0.369,0.24,0.11,0.13
0.808,0.756,0.572,0.111,0.554
0.578,0.486,0.343,0.118,0.404
0.579,0.559,0.376,0.059,0.319
0.627,0.539,0.432,0.282,0.223
0.822,0.821,0.572,0.09,0.559
0.843,0.818,0.559,0.14,0.495
0.845,0.767,0.688,0.127,0.432
0.871,0.867,0.581,0.074,0.679
0.861,0.87,0.537,0.055,0.639
0.793,0.773,0.473,0.101,0.444
0.601,0.604,0.382,0.058,0.331
0.478,0.519,0.263,0.08,0.514
0.868,0.85,0.696,0.147,0.553
0.275,0.479,0.129,0.055,0.464
0.921,0.911,0.678,0.008,0.0
0.45,0.469,0.146,0.071,0.553
0.86,0.892,0.615,0.09,0.779
0.714,0.717,0.457,0.0,0.536
0.489,0.502,0.296,0.127,0.324
0.252,0.299,0.138,0.055,0.447
0.424,0.432,0.185,0.044,0.467
0.482,0.522,0.256,0.086,0.428
0.883,0.767,0.722,0.157,0.479
0.769,0.715,0.592,0.304,0.193
0.891,0.777,0.686,0.102,0.584
0.623,0.593,0.408,0.123,0.381
0.441,0.565,0.181,0.036,0.55
0.723,0.791,0.478,0.032,0.392
0.883,0.794,0.551,0.071,0.622
0.475,0.475,0.278,0.045,0.587
0.584,0.716,0.379,0.133,0.562
0.745,0.82,0.553,0.118,0.553
0.615,0.551,0.304,0.063,0.473
0.792,0.664,0.578,0.193,0.399
0.765,0.716,0.575,0.249,0.425
0.691,0.66,0.465,0.172,0.601
0.648,0.614,0.359,0.076,0.529
0.731,0.757,0.522,0.158,0.446
0.875,0.71,0.649,0.092,0.383
0.859,0.774,0.619,0.175,0.527
0.73,0.804,0.449,0.096,0.465
0.822,0.757,0.617,0.154,0.377
0.356,0.328,0.229,0.246,0.212
0.653,0.679,0.423,0.131,0.425
0.665,0.687,0.365,0.047,0.449
0.08,0.128,0.013,0.077,0.41
0.776,0.796,0.486,0.063,0.47
0.552,0.557,0.33,0.031,0.497
0.655,0.647,0.424,0.056,0.536
0.786,0.774,0.592,0.171,0.495
0.174,0.19,0.071,0.066,0.435
0.927,0.898,0.605,0.064,0.691
0.902,0.946,0.552,0.086,0.652
0.899,0.847,0.726,0.059,0.643
0.305,0.526,0.158,0.029,0.462
0.303,0.513,0.145,0.031,0.446
0.88,0.87,0.53,0.07,0.732
0.694,0.856,0.422,0.047,0.661
0.645,0.685,0.358,0.112,0.53
0.882,0.818,0.612,0.143,0.608
0.891,0.852,0.672,0.115,0.69
0.867,0.857,0.594,0.082,0.572
0.873,0.858,0.617,0.102,0.498
0.257,0.305,0.177,0.007,0.274
0.278,0.459,0.154,0.046,0.536
0.876,0.82,0.695,0.0,0.843
0.908,0.841,0.713,0.129,0.687
0.923,0.862,0.742,0.087,0.437
0.619,0.509,0.304,0.056,0.336
0.859,0.83,0.678,0.094,0.551
0.929,0.875,0.635,0.066,0.654
0.807,0.741,0.601,0.188,0.37
0.348,0.397,0.22,0.052,0.351
0.867,0.857,0.672,0.045,0.755
0.458,0.593,0.243,0.027,0.532
0.912,0.776,0.731,0.161,0.431
0.908,0.822,0.576,0.01,0.608
0.897,0.88,0.699,0.058,0.64
0.689,0.57,0.471,0.198,0.289
0.584,0.687,0.4,0.12,0.559
0.613,0.741,0.408,0.115,0.592
0.66,0.567,0.467,0.171,0.327
0.835,0.746,0.673,0.443,0.383
0.692,0.722,0.404,0.043,0.565
0.828,0.732,0.671,0.174,0.295
0.26,0.346,0.137,0.055,0.55
0.902,0.794,0.739,0.094,0.342
0.852,0.816,0.598,0.056,0.548
0.849,0.764,0.619,0.077,0.602
0.58,0.615,0.384,0.103,0.486
0.877,0.834,0.494,0.089,0.648
0.834,0.782,0.58,0.124,0.595
0.838,0.782,0.682,0.204,0.367
0.892,0.839,0.706,0.076,0.691
0.845,0.846,0.522,0.063,0.72
0.905,0.961,0.508,0.052,0.745
0.713,0.633,0.515,0.309,0.431
0.874,0.822,0.472,0.132,0.67
0.254,0.285,0.006,0.06,0.17
0.924,0.829,0.703,0.029,0.75
0.843,0.742,0.682,0.2,0.304
0.404,0.535,0.193,0.053,0.572
0.57,0.553,0.366,0.067,0.363
0.816,0.716,0.634,0.563,0.291
0.492,0.451,0.193,0.074,0.562
0.305,0.323,0.191,0.057,0.304
0.408,0.462,0.255,0.073,0.288
0.893,0.78,0.67,0.07,0.459
0.777,0.715,0.613,0.28,0.358
0.824,0.766,0.643,0.286,0.333
0.544,0.485,0.319,0.127,0.389
0.599,0.627,0.435,0.228,0.467
0.843,0.804,0.667,0.489,0.83
0.859,0.822,0.676,0.0,0.742
0.848,0.774,0.668,0.263,0.426
0.861,0.786,0.678,0.227,0.482
0.869,0.825,0.478,0.135,0.533
0.822,0.709,0.65,0.349,0.277
0.429,0.401,0.179,0.086,0.303
0.765,0.699,0.548,0.18,0.413
0.871,0.851,0.673,0.115,0.584
0.529,0.52,0.287,0.042,0.625
0.834,0.751,0.546,0.16,0.452
0.82,0.758,0.535,0.128,0.66
0.725,0.64,0.476,0.193,0.352
0.834,0.872,0.601,0.001,0.89
0.282,0.302,0.149,0.075,0.459
0.762,0.706,0.571,0.159,0.395
0.8,0.729,0.625,0.182,0.331
0.426,0.405,0.251,0.057,0.328
0.831,0.739,0.667,0.518,0.31
0.401,0.415,0.166,0.045,0.389
0.525,0.511,0.268,0.097,0.416
0.186,0.316,0.074,0.085,0.489
0.878,0.827,0.646,0.075,0.508
0.192,0.204,0.076,0.056,0.389
0.871,0.873,0.59,0.011,0.806
0.56,0.564,0.247,0.092,0.637
0.706,0.642,0.333,0.063,0.515
0.284,0.456,0.152,0.062,0.483
0.272,0.371,0.099,0.031,0.63
0.624,0.658,0.4,0.119,0.458
0.836,0.741,0.668,0.244,0.242
0.819,0.755,0.577,0.189,0.562
0.846,0.835,0.497,0.067,0.654
0.773,0.823,0.518,0.021,0.542
0.31,0.508,0.221,0.071,0.616
0.723,0.725,0.381,0.041,0.559
0.792,0.821,0.594,0.088,0.449
0.778,0.78,0.564,0.133,0.512
0.935,0.792,0.704,0.03,0.661
0.374,0.293,0.179,0.118,0.352
0.6,0.566,0.347,0.134,0.411
0.596,0.482,0.291,0.102,0.333
0.652,0.631,0.413,0.124,0.551
0.83,0.739,0.651,0.525,0.324
0.301,0.305,0.138,0.112,0.337
0.817,0.793,0.543,0.1,0.649
0.603,0.54,0.324,0.075,0.453
0.854,0.794,0.617,0.053,0.748
0.665,0.658,0.421,0.076,0.63
0.924,0.774,0.721,0.004,0.533
0.51,0.451,0.296,0.063,0.5
0.244,0.328,0.127,0.041,0.47
0.881,0.855,0.532,0.038,0.664
0.406,0.499,0.216,0.082,0.39
0.643,0.682,0.414,0.075,0.474
0.82,0.748,0.53,0.117,0.598
0.573,0.586,0.341,0.064,0.441
0.756,0.757,0.408,0.038,0.562
0.818,0.851,0.53,0.057,0.73
0.623,0.634,0.368,0.122,0.648
0.647,0.652,0.405,0.102,0.384
0.842,0.779,0.52,0.145,0.664
0.55,0.528,0.349,0.045,0.548
0.443,0.458,0.146,0.059,0.545
0.889,0.869,0.5,0.024,0.399
0.291,0.269,0.129,0.114,0.288
0.598,0.753,0.412,0.126,0.655
0.338,0.373,0.107,0.031,0.61
0.781,0.739,0.555,0.105,0.565
0.636,0.649,0.409,0.097,0.497
0.489,0.528,0.291,0.183,0.377
0.692,0.602,0.496,0.323,0.432
0.409,0.47,0.236,0.173,0.324
0.907,0.886,0.741,0.051,0.595
0.855,0.809,0.641,0.151,0.61
0.844,0.872,0.583,0.004,0.848
0.61,0.62,0.397,0.143,0.42
0.531,0.507,0.321,0.122,0.47
0.369,0.387,0.176,0.027,0.61
0.311,0.39,0.1,0.023,0.599
0.633,0.586,0.313,0.069,0.458
0.88,0.893,0.667,0.027,0.703
0.86,0.7,0.603,0.042,0.319
0.681,0.649,0.431,0.048,0.562
0.808,0.819,0.539,0.076,0.672
0.799,0.726,0.589,0.138,0.398
0.508,0.48,0.264,0.159,0.494
0.958,0.889,0.716,0.062,0.649
0.362,0.424,0.23,0.173,0.492
0.909,0.882,0.64,0.073,0.598
0.534,0.469,0.327,0.15,0.316
0.522,0.473,0.331,0.114,0.361
0.652,0.71,0.537,0.058,0.458
0.463,0.416,0.206,0.101,0.322
0.522,0.481,0.318,0.154,0.315
0.685,0.619,0.327,0.093,0.401
0.43,0.508,0.268,0.187,0.69
0.87,0.864,0.611,0.038,0.797
0.518,0.537,0.325,0.055,0.651
0.792,0.733,0.524,0.153,0.494
0.609,0.598,0.362,0.084,0.28
0.84,0.81,0.672,0.173,0.663
0.646,0.546,0.454,0.336,0.271
0.675,0.708,0.397,0.103,0.578
0.83,0.815,0.561,0.072,0.517
0.298,0.349,0.123,0.057,0.462
0.697,0.701,0.429,0.072,0.456
0.703,0.673,0.465,0.134,0.608
0.798,0.759,0.602,0.161,0.491
0.793,0.75,0.572,0.184,0.41
0.814,0.755,0.597,0.172,0.586
0.744,0.725,0.506,0.036,0.492
0.762,0.744,0.462,0.062,0.545
0.935,0.762,0.682,0.061,0.687
0.796,0.729,0.617,0.18,0.345
0.52,0.526,0.25,0.103,0.486
0.862,0.783,0.613,0.133,0.524
0.504,0.503,0.256,0.132,0.646
0.556,0.486,0.344,0.159,0.416
0.841,0.742,0.67,0.299,0.169
0.611,0.653,0.382,0.128,0.544
0.329,0.317,0.139,0.072,0.318
0.263,0.444,0.145,0.037,0.533
0.589,0.598,0.365,0.11,0.438
0.674,0.681,0.467,0.139,0.551
0.654,0.715,0.436,0.087,0.601
0.723,0.751,0.514,0.207,0.399
0.624,0.737,0.457,0.093,0.506
0.601,0.509,0.316,0.098,0.339
0.881,0.728,0.607,0.061,0.464
0.418,0.454,0.227,0.088,0.306
0.858,0.816,0.635,0.122,0.667
0.556,0.583,0.321,0.062,0.515
0.526,0.475,0.349,0.202,0.295
0.743,0.666,0.471,0.167,0.297
0.622,0.642,0.433,0.089,0.432
0.843,0.872,0.539,0.133,0.563
0.579,0.595,0.39,0.102,0.488
0.409,0.439,0.25,0.09,0.42
0.606,0.616,0.441,0.118,0.361
0.58,0.578,0.381,0.104,0.357
0.973,0.8,0.726,0.007,0.723
0.816,0.714,0.557,0.108,0.623
0.892,0.901,0.551,0.037,0.661
0.842,0.826,0.577,0.124,0.581
0.847,0.871,0.535,0.049,0.497
0.421,0.475,0.209,0.076,0.495
0.847,0.817,0.502,0.07,0.44
0.352,0.35,0.131,0.052,0.324
0.482,0.556,0.092,0.032,0.708
0.679,0.729,0.4,0.048,0.584
0.855,0.784,0.713,0.168,0.363
0.489,0.562,0.295,0.099,0.446
0.871,0.864,0.671,0.191,0.583
0.914,0.833,0.704,0.036,0.601
0.878,0.857,0.564,0.055,0.574
0.977,0.957,0.523,0.059,0.798
0.873,0.838,0.653,0.278,0.358
0.309,0.315,0.1,0.031,0.39
0.732,0.742,0.532,0.142,0.37
0.537,0.531,0.326,0.057,0.563
0.603,0.613,0.445,0.26,0.264
0.879,0.866,0.638,0.073,0.73
0.823,0.858,0.644,0.025,0.694
0.485,0.553,0.291,0.192,0.401
0.51,0.459,0.305,0.138,0.327
0.66,0.664,0.487,0.17,0.553
0.449,0.483,0.276,0.23,0.486
0.606,0.556,0.326,0.092,0.467
0.839,0.81,0.523,0.093,0.625
0.847,0.805,0.486,0.135,0.613
0.795,0.866,0.559,0.045,0.515
0.24,0.272,0.134,0.145,0.301
0.621,0.516,0.377,0.318,0.431
0.885,0.897,0.533,0.052,0.53
0.698,0.679,0.446,0.12,0.664
0.863,0.847,0.664,0.079,0.705
0.713,0.688,0.501,0.098,0.565
0.83,0.736,0.655,0.124,0.328
0.943,0.968,0.642,0.055,0.756
0.854,0.863,0.603,0.092,0.666
0.832,0.785,0.54,0.156,0.589
0.606,0.665,0.406,0.127,0.474
0.757,0.789,0.499,0.083,0.649
0.864,0.773,0.697,0.144,0.432
0.629,0.642,0.389,0.08,0.712
0.546,0.477,0.356,0.106,0.321
0.899,0.829,0.7,0.116,0.682
0.823,0.746,0.578,0.149,0.503
0.617,0.537,0.337,0.093,0.441
0.764,0.779,0.494,0.091,0.483
0.528,0.498,0.332,0.144,0.373
0.361,0.358,0.245,0.096,0.134
0.884,0.837,0.479,0.08,0.673
0.838,0.782,0.595,0.107,0.52
0.808,0.782,0.563,0.137,0.42
0.749,0.72,0.524,0.164,0.48
0.418,0.421,0.145,0.083,0.557
0.574,0.674,0.35,0.055,0.599
0.203,0.226,0.053,0.063,0.078
0.436,0.48,0.273,0.203,0.58
0.734,0.648,0.481,0.152,0.307
0.576,0.498,0.331,0.127,0.426
0.5,0.53,0.265,0.063,0.464
0.647,0.639,0.469,0.103,0.44
0.791,0.752,0.56,0.196,0.408
0.884,0.83,0.617,0.121,0.697
0.868,0.882,0.463,0.06,0.691
0.596,0.576,0.289,0.056,0.429
0.843,0.835,0.574,0.114,0.614
0.893,0.91,0.425,0.026,0.602
0.287,0.327,0.137,0.076,0.539
0.876,0.876,0.779,0.026,0.407
0.628,0.644,0.382,0.057,0.373
0.457,0.448,0.261,0.093,0.401
0.34,0.458,0.157,0.037,0.613
0.8,0.736,0.628,0.17,0.45
0.874,0.825,0.589,0.074,0.628
0.887,0.906,0.6,0.032,0.498
0.469,0.455,0.282,0.137,0.486
0.78,0.762,0.54,0.165,0.435
0.803,0.749,0.605,0.119,0.42
0.23,0.342,0.137,0.091,0.441
0.778,0.729,0.539,0.218,0.491
0.453,0.525,0.297,0.116,0.639
0.824,0.766,0.652,0.214,0.434
0.214,0.222,0.028,0.049,0.107
0.93,0.861,0.718,0.116,0.337
0.862,0.76,0.675,0.207,0.313
0.575,0.577,0.344,0.073,0.372
0.285,0.281,0.131,0.112,0.235
0.351,0.407,0.217,0.205,0.485
0.794,0.759,0.544,0.11,0.416
0.42,0.345,0.178,0.088,0.416
0.366,0.473,0.106,0.058,0.678
0.682,0.728,0.441,0.064,0.494
0.219,0.298,0.066,0.019,0.377
0.702,0.617,0.511,0.23,0.36
0.595,0.612,0.362,0.052,0.455
0.817,0.833,0.533,0.041,0.593
0.851,0.774,0.647,0.139,0.42
0.418,0.368,0.195,0.082,0.248
0.598,0.623,0.395,0.072,0.488
0.808,0.756,0.624,0.127,0.3
0.685,0.637,0.461,0.192,0.497
0.728,0.781,0.485,0.079,0.693
0.877,0.796,0.646,0.159,0.524
0.653,0.708,0.53,0.077,0.438
0.666,0.647,0.438,0.139,0.551
0.485,0.496,0.304,0.087,0.36
0.567,0.578,0.246,0.07,0.623
0.349,0.324,0.137,0.06,0.378
0.866,0.869,0.472,0.028,0.583
0.823,0.759,0.642,0.218,0.288
0.871,0.78,0.681,0.111,0.502
0.873,0.78,0.638,0.114,0.563
0.814,0.766,0.594,0.247,0.429
0.835,0.772,0.667,0.182,0.358
0.822,0.773,0.523,0.136,0.44
0.039,0.017,0.02,0.085,0.146
0.615,0.669,0.382,0.062,0.443
0.857,0.867,0.624,0.118,0.559
0.586,0.632,0.362,0.048,0.383
0.141,0.208,0.056,0.024,0.5
0.356,0.375,0.136,0.037,0.316
0.906,0.806,0.67,0.136,0.437
0.825,0.816,0.602,0.112,0.515
0.665,0.713,0.438,0.083,0.559
0.553,0.491,0.326,0.136,0.381
0.574,0.596,0.337,0.049,0.506
0.84,0.805,0.667,0.203,0.3
0.875,0.86,0.599,0.022,0.773
0.566,0.491,0.316,0.16,0.375
0.856,0.813,0.629,0.127,0.605
0.809,0.779,0.592,0.167,0.428
0.665,0.683,0.477,0.232,0.581
0.792,0.744,0.604,0.181,0.456
0.793,0.819,0.484,0.13,0.431
0.913,0.854,0.707,0.095,0.574
0.215,0.432,0.103,0.051,0.587
0.482,0.535,0.285,0.062,0.396
0.863,0.814,0.617,0.083,0.566
0.797,0.742,0.593,0.248,0.414
0.683,0.689,0.48,0.109,0.36
0.595,0.66,0.414,0.047,0.578
0.676,0.698,0.405,0.077,0.595
0.39,0.419,0.244,0.073,0.315
0.899,0.804,0.701,0.07,0.571
0.65,0.674,0.453,0.244,0.548
0.736,0.79,0.493,0.076,0.44
0.857,0.838,0.64,0.017,0.628
0.865,0.87,0.707,0.074,0.639
0.216,0.441,0.105,0.057,0.584
0.582,0.62,0.435,0.191,0.295
0.85,0.691,0.665,0.563,0.169
0.859,0.736,0.688,0.22,0.25
0.454,0.517,0.266,0.136,0.614
0.942,0.764,0.713,0.113,0.533
0.686,0.666,0.49,0.12,0.532
0.96,0.885,0.746,0.034,0.649
0.871,0.802,0.468,0.077,0.542
0.487,0.42,0.285,0.132,0.185
0.795,0.72,0.527,0.137,0.553
0.403,0.453,0.248,0.06,0.196
0.977,0.884,0.689,0.073,0.783
0.864,0.873,0.624,0.089,0.819
0.827,0.812,0.534,0.038,0.575
0.818,0.791,0.532,0.188,0.548
0.859,0.859,0.585,0.041,0.672
0.353,0.439,0.202,0.028,0.419
0.576,0.621,0.345,0.06,0.432
0.351,0.415,0.199,0.181,0.361
0.88,0.811,0.614,0.126,0.598
0.441,0.411,0.268,0.083,0.446
0.591,0.732,0.412,0.107,0.646
0.209,0.228,0.059,0.039,0.206
0.414,0.412,0.204,0.087,0.215
0.522,0.507,0.264,0.126,0.544
0.885,0.808,0.687,0.063,0.654
0.844,0.789,0.614,0.227,0.575
0.389,0.541,0.201,0.102,0.572
0.233,0.275,0.111,0.089,0.307
0.829,0.743,0.66,0.462,0.313
0.802,0.736,0.598,0.181,0.279
0.624,0.654,0.399,0.049,0.643
0.854,0.869,0.57,0.069,0.693
0.321,0.333,0.129,0.057,0.304
0.468,0.471,0.25,0.077,0.464
0.809,0.784,0.549,0.128,0.434
0.717,0.753,0.419,0.021,0.566
0.463,0.491,0.259,0.207,0.377
0.564,0.582,0.289,0.059,0.526
0.559,0.497,0.329,0.198,0.41
0.898,0.918,0.779,0.017,0.437
0.586,0.576,0.355,0.067,0.383
0.909,0.873,0.61,0.056,0.67
0.155,0.202,0.087,0.077,0.274
0.921,0.862,0.725,0.078,0.62
0.868,0.809,0.623,0.066,0.526
0.484,0.503,0.259,0.065,0.521
0.573,0.505,0.343,0.1,0.351
0.865,0.78,0.629,0.2,0.608
0.818,0.773,0.532,0.143,0.604
0.781,0.768,0.536,0.053,0.41
0.896,0.906,0.715,0.042,0.652
0.661,0.65,0.416,0.136,0.44
0.623,0.617,0.43,0.126,0.438
0.877,0.727,0.792,0.298,0.236
0.716,0.776,0.448,0.118,0.455
0.923,0.899,0.63,0.063,0.687
0.843,0.865,0.625,0.083,0.657
0.797,0.769,0.579,0.184,0.505
0.903,0.82,0.744,0.073,0.741
0.542,0.628,0.375,0.033,0.477
0.804,0.742,0.616,0.177,0.342
0.022,0.0,0.012,0.113,0.163
0.823,0.827,0.504,0.077,0.572
0.842,0.769,0.572,0.119,0.649
0.941,0.925,0.527,0.038,0.803
0.864,0.874,0.591,0.085,0.663
0.91,0.856,0.644,0.142,0.625
0.492,0.43,0.297,0.117,0.367
0.621,0.653,0.442,0.105,0.477
0.284,0.497,0.177,0.052,0.417
0.856,0.808,0.679,0.143,0.58
0.932,0.925,0.626,0.062,0.744
0.932,0.941,0.503,0.077,0.759
0.359,0.308,0.178,0.078,0.395
0.83,0.764,0.56,0.116,0.7
0.84,0.824,0.558,0.057,0.697
0.687,0.755,0.465,0.036,0.598
0.841,0.778,0.636,0.111,0.342
0.884,0.816,0.525,0.064,0.646
0.901,0.901,0.728,0.123,0.619
0.808,0.884,0.546,0.002,0.92
0.219,0.275,0.095,0.045,0.413
0.869,0.795,0.659,0.11,0.593
0.531,0.482,0.292,0.065,0.584
0.789,0.736,0.563,0.139,0.456
0.653,0.729,0.392,0.031,0.532
0.871,0.729,0.704,0.248,0.262
0.783,0.806,0.471,0.111,0.479
0.883,0.807,0.686,0.161,0.527
0.87,0.837,0.717,0.145,0.523
0.827,0.823,0.521,0.086,0.523
0.532,0.541,0.27,0.137,0.554
0.489,0.495,0.317,0.191,0.405
0.847,0.806,0.687,0.12,0.592
0.82,0.836,0.593,0.143,0.563
0.872,0.815,0.611,0.086,0.569
0.892,0.867,0.619,0.095,0.732
0.156,0.22,0.055,0.03,0.521
0.911,0.825,0.759,0.062,0.616
0.844,0.77,0.64,0.142,0.45
0.842,0.847,0.553,0.07,0.604
0.822,0.727,0.645,0.442,0.312
0.884,0.782,0.725,0.111,0.47
0.893,0.882,0.546,0.002,0.855
0.58,0.575,0.383,0.118,0.367
0.378,0.408,0.219,0.038,0.318
0.916,0.966,0.528,0.075,0.708
0.701,0.639,0.351,0.065,0.497
0.208,0.283,0.099,0.075,0.196
0.713,0.676,0.514,0.067,0.488
0.835,0.715,0.659,0.293,0.324
0.679,0.671,0.411,0.151,0.422
0.82,0.778,0.623,0.147,0.544
0.335,0.324,0.141,0.109,0.431
0.834,0.824,0.562,0.036,0.613
0.431,0.409,0.208,0.089,0.273
0.757,0.711,0.416,0.069,0.589
0.847,0.723,0.679,0.276,0.244
0.878,0.779,0.667,0.177,0.584
0.599,0.601,0.347,0.063,0.273
0.665,0.642,0.445,0.105,0.474
0.455,0.483,0.207,0.068,0.541
0.855,0.853,0.541,0.11,0.706
0.734,0.708,0.473,0.081,0.479
0.642,0.634,0.357,0.077,0.551
0.677,0.671,0.431,0.096,0.464
0.851,0.769,0.601,0.175,0.578
0.51,0.519,0.278,0.111,0.449
0.858,0.797,0.689,0.126,0.623
0.851,0.746,0.643,0.153,0.333
0.322,0.321,0.123,0.044,0.28
0.841,0.911,0.579,0.015,0.84
0.686,0.662,0.5,0.14,0.602
0.74,0.725,0.465,0.064,0.524
0.814,0.76,0.643,0.197,0.378
0.83,0.756,0.558,0.151,0.559
0.847,0.754,0.624,0.093,0.224
0.175,0.185,0.064,0.045,0.456
0.791,0.753,0.594,0.131,0.367
0.839,0.815,0.608,0.096,0.577
0.869,0.881,0.623,0.012,0.752
0.681,0.707,0.442,0.129,0.556
0.768,0.839,0.571,0.111,0.554
0.883,0.85,0.686,0.046,0.581
0.684,0.708,0.445,0.069,0.527
0.842,0.76,0.626,0.158,0.491
0.634,0.615,0.378,0.086,0.458
0.797,0.806,0.555,0.164,0.551
0.34,0.378,0.171,0.025,0.598
0.857,0.774,0.62,0.224,0.577
0.512,0.601,0.307,0.111,0.506
0.424,0.495,0.204,0.044,0.363
0.829,0.872,0.637,0.076,0.536
0.288,0.317,0.106,0.034,0.535
0.849,0.805,0.686,0.115,0.482
0.885,0.692,0.727,0.343,0.298
0.819,0.792,0.611,0.134,0.613
0.812,0.784,0.578,0.192,0.452
0.823,0.785,0.626,0.096,0.557
0.602,0.639,0.369,0.051,0.58
0.628,0.595,0.386,0.035,0.48
0.802,0.782,0.559,0.197,0.45
0.842,0.807,0.567,0.138,0.66
0.406,0.533,0.188,0.05,0.572
0.902,0.799,0.689,0.09,0.7
0.9,0.874,0.649,0.046,0.73
0.662,0.564,0.481,0.175,0.3
0.869,0.879,0.564,0.055,0.584
0.876,0.859,0.619,0.097,0.703
0.961,0.769,0.765,0.013,0.495
0.583,0.467,0.373,0.489,0.226
0.7,0.663,0.487,0.098,0.61
0.874,0.785,0.715,0.163,0.346
0.842,0.814,0.681,0.299,0.596
0.867,0.885,0.648,0.271,0.687
0.494,0.531,0.285,0.076,0.411
0.532,0.466,0.309,0.131,0.336
0.539,0.562,0.308,0.144,0.45
0.412,0.383,0.21,0.144,0.267
0.728,0.782,0.493,0.105,0.437
0.882,0.78,0.644,0.166,0.578
0.58,0.574,0.354,0.096,0.498
0.501,0.559,0.306,0.078,0.471
0.805,0.729,0.468,0.176,0.566
0.442,0.429,0.194,0.075,0.242
0.586,0.585,0.344,0.066,0.319
0.592,0.728,0.395,0.12,0.586
0.874,0.706,0.69,0.671,0.172
0.925,0.92,0.562,0.063,0.902
0.84,0.84,0.63,0.108,0.509
0.46,0.432,0.257,0.101,0.33
0.741,0.719,0.484,0.145,0.628
0.644,0.549,0.441,0.259,0.242
0.703,0.676,0.418,0.095,0.375
0.57,0.638,0.462,0.063,0.506
0.892,0.782,0.677,0.088,0.401
0.851,0.754,0.649,0.193,0.452
0.487,0.55,0.288,0.129,0.434
0.873,0.715,0.708,0.283,0.363
0.848,0.773,0.623,0.127,0.521
0.683,0.665,0.437,0.099,0.657
0.866,0.774,0.644,0.075,0.346
0.699,0.624,0.532,0.304,0.524
0.698,0.601,0.484,0.258,0.482
0.798,0.725,0.437,0.178,0.539
0.512,0.478,0.273,0.095,0.471
0.345,0.296,0.191,0.106,0.373
0.479,0.441,0.236,0.035,0.369
0.852,0.839,0.55,0.089,0.547
0.811,0.762,0.617,0.084,0.361
0.827,0.814,0.575,0.095,0.53
0.722,0.715,0.439,0.084,0.511
0.629,0.578,0.408,0.1,0.42
0.826,0.808,0.552,0.079,0.554
0.539,0.544,0.246,0.095,0.636
0.501,0.478,0.26,0.104,0.477
0.584,0.563,0.318,0.06,0.426
0.66,0.707,0.548,0.078,0.489
0.746,0.841,0.551,0.077,0.651
0.787,0.748,0.603,0.169,0.435
0.624,0.645,0.411,0.047,0.592
0.285,0.445,0.17,0.076,0.488
0.634,0.561,0.429,0.181,0.553
0.759,0.733,0.541,0.096,0.491
0.815,0.829,0.668,0.102,0.706
0.543,0.621,0.33,0.044,0.574
0.58,0.492,0.323,0.082,0.346
0.325,0.346,0.113,0.064,0.443
0.495,0.469,0.292,0.075,0.485
0.773,0.777,0.547,0.146,0.422
0.693,0.695,0.517,0.103,0.625
0.666,0.68,0.495,0.274,0.494
0.734,0.819,0.467,0.099,0.548
0.797,0.717,0.604,0.092,0.273
0.814,0.742,0.551,0.165,0.547
0.777,0.72,0.636,0.116,0.482
0.865,0.797,0.627,0.116,0.459
0.922,0.916,0.598,0.036,0.758
0.709,0.697,0.383,0.071,0.548
0.618,0.605,0.401,0.164,0.327
0.814,0.803,0.592,0.157,0.511
0.477,0.436,0.312,0.025,0.678
0.888,0.849,0.729,0.117,0.709
0.855,0.688,0.701,0.267,0.295
0.657,0.551,0.476,0.18,0.321
0.895,0.9,0.5,0.052,0.779
0.59,0.476,0.375,0.371,0.315
0.536,0.559,0.303,0.11,0.599
0.911,0.909,0.631,0.004,0.738
0.689,0.718,0.481,0.071,0.553
0.569,0.606,0.363,0.141,0.465
0.808,0.79,0.498,0.043,0.455
0.527,0.509,0.313,0.103,0.462
0.827,0.763,0.648,0.116,0.486
0.493,0.481,0.251,0.106,0.575
0.834,0.812,0.592,0.027,0.667
0.874,0.955,0.531,0.008,0.914
0.398,0.455,0.24,0.149,0.295
0.929,0.846,0.645,0.068,0.669
0.673,0.614,0.368,0.094,0.495
0.858,0.812,0.638,0.07,0.586
0.655,0.652,0.463,0.325,0.458
0.891,0.847,0.72,0.1,0.425
0.192,0.258,0.069,0.064,0.108
0.901,0.853,0.6,0.159,0.59
0.798,0.731,0.495,0.073,0.619
0.859,0.793,0.676,0.194,0.541
0.848,0.79,0.652,0.177,0.681
0.887,0.932,0.551,0.06,0.761
0.892,0.841,0.469,0.087,0.581
0.727,0.662,0.454,0.222,0.426
0.763,0.792,0.536,0.147,0.435
0.623,0.534,0.319,0.056,0.526
0.871,0.819,0.609,0.067,0.703
0.594,0.648,0.353,0.045,0.568
0.318,0.516,0.15,0.049,0.511
0.91,0.835,0.703,0.044,0.523
0.338,0.475,0.168,0.089,0.61
0.592,0.657,0.395,0.14,0.575
0.865,0.8,0.632,0.115,0.682
0.855,0.819,0.675,0.153,0.452
0.862,0.809,0.657,0.149,0.699
0.818,0.791,0.609,0.107,0.477
0.883,0.863,0.55,0.069,0.679
0.843,0.809,0.677,0.127,0.572
0.397,0.383,0.178,0.078,0.267
0.685,0.697,0.407,0.032,0.533
0.285,0.272,0.127,0.146,0.256
0.333,0.311,0.142,0.1,0.419
0.865,0.738,0.675,0.255,0.288
0.662,0.631,0.427,0.172,0.488
0.873,0.714,0.692,0.55,0.327
0.546,0.561,0.298,0.039,0.495
0.586,0.623,0.347,0.041,0.583
0.426,0.476,0.268,0.163,0.479
0.873,0.875,0.607,0.085,0.646
0.577,0.578,0.357,0.119,0.239
0.657,0.667,0.376,0.07,0.389
0.85,0.835,0.426,0.01,0.553
0.762,0.683,0.585,0.347,0.279
0.813,0.803,0.583,0.128,0.601
0.23,0.353,0.099,0.033,0.55
0.616,0.509,0.415,0.282,0.146
0.725,0.666,0.447,0.169,0.486
0.901,0.852,0.606,0.144,0.62
0.807,0.749,0.6,0.204,0.398
0.869,0.811,0.689,0.167,0.637
0.79,0.809,0.495,0.144,0.494
0.891,0.82,0.639,0.176,0.509
0.652,0.736,0.506,0.05,0.486
0.849,0.784,0.597,0.091,0.592
0.347,0.411,0.201,0.243,0.447
0.877,0.868,0.637,0.044,0.583
0.851,0.79,0.652,0.141,0.485
0.861,0.853,0.682,0.113,0.699
0.915,0.765,0.798,0.112,0.526
0.569,0.572,0.377,0.128,0.429
0.792,0.756,0.562,0.164,0.505
0.511,0.453,0.311,0.189,0.298
0.682,0.706,0.404,0.04,0.786
0.743,0.74,0.51,0.112,0.524
0.345,0.412,0.196,0.053,0.414
0.327,0.348,0.102,0.069,0.483
0.03,0.143,0.042,0.065,0.476
0.835,0.755,0.549,0.173,0.498
0.895,0.86,0.793,0.052,0.685
0.869,0.789,0.636,0.096,0.568
0.831,0.727,0.641,0.41,0.295
0.822,0.767,0.545,0.149,0.61
0.896,0.822,0.695,0.125,0.572
0.792,0.734,0.593,0.213,0.416
0.638,0.701,0.338,0.037,0.431
0.768,0.696,0.431,0.224,0.574
0.627,0.576,0.386,0.079,0.503
0.329,0.375,0.183,0.047,0.547
0.793,0.744,0.604,0.181,0.423
0.839,0.743,0.681,0.385,0.203
0.888,0.898,0.711,0.065,0.514
0.903,0.879,0.634,0.048,0.736
0.884,0.782,0.659,0.073,0.634
0.423,0.494,0.23,0.117,0.488
0.895,0.794,0.66,0.091,0.355
0.873,0.857,0.467,0.047,0.515
0.86,0.771,0.614,0.226,0.56
0.935,0.886,0.759,0.0,0.518
0.577,0.585,0.355,0.072,0.334
0.74,0.734,0.558,0.18,0.417
0.857,0.825,0.639,0.049,0.527
0.82,0.776,0.641,0.137,0.511
0.613,0.563,0.291,0.061,0.538
0.835,0.836,0.577,0.074,0.568
0.842,0.78,0.587,0.005,0.758
0.286,0.443,0.141,0.083,0.492
0.63,0.523,0.421,0.189,0.166
0.843,0.83,0.681,0.196,0.502
0.762,0.736,0.472,0.097,0.524
0.729,0.818,0.466,0.106,0.575
0.592,0.596,0.379,0.097,0.31
0.972,0.862,0.634,0.002,0.593
0.89,0.922,0.673,0.005,0.744
0.763,0.736,0.599,0.309,0.355
0.687,0.604,0.481,0.263,0.428
0.493,0.574,0.286,0.063,0.524
0.825,0.79,0.653,0.122,0.333
0.203,0.255,0.064,0.061,0.045
0.817,0.75,0.501,0.044,0.652
0.856,0.822,0.637,0.109,0.613
0.793,0.72,0.598,0.308,0.312
0.857,0.866,0.63,0.02,0.666
0.263,0.355,0.131,0.09,0.551
0.873,0.823,0.628,0.1,0.532
0.765,0.787,0.523,0.065,0.431
0.636,0.554,0.389,0.25,0.428
0.673,0.693,0.427,0.042,0.557
0.748,0.748,0.534,0.118,0.42
0.961,0.978,0.615,0.017,0.514
0.636,0.657,0.485,0.286,0.554
0.846,0.854,0.511,0.064,0.506
0.59,0.629,0.405,0.085,0.515
0.783,0.843,0.627,0.001,0.752
0.866,0.837,0.682,0.123,0.634
0.934,0.86,0.611,0.081,0.807
0.332,0.356,0.141,0.053,0.402
0.472,0.449,0.188,0.076,0.495
0.33,0.382,0.158,0.04,0.295
0.604,0.629,0.435,0.044,0.639
0.86,0.837,0.637,0.042,0.474
0.331,0.457,0.178,0.049,0.264
0.43,0.468,0.279,0.139,0.548
0.834,0.818,0.605,0.09,0.548
0.595,0.545,0.333,0.15,0.517
0.878,0.827,0.622,0.099,0.726
0.571,0.558,0.359,0.089,0.367
0.306,0.313,0.126,0.069,0.258
0.716,0.675,0.454,0.096,0.339
0.945,0.829,0.775,0.077,0.55
0.479,0.519,0.278,0.085,0.542
0.867,0.664,0.705,0.212,0.33
0.388,0.505,0.198,0.063,0.547
0.716,0.706,0.484,0.056,0.538
0.273,0.299,0.124,0.074,0.315
0.853,0.811,0.656,0.031,0.491
0.339,0.493,0.13,0.054,0.429
0.381,0.312,0.202,0.081,0.396
0.886,0.812,0.67,0.084,0.655
0.457,0.487,0.27,0.072,0.526
0.569,0.542,0.296,0.071,0.411
0.8,0.733,0.45,0.047,0.634
0.25,0.337,0.136,0.053,0.53
0.432,0.416,0.203,0.096,0.414
0.863,0.807,0.665,0.165,0.464
0.53,0.491,0.309,0.152,0.328
0.338,0.391,0.188,0.041,0.581
0.324,0.416,0.195,0.106,0.477
0.872,0.804,0.667,0.211,0.541
0.881,0.832,0.693,0.11,0.654
0.393,0.506,0.198,0.086,0.518
0.408,0.476,0.235,0.136,0.363
0.821,0.844,0.493,0.032,0.536
0.307,0.297,0.144,0.072,0.373
0.948,0.771,0.69,0.025,0.654
0.811,0.747,0.553,0.146,0.563
0.344,0.496,0.151,0.043,0.453
0.6,0.669,0.394,0.105,0.372
0.597,0.476,0.385,0.454,0.176
0.698,0.736,0.461,0.083,0.48
0.493,0.424,0.288,0.181,0.163
0.854,0.805,0.597,0.136,0.633
0.264,0.481,0.134,0.036,0.605
0.631,0.582,0.307,0.061,0.441
0.492,0.451,0.258,0.101,0.378
0.37,0.408,0.223,0.179,0.456
0.914,0.866,0.7,0.109,0.583
0.829,0.74,0.649,0.348,0.261
0.221,0.201,0.034,0.066,0.133
0.953,0.936,0.514,0.045,0.654
0.654,0.645,0.367,0.098,0.545
0.85,0.855,0.558,0.061,0.712
0.902,0.882,0.635,0.028,0.533
0.544,0.501,0.361,0.142,0.366
0.767,0.71,0.384,0.056,0.523
0.404,0.348,0.202,0.07,0.483
0.846,0.792,0.674,0.221,0.63
0.924,0.837,0.68,0.035,0.578
0.703,0.668,0.478,0.188,0.505
0.805,0.785,0.57,0.13,0.562
0.744,0.721,0.493,0.212,0.565
0.128,0.249,0.065,0.035,0.542
0.894,0.854,0.644,0.036,0.539
0.728,0.716,0.525,0.155,0.485
0.804,0.855,0.641,0.027,0.783
0.869,0.666,0.704,0.352,0.285
0.562,0.603,0.281,0.056,0.545
0.854,0.879,0.596,0.09,0.636
0.866,0.871,0.586,0.076,0.881
0.831,0.736,0.65,0.361,0.316
0.892,0.838,0.638,0.121,0.646
0.885,0.75,0.679,0.0,0.584
0.816,0.771,0.57,0.205,0.521
0.421,0.527,0.241,0.095,0.595
0.476,0.495,0.274,0.098,0.464
0.606,0.633,0.365,0.075,0.423
0.303,0.364,0.119,0.037,0.593
0.876,0.882,0.624,0.049,0.819
0.781,0.714,0.588,0.144,0.345
0.833,0.766,0.659,0.259,0.467
0.273,0.319,0.151,0.052,0.449
0.732,0.754,0.52,0.113,0.458
0.65,0.725,0.508,0.087,0.45
0.905,0.883,0.696,0.068,0.706
0.927,0.878,0.691,0.119,0.422
0.646,0.593,0.441,0.132,0.577
0.354,0.374,0.175,0.03,0.607
0.329,0.315,0.21,0.203,0.19
0.508,0.594,0.279,0.036,0.614
0.864,0.801,0.458,0.051,0.684
0.908,0.787,0.69,0.084,0.568
0.274,0.512,0.26,0.041,0.502
0.574,0.582,0.375,0.089,0.402
0.747,0.864,0.538,0.063,0.605
0.878,0.834,0.635,0.114,0.486
0.875,0.853,0.679,0.103,0.568
0.832,0.723,0.669,0.169,0.28
0.869,0.818,0.703,0.061,0.598
0.397,0.351,0.169,0.016,0.53
0.856,0.859,0.595,0.099,0.512
0.583,0.705,0.337,0.017,0.702
0.744,0.689,0.507,0.094,0.354
0.461,0.479,0.282,0.104,0.373
0.891,0.819,0.662,0.049,0.443
0.836,0.805,0.616,0.129,0.63
0.653,0.594,0.418,0.142,0.587
0.763,0.707,0.575,0.134,0.547
0.159,0.197,0.083,0.031,0.315
0.464,0.489,0.266,0.132,0.381
0.882,0.824,0.662,0.001,0.756
0.818,0.716,0.642,0.524,0.258
0.67,0.654,0.482,0.135,0.381
0.906,0.917,0.445,0.056,0.768
0.848,0.725,0.689,0.273,0.172
0.833,0.734,0.643,0.257,0.369
0.4,0.444,0.146,0.111,0.544
0.869,0.769,0.628,0.208,0.595
0.969,0.91,0.57,0.031,0.773
0.787,0.718,0.54,0.207,0.498
0.182,0.204,0.065,0.028,0.551
0.811,0.737,0.645,0.109,0.437
0.551,0.559,0.296,0.054,0.512
0.83,0.769,0.567,0.138,0.565
0.548,0.534,0.321,0.019,0.536
0.288,0.33,0.113,0.039,0.523
0.846,0.784,0.583,0.162,0.568
0.731,0.726,0.512,0.087,0.458
0.415,0.502,0.224,0.157,0.657
0.69,0.626,0.458,0.173,0.361
0.766,0.8,0.542,0.057,0.663
0.87,0.83,0.658,0.019,0.676
0.896,0.911,0.507,0.186,0.563
0.793,0.748,0.559,0.191,0.377
0.648,0.616,0.443,0.223,0.459
0.691,0.67,0.478,0.155,0.614
0.709,0.896,0.41,0.012,0.639
0.744,0.654,0.497,0.206,0.199
0.824,0.817,0.719,0.032,0.902
0.75,0.781,0.533,0.086,0.474
0.26,0.428,0.155,0.038,0.384
0.914,0.909,0.847,0.018,0.732
0.801,0.742,0.657,0.173,0.456
0.567,0.567,0.341,0.04,0.565
0.854,0.782,0.66,0.088,0.547
0.787,0.735,0.594,0.229,0.449
0.607,0.684,0.474,0.182,0.613
0.898,0.803,0.734,0.076,0.444
0.838,0.845,0.642,0.1,0.589
0.339,0.38,0.162,0.038,0.301
0.851,0.84,0.523,0.007,0.849
0.863,0.792,0.627,0.091,0.556
0.863,0.877,0.504,0.054,0.642
0.818,0.767,0.589,0.259,0.398
0.786,0.722,0.559,0.135,0.36
0.852,0.69,0.611,0.182,0.289
0.848,0.873,0.612,0.026,0.756
0.827,0.85,0.514,0.054,0.648
0.855,0.776,0.601,0.153,0.593
0.864,0.811,0.665,0.162,0.577
0.935,0.789,0.702,0.333,0.242
0.593,0.583,0.359,0.039,0.377
0.401,0.398,0.252,0.099,0.264
0.58,0.641,0.342,0.07,0.322
0.795,0.812,0.532,0.079,0.601
0.732,0.692,0.488,0.078,0.449
0.575,0.593,0.396,0.112,0.476
0.802,0.739,0.64,0.142,0.404
0.811,0.747,0.619,0.231,0.345
0.8,0.742,0.468,0.042,0.416
0.732,0.795,0.458,0.098,0.452
0.409,0.491,0.204,0.08,0.386
0.84,0.833,0.629,0.091,0.62
0.748,0.672,0.499,0.196,0.242
0.803,0.769,0.591,0.127,0.557
0.409,0.519,0.262,0.099,0.56
0.606,0.671,0.385,0.093,0.575
0.863,0.725,0.678,0.251,0.221
0.48,0.496,0.283,0.065,0.44
0.628,0.578,0.363,0.085,0.491
0.831,0.767,0.552,0.126,0.633
0.742,0.775,0.507,0.136,0.53
0.846,0.824,0.545,0.069,0.655
0.88,0.921,0.642,0.041,0.521
0.325,0.336,0.146,0.087,0.352
0.469,0.442,0.26,0.044,0.535
0.43,0.45,0.235,0.082,0.508
0.371,0.364,0.24,0.099,0.167
0.424,0.459,0.263,0.093,0.242
0.822,0.81,0.524,0.062,0.37
0.746,0.662,0.481,0.174,0.276
0.854,0.804,0.642,0.146,0.61
0.656,0.606,0.425,0.121,0.633
0.897,0.721,0.728,1.0,0.458
0.869,0.874,0.648,0.038,0.801
0.82,0.751,0.641,0.128,0.378
0.759,0.749,0.538,0.109,0.535
0.988,0.964,0.529,0.029,0.792
0.583,0.688,0.405,0.084,0.456
0.862,0.681,0.715,0.292,0.304
0.661,0.63,0.44,0.166,0.437
0.897,0.914,0.734,0.051,0.709
0.84,0.698,0.697,0.286,0.367
0.249,0.264,0.13,0.098,0.383
0.595,0.634,0.403,0.122,0.467
0.89,0.798,0.688,0.146,0.452
0.339,0.345,0.102,0.039,0.479
0.547,0.497,0.324,0.17,0.402
0.387,0.319,0.201,0.1,0.398
0.751,0.71,0.409,0.037,0.339
0.31,0.308,0.115,0.038,0.373
0.918,0.871,0.645,0.05,0.67
0.734,0.776,0.51,0.109,0.569
0.681,0.718,0.455,0.055,0.608
0.796,0.877,0.455,0.014,0.88
0.584,0.574,0.359,0.104,0.349
0.823,0.795,0.635,0.124,0.432
0.5,0.438,0.305,0.235,0.343
0.675,0.661,0.447,0.087,0.622
0.646,0.637,0.454,0.322,0.449
0.822,0.718,0.659,0.208,0.268
0.837,0.835,0.577,0.083,0.633
0.838,0.769,0.551,0.137,0.652
0.588,0.621,0.386,0.092,0.461
0.843,0.842,0.662,0.005,0.577
0.296,0.362,0.104,0.054,0.559
0.94,0.963,0.475,0.042,0.846
0.855,0.707,0.676,0.223,0.361
0.827,0.714,0.676,0.253,0.224
0.5,0.465,0.236,0.086,0.462
0.658,0.687,0.411,0.069,0.402
0.5,0.526,0.267,0.083,0.495
0.866,0.86,0.553,0.053,0.652
0.41,0.449,0.21,0.06,0.432
0.499,0.481,0.279,0.108,0.331
0.834,0.771,0.517,0.191,0.471
0.527,0.522,0.325,0.059,0.521
0.494,0.515,0.28,0.145,0.536
0.933,0.819,0.733,0.036,0.601
0.965,0.94,0.525,0.087,0.572
0.804,0.759,0.594,0.169,0.518
0.54,0.543,0.324,0.037,0.489
0.821,0.715,0.665,0.428,0.312
0.82,0.814,0.591,0.186,0.691
0.865,0.773,0.689,0.094,0.453
0.664,0.57,0.451,0.211,0.313
0.772,0.719,0.568,0.176,0.399
0.863,0.856,0.58,0.085,0.652
0.498,0.558,0.251,0.095,0.55
0.565,0.602,0.282,0.033,0.565
0.884,0.87,0.702,0.079,0.581
0.853,0.882,0.607,0.022,0.815
0.817,0.697,0.614,0.164,0.167
0.639,0.664,0.405,0.065,0.444
0.641,0.579,0.366,0.046,0.417
0.85,0.851,0.531,0.051,0.756
0.86,0.834,0.636,0.122,0.625
0.802,0.692,0.637,0.0,0.27
0.413,0.345,0.238,0.21,0.258
0.91,0.775,0.761,0.149,0.476
0.892,0.826,0.694,0.147,0.498
0.847,0.792,0.578,0.152,0.509
0.519,0.535,0.297,0.081,0.542
0.817,0.76,0.623,0.278,0.458
0.863,0.78,0.705,0.118,0.377
0.705,0.71,0.414,0.135,0.559
0.908,0.829,0.601,0.094,0.73
0.586,0.611,0.355,0.099,0.489
0.859,0.835,0.589,0.053,0.783
0.466,0.51,0.27,0.088,0.426
0.467,0.458,0.285,0.119,0.538
0.55,0.547,0.328,0.039,0.505
0.813,0.819,0.497,0.016,0.575
0.895,0.865,0.671,0.068,0.735
0.931,0.767,0.746,0.05,0.583
0.477,0.481,0.282,0.193,0.307
0.726,0.669,0.492,0.114,0.316
0.81,0.715,0.555,0.091,0.649
0.52,0.525,0.281,0.084,0.383
0.778,0.779,0.612,0.083,0.565
0.507,0.527,0.258,0.133,0.498
0.914,0.807,0.671,0.044,0.675
0.077,0.153,0.021,0.056,0.488
0.847,0.796,0.641,0.164,0.623
0.38,0.296,0.157,0.11,0.3
0.485,0.529,0.237,0.065,0.553
0.597,0.67,0.416,0.185,0.601
0.7,0.714,0.508,0.153,0.404
0.928,0.763,0.727,0.048,0.679
0.595,0.494,0.373,0.369,0.437
0.128,0.276,0.047,0.017,0.736
0.846,0.854,0.517,0.017,0.345
0.885,0.908,0.485,0.05,0.875
0.762,0.739,0.471,0.152,0.604
0.659,0.609,0.34,0.063,0.498
0.796,0.754,0.605,0.127,0.565
0.7,0.636,1.0,0.049,0.521
0.55,0.523,0.33,0.099,0.386
0.836,0.821,0.568,0.153,0.7
0.4,0.318,0.213,0.078,0.288
0.39,0.484,0.203,0.102,0.404
0.781,0.831,0.523,0.104,0.523
0.895,0.818,0.672,0.061,0.666
0.321,0.323,0.132,0.045,0.389
0.68,0.681,0.479,0.225,0.242
0.365,0.428,0.197,0.135,0.532
0.444,0.491,0.268,0.209,0.5
0.789,0.76,0.549,0.112,0.529
0.632,0.619,0.375,0.064,0.575
0.646,0.709,0.524,0.113,0.389
0.463,0.526,0.269,0.128,0.377
0.197,0.265,0.096,0.094,0.28
0.923,0.951,0.447,0.026,0.687
0.807,0.767,0.652,0.16,0.396
0.928,0.78,0.799,0.142,0.505
0.832,0.829,0.476,0.066,0.551
0.57,0.579,0.323,0.02,0.589
0.512,0.484,0.296,0.053,0.532
0.553,0.664,0.337,0.072,0.583
0.675,0.587,0.368,0.104,0.313
0.938,0.919,0.724,0.067,0.633
0.898,0.839,0.65,0.095,0.676
0.492,0.55,0.31,0.108,0.446
0.802,0.752,0.616,0.173,0.506
0.871,0.695,0.685,0.468,0.214
0.677,0.634,0.361,0.043,0.447
0.556,0.494,0.313,0.058,0.44
0.65,0.828,0.359,0.053,0.627
0.88,0.788,0.704,0.048,0.37
0.6,0.625,0.369,0.089,0.462
0.81,0.772,0.625,0.188,0.444
0.361,0.399,0.192,0.026,0.318
0.397,0.304,0.17,0.07,0.306
0.938,0.873,0.445,0.007,0.541
0.31,0.386,0.16,0.07,0.336
0.663,0.668,0.421,0.16,0.416
0.85,0.811,0.632,0.153,0.678
0.875,0.818,0.663,0.072,0.711
0.806,0.749,0.664,0.33,0.361
0.839,0.764,0.647,0.145,0.446
0.858,0.745,0.686,0.203,0.423
0.892,0.756,0.715,0.189,0.282
0.734,0.836,0.571,0.089,0.657
0.571,0.617,0.356,0.058,0.614
0.563,0.49,0.37,0.19,0.358
0.366,0.355,0.108,0.048,0.435
0.669,0.679,0.494,0.293,0.44
0.884,0.688,0.726,0.262,0.28
0.7,0.684,0.526,0.045,0.267
0.592,0.583,0.324,0.019,0.45
0.858,0.731,0.68,0.217,0.235
0.873,0.804,0.649,0.214,0.505
0.242,0.223,0.016,0.046,0.148
0.027,0.024,0.006,0.094,0.261
0.664,0.592,0.419,0.131,0.645
0.33,0.337,0.104,0.038,0.456
0.387,0.464,0.218,0.116,0.387
0.846,0.821,0.618,0.109,0.575
0.286,0.457,0.141,0.041,0.476
0.349,0.431,0.19,0.139,0.583
0.472,0.459,0.279,0.135,0.31
0.869,0.836,0.705,0.052,0.646
0.721,0.743,0.506,0.167,0.321
0.208,0.288,0.134,0.139,0.386
0.504,0.444,0.307,0.138,0.387
0.834,0.784,0.548,0.081,0.664
0.556,0.542,0.324,0.024,0.492
0.62,0.55,0.346,0.064,0.459
0.838,0.724,0.659,0.149,0.285
0.648,0.665,0.376,0.074,0.423
0.821,0.752,0.65,0.181,0.393
0.644,0.688,0.363,0.053,0.434
0.444,0.441,0.247,0.089,0.408
0.939,0.883,0.702,0.033,0.529
0.843,0.777,0.669,0.081,0.461
0.758,0.715,0.552,0.121,0.443
0.814,0.744,0.536,0.167,0.548
0.19,0.177,0.097,0.055,0.224
0.608,0.643,0.397,0.154,0.5
0.586,0.599,0.401,0.061,0.334
0.841,0.771,0.638,0.182,0.613
0.743,0.776,0.549,0.127,0.495
0.575,0.571,0.378,0.077,0.39
0.473,0.578,0.262,0.105,0.52
0.827,0.806,0.569,0.104,0.642
0.694,0.669,0.499,0.069,0.589
0.243,0.233,0.051,0.062,0.172
0.262,0.452,0.125,0.039,0.533
0.735,0.805,0.554,0.109,0.56
0.893,0.851,0.664,0.05,0.767
0.861,0.851,0.613,0.096,0.404
0.602,0.621,0.441,0.125,0.377
0.857,0.846,0.667,0.091,0.724
0.86,0.762,0.692,0.205,0.292
0.125,0.234,0.049,0.019,0.584
0.895,0.805,0.682,0.132,0.639
0.85,0.87,0.516,0.038,0.59
0.792,0.749,0.568,0.228,0.449
0.512,0.523,0.29,0.076,0.458
0.789,0.755,0.568,0.176,0.325
0.904,0.865,0.557,0.087,0.753
0.755,0.778,0.571,0.205,0.5
0.869,0.783,0.695,0.184,0.267
0.194,0.257,0.098,0.074,0.286
0.813,0.781,0.614,0.121,0.426
0.287,0.437,0.16,0.057,0.574
0.237,0.465,0.075,0.063,0.544
0.58,0.667,0.36,0.047,0.578
0.65,0.653,0.506,0.235,0.446
0.585,0.71,0.393,0.189,0.547
0.193,0.375,0.064,0.032,0.673
0.911,0.812,0.704,0.063,0.602
0.565,0.562,0.325,0.066,0.538
0.861,0.813,0.635,0.164,0.571
0.808,0.74,0.632,0.222,0.551
0.835,0.789,0.664,0.234,0.489
0.803,0.746,0.61,0.156,0.441
0.632,0.578,0.327,0.099,0.449
0.893,0.883,0.605,0.033,0.685
0.88,0.734,0.695,0.223,0.512
0.718,0.699,0.434,0.109,0.431
0.339,0.374,0.152,0.06,0.303
0.661,0.678,0.441,0.131,0.488
0.684,0.714,0.438,0.068,0.592
0.368,0.309,0.169,0.082,0.41
0.909,0.857,0.657,0.07,0.639
0.798,0.735,0.602,0.126,0.423
0.879,0.849,0.679,0.288,0.789
0.512,0.536,0.251,0.159,0.422
0.21,0.301,0.09,0.019,0.509
0.839,0.753,0.644,0.271,0.426
0.69,0.689,0.484,0.149,0.622
0.808,0.895,0.551,0.141,0.505
0.877,0.896,0.665,0.018,0.693
0.78,0.769,0.585,0.187,0.509
0.805,0.752,0.61,0.181,0.378
0.679,0.642,0.448,0.153,0.441
0.48,0.546,0.248,0.053,0.551
0.684,0.612,0.485,0.201,0.37
0.783,0.744,0.613,0.105,0.423
0.66,0.671,0.424,0.095,0.477
0.85,0.822,0.642,0.107,0.602
0.544,0.571,0.393,0.397,0.446
0.47,0.451,0.225,0.081,0.411
0.893,0.871,0.61,0.098,0.652
0.864,0.807,0.598,0.128,0.658
0.558,0.503,0.369,0.1,0.447
0.79,0.743,0.586,0.159,0.411
0.304,0.476,0.138,0.039,0.416
0.604,0.64,0.418,0.18,0.349
0.513,0.483,0.249,0.114,0.483
0.572,0.492,0.371,0.099,0.407
0.621,0.576,0.303,0.057,0.47
0.874,0.818,0.679,0.183,0.509
0.597,0.682,0.454,0.064,0.533
0.155,0.211,0.083,0.084,0.352
0.867,0.918,0.589,0.0,0.854
0.844,0.836,0.475,0.056,0.532
0.758,0.733,0.509,0.125,0.559
0.607,0.692,0.418,0.178,0.479
0.828,0.807,0.564,0.086,0.642
0.873,0.82,0.702,0.112,0.702
0.801,0.765,0.607,0.074,0.456
0.8,0.751,0.597,0.157,0.553
0.855,0.77,0.671,0.193,0.303
0.785,0.715,0.59,0.133,0.408
0.562,0.555,0.328,0.066,0.432
0.511,0.488,0.297,0.064,0.47
0.843,0.85,0.465,0.054,0.648
0.89,0.753,0.718,0.14,0.369
0.469,0.508,0.322,0.165,0.41
0.505,0.521,0.275,0.101,0.328
0.826,0.79,0.603,0.059,0.503
0.837,0.805,0.581,0.086,0.628
0.619,0.651,0.42,0.132,0.447
0.791,0.745,0.545,0.1,0.465
0.884,0.826,0.709,0.116,0.756
0.745,0.832,0.552,0.082,0.645
0.36,0.335,0.166,0.043,0.322
0.91,0.843,0.721,0.064,0.623
0.682,0.621,0.374,0.111,0.434
0.831,0.77,0.71,0.085,0.366
0.492,0.513,0.291,0.204,0.392
0.456,0.483,0.278,0.082,0.203
0.246,0.477,0.136,0.057,0.518
0.481,0.5,0.283,0.188,0.367
0.62,0.668,0.406,0.042,0.652
0.823,0.792,0.596,0.092,0.551
0.812,0.802,0.57,0.12,0.617
0.818,0.762,0.625,0.158,0.486
0.401,0.458,0.231,0.076,0.328
0.733,0.765,0.468,0.183,0.426
0.732,0.639,0.49,0.216,0.291
0.802,0.743,0.595,0.139,0.512
0.473,0.495,0.295,0.112,0.467
0.878,0.795,0.694,0.103,0.369
0.646,0.639,0.487,0.304,0.361
0.848,0.811,0.627,0.129,0.598
0.657,0.72,0.422,0.058,0.492
0.878,0.819,0.704,0.165,0.712
0.811,0.764,0.612,0.131,0.611
0.376,0.36,0.239,0.202,0.342
0.423,0.42,0.21,0.107,0.261
0.489,0.52,0.282,0.154,0.339
0.547,0.572,0.4,0.229,0.542
0.632,0.626,0.388,0.134,0.419
0.881,0.797,0.681,0.134,0.693
0.61,0.648,0.386,0.11,0.545
0.491,0.527,0.287,0.144,0.377
0.406,0.492,0.185,0.038,0.443
0.804,0.798,0.544,0.082,0.616
0.874,0.861,0.538,0.008,0.506
0.791,0.74,0.552,0.149,0.401
0.73,0.599,0.495,0.119,0.268
0.483,0.447,0.25,0.061,0.44
0.874,0.901,0.653,0.067,0.758
0.737,0.791,0.495,0.055,0.435
0.529,0.533,0.308,0.123,0.5
0.739,0.754,0.495,0.094,0.509
0.756,0.735,0.59,0.239,0.218
0.716,0.695,0.489,0.096,0.491
0.808,0.744,0.623,0.183,0.413
0.584,0.584,0.381,0.061,0.265
0.862,0.804,0.679,0.193,0.44
0.791,0.75,0.605,0.131,0.544
0.412,0.502,0.241,0.104,0.601
0.914,0.931,0.531,0.101,0.669
0.893,0.835,0.653,0.087,0.483
0.443,0.512,0.127,0.061,0.611
0.465,0.587,0.241,0.093,0.526
0.792,0.774,0.583,0.109,0.495
0.851,0.718,0.656,0.213,0.464
0.877,0.782,0.665,0.148,0.596
0.411,0.484,0.245,0.105,0.331
0.365,0.348,0.238,0.198,0.215
0.804,0.75,0.566,0.128,0.482
0.426,0.379,0.19,0.045,0.375
0.551,0.644,0.369,0.026,0.369
0.51,0.487,0.305,0.136,0.282
0.517,0.496,0.287,0.052,0.53
0.708,0.641,0.394,0.05,0.437
0.887,0.79,0.66,0.073,0.53
0.641,0.659,0.415,0.056,0.45
0.745,0.755,0.552,0.246,0.413
0.85,0.877,0.566,0.06,0.575
0.681,0.64,0.42,0.07,0.607
0.848,0.78,0.63,0.16,0.492
0.841,0.82,0.583,0.087,0.643
0.601,0.641,0.406,0.056,0.673
0.617,0.613,0.396,0.145,0.38
0.526,0.46,0.305,0.054,0.396
0.733,0.653,0.483,0.214,0.398
0.601,0.703,0.402,0.098,0.5
0.842,0.771,0.669,0.19,0.511
0.625,0.592,0.403,0.062,0.402
0.764,0.748,0.434,0.036,0.611
0.975,0.958,0.761,0.051,0.515
0.503,0.506,0.335,0.072,0.523
0.578,0.455,0.295,0.177,0.273
0.33,0.308,0.139,0.07,0.307
0.833,0.782,0.588,0.131,0.557
0.82,0.736,0.614,0.159,0.404
0.857,0.786,0.5,0.134,0.639
0.843,0.814,0.509,0.051,0.684
0.852,0.711,0.694,0.363,0.312
0.516,0.468,0.312,0.08,0.408
0.61,0.638,0.366,0.035,0.405
0.86,0.788,0.671,0.227,0.583
0.837,0.779,0.643,0.139,0.459
0.486,0.409,0.282,0.132,0.324
0.31,0.529,0.195,0.047,0.453
0.901,0.892,0.576,0.047,0.78
0.798,0.75,0.612,0.158,0.477
0.829,0.745,0.545,0.105,0.614
0.353,0.482,0.15,0.101,0.389
0.918,0.91,0.585,0.074,0.658
0.706,0.627,0.481,0.151,0.483
0.538,0.508,0.33,0.134,0.309
0.845,0.775,0.626,0.244,0.59
0.855,0.822,0.542,0.119,0.574
0.447,0.457,0.274,0.146,0.285
0.753,0.8,0.561,0.123,0.559
0.571,0.616,0.345,0.051,0.651
0.19,0.235,0.086,0.059,0.489
0.847,0.825,0.65,0.07,0.694
0.813,0.746,0.65,0.171,0.413
0.492,0.505,0.256,0.074,0.464
0.819,0.832,0.537,0.06,0.574
0.489,0.48,0.269,0.12,0.414
0.823,0.72,0.643,0.324,0.292
0.926,0.869,0.734,0.054,0.438
0.443,0.511,0.257,0.156,0.682
0.435,0.391,0.198,0.089,0.322
0.533,0.471,0.36,0.129,0.36
0.837,0.769,0.686,0.148,0.381
0.242,0.307,0.141,0.083,0.373
0.832,0.875,0.726,0.166,0.646
0.334,0.403,0.178,0.053,0.556
0.834,0.846,0.663,0.087,0.58
0.818,0.756,0.622,0.166,0.419
0.817,0.791,0.573,0.169,0.392
0.838,0.732,0.669,0.242,0.304
0.438,0.448,0.258,0.112,0.393
0.812,0.754,0.657,0.243,0.361
0.869,0.836,0.596,0.084,0.69
0.455,0.529,0.212,0.056,0.404
0.258,0.482,0.136,0.015,0.538
0.474,0.518,0.261,0.081,0.357
0.365,0.45,0.183,0.172,0.785
0.699,0.721,0.422,0.092,0.649
0.304,0.467,0.267,0.045,0.389
0.338,0.345,0.116,0.044,0.447
0.877,0.802,0.711,0.094,0.593
0.311,0.495,0.161,0.066,0.52
0.486,0.424,0.291,0.083,0.518
0.594,0.608,0.357,0.062,0.363
0.678,0.586,0.453,0.317,0.465
0.902,0.85,0.653,0.035,0.687
0.508,0.452,0.308,0.145,0.217
0.848,0.815,0.551,0.086,0.694
0.826,0.734,0.654,0.305,0.357
0.755,0.747,0.401,0.115,0.565
0.459,0.481,0.273,0.216,0.393
0.874,0.791,0.642,0.096,0.459
0.264,0.307,0.108,0.078,0.44
0.865,0.862,0.549,0.035,0.718
0.929,0.773,0.774,0.065,0.675
0.825,0.722,0.673,0.348,0.166
0.755,0.716,0.548,0.131,0.395
0.802,0.714,0.593,0.162,0.435
0.92,0.879,0.688,0.117,0.61
0.719,0.653,0.332,0.027,0.458
0.896,0.89,0.629,0.027,0.667
0.875,0.82,0.654,0.111,0.702
0.547,0.514,0.278,0.041,0.61
0.846,0.779,0.647,0.153,0.498
0.845,0.759,0.58,0.101,0.633
0.571,0.607,0.361,0.021,0.476
0.573,0.548,0.298,0.054,0.498
0.206,0.368,0.122,0.027,0.538
0.905,0.889,0.65,0.078,0.67
0.676,0.7,0.485,0.248,0.502
0.597,0.697,0.393,0.09,0.514
0.901,0.839,0.678,0.108,0.589
0.852,0.795,0.622,0.073,0.724
0.867,0.838,0.631,0.091,0.667
0.786,0.754,0.621,0.17,0.45
0.804,0.759,0.615,0.167,0.495
0.896,0.897,0.613,0.0,0.818
0.864,0.773,0.723,0.151,0.518
0.874,0.908,0.765,0.024,0.535
0.372,0.332,0.174,0.002,0.477
0.285,0.281,0.13,0.073,0.247
0.906,0.94,0.511,0.085,0.779
0.845,0.749,0.617,0.118,0.386
0.346,0.399,0.174,0.056,0.562
0.784,0.739,0.533,0.07,0.321
0.865,0.748,0.644,0.344,0.355
0.486,0.467,0.284,0.068,0.53
0.883,0.801,0.645,0.142,0.551
0.413,0.463,0.232,0.093,0.524
0.603,0.735,0.399,0.172,0.53
0.409,0.522,0.179,0.043,0.498
0.585,0.569,0.386,0.151,0.372
0.866,0.828,0.686,0.095,0.477
0.905,0.885,0.698,0.025,0.696
0.282,0.274,0.116,0.089,0.211
0.816,0.8,0.551,0.13,0.55
0.79,0.754,0.559,0.189,0.373
0.791,0.741,0.536,0.224,0.36
0.866,0.696,0.696,0.314,0.25
0.132,0.229,0.048,0.022,0.614
0.865,0.809,0.667,0.104,0.526
0.412,0.392,0.259,0.09,0.22
0.744,0.815,0.553,0.097,0.571
0.843,0.811,0.612,0.03,0.792
0.669,0.555,0.47,0.187,0.2
0.774,0.716,0.588,0.129,0.392
0.735,0.748,0.523,0.105,0.592
0.572,0.58,0.366,0.11,0.378
0.844,0.759,0.662,0.097,0.437
0.68,0.59,0.451,0.276,0.438
0.82,0.835,0.501,0.031,0.462
0.873,0.835,0.769,0.076,0.622
0.478,0.488,0.257,0.142,0.386
0.598,0.574,0.362,0.137,0.452
0.579,0.597,0.345,0.042,0.425
0.736,0.773,0.329,0.018,0.721
0.811,0.734,0.647,0.328,0.333
0.907,0.809,0.708,0.164,0.509
0.657,0.538,0.386,0.106,0.337
0.614,0.641,0.379,0.104,0.459
0.884,0.835,0.688,0.095,0.542
0.914,0.947,0.557,0.021,0.767
0.873,0.865,0.673,0.038,0.794
0.822,0.812,0.531,0.062,0.703
0.84,0.785,0.635,0.197,0.654
0.665,0.635,0.513,0.05,0.482
0.909,0.828,0.703,0.118,0.565
0.664,0.689,0.424,0.089,0.509
0.415,0.446,0.213,0.056,0.405
0.566,0.561,0.343,0.075,0.364
0.56,0.531,0.249,0.018,0.495
0.79,0.721,0.434,0.14,0.634
0.532,0.472,0.279,0.031,0.605
0.902,0.813,0.709,0.097,0.495
0.919,0.823,0.703,0.067,0.542
0.764,0.744,0.457,0.041,0.602
0.691,0.871,0.356,0.03,0.657
0.793,0.784,0.526,0.128,0.459
0.823,0.758,0.684,0.181,0.45
0.657,0.68,0.349,0.045,0.358
0.584,0.623,0.416,0.182,0.474
0.626,0.614,0.322,0.094,0.515
0.677,0.678,0.408,0.084,0.435
0.914,0.914,0.707,0.018,0.666
0.824,0.769,0.558,0.166,0.63
0.364,0.306,0.183,0.107,0.405
0.942,0.856,0.618,0.071,0.694
0.689,0.876,0.354,0.042,0.72
0.579,0.501,0.369,0.105,0.328
0.43,0.396,0.236,0.055,0.218
0.867,0.889,0.634,0.009,0.756
0.552,0.487,0.323,0.21,0.334
0.786,0.732,0.608,0.167,0.294
0.819,0.805,0.584,0.01,0.464
0.678,0.702,0.439,0.083,0.562
0.547,0.476,0.35,0.189,0.392
0.665,0.708,0.548,0.071,0.449
0.784,0.742,0.568,0.156,0.509
0.857,0.717,0.691,0.317,0.203
0.618,0.556,0.308,0.063,0.432
0.835,0.708,0.666,0.434,0.288
0.481,0.442,0.284,0.131,0.268
0.45,0.409,0.224,0.067,0.416
0.543,0.512,0.315,0.168,0.355
0.781,0.681,0.542,0.13,0.506
0.389,0.301,0.161,0.102,0.346
0.8,0.793,0.502,0.099,0.489
0.692,0.613,0.381,0.066,0.381
0.694,0.713,0.424,0.065,0.529
0.34,0.445,0.187,0.059,0.425
0.139,0.188,0.051,0.037,0.485
0.865,0.724,0.697,0.272,0.343
